Exp_A,Exp_B,Exp_C
0.8088461568912582,0.8088592599866793,0.7848844600486082
0.8109022975223619,0.8104576625046542,0.761072404000994
0.7736953198486668,0.7739306986658581,0.7197959207844148
0.7855163492668144,0.7851144400166393,0.7568202839838976
0.7801861316416181,0.7790889882177048,0.7458609633994316
0.808375480675776,0.8077113146473408,0.7775178434525107
0.7935350112326927,0.7941523821900107,0.7705271056276485
0.7722041432840101,0.7744736154100725,0.7278158349179219
0.7480260413793186,0.7487086904148434,0.7239932124766536
0.824236141719125,0.8244548258849942,0.7840829950755996
0.7990103709146261,0.7966973751906594,0.7549551164370185
0.8306837076637412,0.8308856014858965,0.7979161615356208
0.8201973964181715,0.818674680241535,0.8030885267725238
0.8428975375865397,0.8424795992507221,0.8124294074882379
0.6550157633303452,0.6540522501302909,0.6806949387176713
0.7783139041513419,0.7765152752444261,0.7679320843338828
0.7888761344825725,0.7889366399212342,0.780047862159565
0.8118527303091604,0.8126787658662843,0.7669560774913526
0.7684773837053797,0.7689351022741023,0.7015275406956494
0.8148134129999101,0.8142507101559816,0.7968079361711367
0.803550227260402,0.8027938492581909,0.7803152217242001
0.8455780254948195,0.8464150928871688,0.7970530979954016
0.7968699161607615,0.7954082507208186,0.7530257594894005
0.7944433001552745,0.7934641896229377,0.7709712002155484
0.7992672223673565,0.7988658874759671,0.7862016496103111
0.7895454424475248,0.7882268864414304,0.7746983714742234
0.7780307763587702,0.7775948793756273,0.7436358473480534
0.7513014601390513,0.7550038556522464,0.7283677386834304
0.7694993753678893,0.7696558316142235,0.7441676908350834
0.7494544128377295,0.746726314405692,0.6999870478963384
0.834194070814193,0.8347060101401713,0.8158330765886429
0.7343587609578277,0.7326688128216394,0.7191954627851149
0.7359508822108145,0.735968488242692,0.7014958437793875
0.7612620817602747,0.7604687024744211,0.7450014468123086
0.7976783831332216,0.7985479131753918,0.7713708187075466
0.8338199233392576,0.8348377320820082,0.811417974186883
0.8187757369858687,0.8203686650570431,0.8113393047800697
0.8107353758281787,0.8105322746974777,0.7719581359366292
0.7183758031051699,0.7203097492663442,0.692234200583068
0.824664573947926,0.8241259869530251,0.7972036971814116
0.8211314925272701,0.8203236323877281,0.804024826071426
0.7700498471043598,0.7705557569111801,0.7542316120333444
0.7766306834993206,0.7773190543128059,0.738458540318355
0.8528529594768828,0.8522808441054601,0.8085166317419143
0.8372520400343321,0.8375517021051088,0.8178120538197395
0.7637336722827872,0.7635874794434181,0.7376853888232209
0.8689491608269209,0.8678913521463126,0.8436889207433876
0.8656923680541287,0.8657653607332455,0.8015947714096521
0.7939594604309494,0.7927457248154218,0.7617142015910576
0.8133297008611335,0.8132274598711065,0.8136427749251174
0.8311343663795313,0.8294234328564737,0.8081227228200374
0.8119028276301294,0.8130273335419361,0.7737588047720299
0.8378962883656574,0.8358047770537211,0.8129868985549576
0.8484306394741726,0.8484588527747312,0.8562181800233728
0.8157353823370166,0.8136450782911507,0.7876536772052553
0.7999516506434367,0.7983949446861013,0.7826432627144528
0.8506482263462387,0.8513673905242953,0.8353323276662146
0.7850279376564347,0.7864594085122605,0.7531084641964327
0.8061954002642315,0.8054960577682546,0.774452248500787
0.8499685364684281,0.849773536856893,0.8299202392792626
0.818956666355662,0.8188358584968568,0.7824385212985422
0.7915692405937387,0.7906214360070547,0.7447429431812154
0.7737217884946815,0.7725984465643603,0.7606702723873398
0.7454389373258453,0.7427243654911256,0.7070773084102144
0.8441101832955424,0.843580854551238,0.8267437318827304
0.7956476103423908,0.795001472150162,0.7584917888968159
0.7880867126492912,0.7875780167446664,0.7534472265347819
0.8079005404575602,0.8080112673173947,0.7833771625119946
0.8134157027639038,0.8124319974176878,0.767553137421361
0.7871553396761785,0.7910386784155748,0.7645745939117363
0.773962243214754,0.776348502436516,0.7494770020609896
0.8106371913388146,0.8109052474460243,0.7640227937195091
0.8532838888391098,0.8530306475274456,0.8133277156148813
0.8384323828093649,0.8383973718208357,0.8241991372402951
0.8216581714511961,0.8202724990874743,0.8006629505387828
0.849574246999942,0.8493919362461516,0.8133700364533808
0.8291720386524596,0.8300807737243286,0.8166193845477253
0.8740972016931282,0.8730075521620101,0.8525585008581282
0.6716661349288282,0.6679154191652703,0.6846158815029134
0.7692717497728514,0.7682468329299781,0.7571088665142401
0.767850897540658,0.7653006121226289,0.7715686389930305
0.8272710482970291,0.827896342217775,0.7768103815847904
0.8343641323447168,0.8357668021899319,0.8301111404764667
0.7831157079128327,0.7835598853481218,0.774947017375152
0.8487731574120231,0.8467760667759774,0.8229683139742896
0.8133844532135377,0.8137608593820089,0.7783348729205039
0.7605250643977071,0.7601455926054712,0.7215269656150789
0.8141844670348002,0.8139670723860897,0.812882368514941
0.8204973357822773,0.820936254196071,0.7750459680726084
0.7980309327744056,0.7976194177811439,0.775992290183472
0.8683406638568163,0.867348163331785,0.845154825868565
0.7830883943476414,0.778785196395677,0.7334973812037597
0.7970598425334199,0.7964931473985721,0.760630399111494
0.767858647427242,0.7682649861981361,0.7522436743514764
0.803525617763768,0.8038576075714002,0.8101111430521641
0.7906759838369632,0.7875877249495559,0.7719839936847368
0.8077446794347157,0.8051010834007402,0.7818599636110194
0.7958837816959617,0.7939745335320216,0.7424928304450757
0.7923330019682839,0.7921416457360512,0.7734155645179935
0.8305292462591103,0.8303618737118388,0.817978474260808
0.8455705275470726,0.8451453972295954,0.8167878435791222
0.7833795843708311,0.7800050613405027,0.7878753943106951
0.8339407960357669,0.8327616199893697,0.807023865083133
0.7792356219359048,0.7795907400698697,0.7162536140957042
0.808763776206523,0.8067521492128166,0.7880146999718628
0.7457374993471796,0.7475481819601822,0.6883875748041859
0.805378450372194,0.8027145965855842,0.7741629310651519
0.8179743017106804,0.8175150038252201,0.7858082362757532
0.8376924409262259,0.8369737996179045,0.8079728543007972
0.8188279136585115,0.8198509786039995,0.770266583080407
0.8034084192725662,0.802044322083516,0.746302838811673
0.7921331427497968,0.7917202469191271,0.7574158276321097
0.8371511702517846,0.8349596675590628,0.7931472000056892
0.8479159716490834,0.8463396125142486,0.8057288461542285
0.7803354246736695,0.7808744482343996,0.7569512399973657
0.8595240839263408,0.8599647142138369,0.8647951180082736
0.7894407361958007,0.7904624080110041,0.7669167333874112
0.7598479454470597,0.7590861655258125,0.7316605274182555
0.8320309051395247,0.8318500918603815,0.8097723716542293
0.8097774439409837,0.8107245444861491,0.791099795605272
0.8575152005710494,0.8562192222980843,0.8434453812842723
0.7827334490088556,0.7820793274077754,0.7711548929164074
0.8015237789367703,0.8017724376905101,0.7477862618172372
0.8453430197131605,0.8466881893912055,0.8119606374216034
0.8345938335317924,0.8331464554739637,0.7993570244036634
0.7940847119156336,0.7901582103253142,0.7391345543187445
0.7820103947870594,0.7812929326231213,0.7351690779405877
0.784047445993598,0.7839082101712735,0.7741039701488422
0.8120633143188796,0.8105471237923846,0.7945793069948734
0.8519724066743465,0.8513653279768525,0.8315219914936222
0.7227621661789276,0.7241935383727984,0.710535270071063
0.7815705183788576,0.7813190959429107,0.7386014374646613
0.8374683029355434,0.8389590692599093,0.8261166460637445
0.7265240899487229,0.7268489136649802,0.6980847103958201
0.7590178589443805,0.7598054921665607,0.6887556895057474
0.8630389867927575,0.8618786532131086,0.8482409810967697
0.7945933697140641,0.7945771445385208,0.7415515988318914
0.7674434949799014,0.7664071605120888,0.7585409564014887
0.8397149853106611,0.8376186580191535,0.8107512643025631
0.8242195532978531,0.8231924398227215,0.7958450398119062
0.7868643487593998,0.7864874990581728,0.768245420239597
0.802758984082594,0.8005861337502277,0.7697396336088426
0.8036567155578053,0.8037638658189967,0.7909058841379781
0.8436627546018317,0.8445305898372769,0.806081551775622
0.8295669880164817,0.827904202627222,0.7949036931256358
0.802333978770667,0.802451872175004,0.7550341501870335
0.7826531620702112,0.7809222467401041,0.7605953063019626
0.750031693337752,0.7502924007509837,0.7382848958066178
0.8184918969466097,0.8195530019091792,0.7834210174689763
0.8239266345006165,0.8229561315196556,0.8011196812334697
0.8534392450918544,0.8550008288879968,0.8428949212279216
0.8370201167132806,0.8372099564889024,0.8035118892867875
0.8341408747483954,0.832604398578713,0.8086858026649207
0.7965479964207932,0.7970810218232127,0.746277844328062
0.8600038789011969,0.8596040307236927,0.803758683678842
0.8144639472257147,0.8153944429287594,0.7861346231081208
0.8542515307258327,0.8528587343537548,0.8229567632315333
0.8547180110048603,0.8555852775309791,0.8385735214736453
0.825054666699216,0.8263973089738941,0.7996526764882408
0.7039399450491024,0.7066480770556569,0.6811113943671845
0.7809643930351612,0.779700395309522,0.7390287854724602
0.8485888688467533,0.8477308723959683,0.8291265648531191
0.7822204171390286,0.7846156767495807,0.7699586440517607
0.8611891070326422,0.8595715477268785,0.8355156574116819
0.7590396050450698,0.7622425562834749,0.7365056606434649
0.8128256690527297,0.8133779258914501,0.7617401564166482
0.8291942837124853,0.8278147276867301,0.7626737771303128
0.8340480896413307,0.8334054601110019,0.7982838200502047
0.6818112277070552,0.6806291331823029,0.6987470528524475
0.8434293035670775,0.8447923209559043,0.8333018894939365
0.7967244079729305,0.7977805332255501,0.7718833009003007
0.8115170330092704,0.8112524225524934,0.7785179369725357
0.7203966803531147,0.7197877964377526,0.6815019199844036
0.8600120396320319,0.8601084827557786,0.8123385072999671
0.8224917319837839,0.82264537550162,0.7800196416088511
0.8004192179041024,0.8005369461962707,0.7586508093341899
0.8237096399044656,0.8234130251421281,0.7912141735141198
0.8544885074158737,0.8534437733582846,0.8212756547812006
0.7880280168028669,0.7870024434426298,0.775646038952577
0.823264944859271,0.8243578733391725,0.7918069048233543
0.8238521089769966,0.8247770034054935,0.8064551398267586
0.7397299538468031,0.7377891984568046,0.6911541532534067
0.7740682498463629,0.7757365144796549,0.7264076536864148
0.7822044423337041,0.7820386256575951,0.7938844664390146
0.8371685646781258,0.8365182170991927,0.8146113131102442
0.7830273257950646,0.7828780534613654,0.7679655035605395
0.8360370770626958,0.8356934863279603,0.8143358880507834
0.7388225401970308,0.7379307426266322,0.7139980600431681
0.8181144145568087,0.8169854296930772,0.7837393493578045
0.6943524017940124,0.6959169595463893,0.6876559050877462
0.8353583350112118,0.835418043291606,0.8119844398083425
0.8339614348842048,0.8329831937648745,0.8093522942282486
0.7603670024896209,0.7580084280772825,0.7095865037107894
0.7757520703957547,0.7764514830457135,0.7061997085176244
0.8623464094092372,0.8610014201921986,0.837081888592742
0.8361143907039691,0.8374953625937016,0.8341847652352877
0.7981395725300553,0.7988263226835949,0.772467856715794
0.7127469578765571,0.7098486688559942,0.6793795731261817
0.7734467090736307,0.7709757059477707,0.7336121609062427
0.7629062891893292,0.7633932358001415,0.7366520769049751
0.8310028035024801,0.8314397145050353,0.7823653916943075
0.8458317033249912,0.846299752769545,0.8316299880044176
0.7593684477256518,0.7622936826607357,0.6960031070136725
0.7956092296855155,0.794054958128285,0.7735502191114458
0.8343441178882753,0.8352928213151015,0.7863245156924089
0.8662307828829932,0.8651962536705251,0.8261651042313038
0.8254596107607378,0.8243759166572706,0.8131658970787683
0.8625181431902254,0.861426329228596,0.817283125865786
0.8017647692756171,0.8057370052254391,0.7876620854794671
0.7912689878212504,0.7912350162655052,0.7774588655143533
0.8057877842323174,0.8030730320826852,0.7894070139973844
0.8077881588005024,0.8090019153981908,0.7595483955737312
0.7821215525155346,0.7822388519528485,0.7410162179846855
0.8517489120997294,0.8485106492006539,0.813102491748806
0.8355228473821761,0.8359749368897014,0.7973945052022816
0.7820253081217683,0.7800870071986113,0.7561480615704923
0.8245997073393392,0.8262513031157551,0.8047630863169213
0.772186410546688,0.7727534609803426,0.7528573813315642
0.8059915483933973,0.8055890545676092,0.7813191175190625
0.7949240885882352,0.7934044000298082,0.7435823976016794
0.871668650142496,0.8715673393554865,0.8312230504561218
0.843830245001538,0.8435577231230511,0.8231536446903113
0.8557500566610754,0.8559356185796972,0.834483877759294
0.7903913152087656,0.7900666291092777,0.7469786281619026
0.8411897298433332,0.8407061424194379,0.8241658247096605
0.8035440758642122,0.8043238419779438,0.7918426483667715
0.6980407589629366,0.6995748754276185,0.6523087688993682
0.7538072499868127,0.7552615142649108,0.7064050797971779
0.7975545701772903,0.7974311907748605,0.750343366315474
0.8614979261924801,0.8594140594956462,0.8087859211419215
0.7849430144732853,0.7835298850334604,0.7336646486485577
0.796147092991708,0.7966160847889222,0.7653389565438542
0.8121147188044522,0.8110562701022518,0.8021689746805467
0.8426780487873317,0.8419625001384534,0.8361119155486296
0.8556786062907712,0.8550412741109715,0.8056360278529409
0.8146860323176384,0.8166304973077387,0.8175001516532191
0.791125376148422,0.7892611546896041,0.781329758301541
0.7714592794648023,0.7737910589786858,0.733411636897594
0.7154861251996164,0.7144552631893948,0.6791933776456783
0.7862789523694522,0.7856393683357245,0.7477392887391366
0.8201727300382851,0.8212333797165265,0.7586085233802441
0.8785357111994038,0.8783173144814185,0.8502355575767939
0.684508055139475,0.681627526860863,0.610560164387311
0.8378176337402133,0.8371354003633236,0.8285420853533555
0.7952738371990458,0.7955803636768678,0.7486010596176726
0.8448476477888415,0.8439984371070394,0.8369445403507796
0.818299669307599,0.8192910689197785,0.7849746635450588
0.7842848173250268,0.7825943901516781,0.727483142562068
0.7974781219561013,0.7957809933177205,0.7324581215443676
0.7412367681889358,0.7432273796268274,0.7105888198724818
0.8526952197843224,0.8536599232835049,0.8462612917523502
0.8081264064552127,0.8059249470865286,0.7875821430338743
0.7789809703262822,0.7784135987549876,0.710091160039471
0.7466532832485739,0.7494564706663889,0.6832015724515481
0.7759094927665646,0.7750846306194594,0.7537591432441082
0.7770495584323864,0.7757034242291917,0.7539856184340179
0.7586033009618043,0.7562379028354542,0.7403709892134314
0.8496330184131957,0.8508200019443625,0.8295335520743365
0.7930187433002935,0.7926881463642925,0.7900583686856402
0.6989905745436655,0.6969194881027331,0.6957097556405791
0.7930863708695861,0.7946438872164451,0.7567445616068499
0.7792240503332557,0.7758750700853423,0.7546419196681424
0.8285890781470798,0.8281616690404744,0.7780959247627786
0.8215367592275484,0.821533667594291,0.8027224664424214
0.814674689278275,0.8150335529570457,0.8042672605309891
0.7960748517773111,0.7965272905397476,0.7859799174758438
0.8213966218121767,0.8220456834231583,0.803250875696614
0.8069561019468395,0.8061375647853279,0.7835351445132537
0.8284485090023076,0.828281802333872,0.7744292573156326
0.855914864558369,0.8540657318657086,0.807574714421821
0.8623318392136724,0.8640700007228692,0.8281755415570302
0.826177761987827,0.8252840497655217,0.7862358826367283
0.8298309491294859,0.8290946658368277,0.8322373028400388
0.7385522621371002,0.7391803860024835,0.7507672499308207
0.7982865146930951,0.7985242367017465,0.7541437519764815
0.8319593347579022,0.8334903795780442,0.8000885474727757
0.7429111103537832,0.7436901481156928,0.7447789950584053
0.7779340804320696,0.7787295895381464,0.7381056990229123
0.7713121135269698,0.7700037449166205,0.7726653983992142
0.875062385782167,0.8747366024250566,0.8370303242850577
0.7900374228949345,0.7892997496071203,0.7261032966692813
0.7443284149244199,0.7446244918340146,0.7231637127657561
0.8069058014298565,0.8074350834111439,0.807472975385213
0.7586877307610522,0.7583151777231737,0.7055293123505234
0.7705286664153658,0.7703720100860633,0.7518864634014882
0.8421554576004586,0.8415863140147237,0.8083814240209763
0.7284627413100613,0.7285201221136277,0.7054907707934515
0.8222793065048282,0.8226440535120199,0.7868765568396792
0.688959918609925,0.6889737049461332,0.6518035310659259
0.7852887372224624,0.7875761176695849,0.7895863768367396
0.7653651332486497,0.7648438678367191,0.7429199102489015
0.8538664280270472,0.8541429331480002,0.8454420508199889
0.7848071000124243,0.7860208068338697,0.7488624547826706
0.784511721979299,0.7842807348902654,0.7547181803457804
0.7891974090615632,0.7882676846097676,0.7403932916607974
0.7818176759577021,0.7817725408597904,0.7326994250461234
0.8558560136076491,0.8549512320930074,0.7957822553760228
0.7977630788096055,0.799330085312387,0.7696574077895677
0.8738084522350733,0.8737587163511679,0.8682138145153888
0.8123454406274337,0.8101353976720329,0.8058756537698325
0.830280060672812,0.8298997050489033,0.8078316361528568
0.7856745975964188,0.7855715336986298,0.7407609127931779
0.8390562077188533,0.8396965279131647,0.8171528789475966
0.8186485398261519,0.8176095525764202,0.8059856814129966
0.8065247591964292,0.8063003014117797,0.7901625472172608
0.7589035207810043,0.7601704704801158,0.6882060502029596
0.8388606525299234,0.8379215772865857,0.7771771985885947
0.8288657275257597,0.828096890640311,0.8055776973607247
0.797355780334953,0.7957586372976904,0.7832694819479342
0.7905580650299915,0.7892926348397509,0.8241192879511673
0.810874634421751,0.8103269750955315,0.7860875890850223
0.7910661614844116,0.7902080052666822,0.800498837199774
0.8493209354920034,0.8492070878826293,0.816676059549825
0.8183462545296332,0.8217493685888507,0.7800019508884695
0.8012945635217897,0.8000127728661812,0.7721977384344593
0.786060106176561,0.7862083095547,0.7712829022895186
0.7836149011163285,0.7826366760917585,0.767794968413184
0.7487585779158072,0.7477185048682833,0.7004097301593468
0.8464754556144835,0.8471110025861177,0.8176548541983327
0.7598117672050437,0.7602415718841247,0.7149471515671898
0.774731464438486,0.7726690403707843,0.7529624902892047
0.8312220312449999,0.8301868118537223,0.7886417653969156
0.8699262443879815,0.8697084233665342,0.8384640099150602
0.8048739952894438,0.8046325592756935,0.7503085555802141
0.7870527059869424,0.7869571933386353,0.7061859035511577
0.7903263367596689,0.7902737047418225,0.7454760770548186
0.7761102367720953,0.7769127315680748,0.7520330369957344
0.8526368183028157,0.8523600633863055,0.8273727284897077
0.8376782892938163,0.8376482088161198,0.8064266405020141
0.7616194007870153,0.7610461049491775,0.7577857336747422
0.8141530104047088,0.8140316069060133,0.7880542527230714
0.8038857834714985,0.8048404380410534,0.7846760782045799
0.8248580397566883,0.8242322458348003,0.8067001199927832
0.7858026538322417,0.7855404865406348,0.7591957147224274
0.7617659777520583,0.7639173970468028,0.7342450580230548
0.8435862391493674,0.8441597135553904,0.8313796455770669
0.7778174478233798,0.7804377301255443,0.7847259849394888
0.7952546556624365,0.7939928675858494,0.7446585194975007
0.7942241089058137,0.7932814565445401,0.7785934487600332
0.752671462775541,0.7535368390708134,0.7212912522417888
0.8210507121116838,0.8202659966480205,0.7945353288754124
0.7679998393728804,0.7678481887641818,0.7477758329733244
0.7806145146096333,0.7801402685616052,0.7815310786297602
0.8320864704194323,0.8300080307832426,0.802180171046684
0.8086126173084658,0.807296723827785,0.7471451887900975
0.8176519921417356,0.8184630786147461,0.777476447888783
0.8382556529711457,0.8364197469345411,0.8064093822690699
0.8354643975009783,0.8360346603766395,0.8296315268542157
0.8024233909064679,0.801472401252966,0.7583289888812157
0.8053554622327022,0.804793562514056,0.7926763400830564
0.7668341247812527,0.7660341743235326,0.7336731766647338
0.807913427381787,0.8073708014753982,0.760377383546688
0.8368504860542018,0.8382280616805436,0.7644040801911551
0.8026006476249847,0.8018118248171133,0.7476584638526993
0.7922504785781901,0.7917211899658989,0.7760808777307954
0.832516048694002,0.8333229439237102,0.8127881009443326
0.7899635402496539,0.7882730551191414,0.7855006629346035
0.791903716226065,0.7921757884817999,0.80816168305028
0.8059780610093769,0.8047712382060059,0.7993842533866167
0.7775803434667227,0.7765945413711484,0.7417152934813664
0.7696806790464585,0.7742711923024856,0.7072728965469253
0.8304026637329424,0.8315548000577069,0.8031523626405266
0.7256015552521449,0.7249638875337272,0.6985939017498833
0.7673687885822564,0.7662817796538335,0.7581601085278211
0.8627333734506037,0.8624008081156054,0.8308522017929201
0.792631602350868,0.7923186597081546,0.7565990260808457
0.8459668298361621,0.8452776745489581,0.8155830947018314
0.83457160623805,0.8330099299164915,0.7963198868007653
0.7178542811616504,0.7188584648810203,0.6181666436096142
0.7714001818647896,0.7700136244991476,0.7202602577123828
0.7138218271541645,0.7133907810584008,0.6806644748480076
0.7906890892623093,0.7910801527097255,0.7752170347525454
0.7503647644802368,0.7512936751822792,0.6845852840335624
0.7933094693960541,0.7928774431407097,0.7628125525068944
0.7679040924031864,0.7690627797487606,0.73880326752969
0.7914530819495882,0.7908498624516571,0.7682589832425909
0.8303733231674553,0.8299731746648823,0.8388056301383358
0.7875737849711517,0.7849186913546747,0.7239566531122161
0.8298462248839322,0.8274787400507706,0.800958889653901
0.8519899605833796,0.8496125389857621,0.81950266459678
0.814151607782278,0.8156570864407682,0.8047806503731795
0.8144840262384242,0.8135548016457076,0.7905805519825707
0.7303862615521111,0.7320327664651365,0.6997332287752493
0.8726365809394226,0.8711308648979906,0.850497027734341
0.7751792844865704,0.773582706032641,0.7124522847555814
0.8093720552028283,0.8082349485466358,0.7685240905068543
0.7970526086944243,0.7970590989379225,0.7544619095104097
0.7955187944306928,0.7965573701017029,0.7339532593232032
0.8109897463647038,0.8075871982543874,0.7570013364064471
0.8003938872475646,0.7967603759788355,0.7537707677251919
0.8006797094794406,0.7993362520492352,0.7811793856368181
0.8202040439711543,0.8205913525674036,0.7979961430720388
0.8478304853784973,0.8482563658397659,0.8207724115691849
0.7968323015029977,0.7978622517953549,0.7632181007720011
0.8219737077393041,0.819966191682253,0.7577693620230525
0.791053243692534,0.7893202307054855,0.7506022342215704
0.8526982684773133,0.8526744604381665,0.8126567065122837
0.7733499080709005,0.7719354508310579,0.7102639221909963
0.7799831836142587,0.78022851180948,0.7351883367386797
0.814366980181148,0.8144195307281851,0.7772771048115042
0.7872753597260904,0.7864745623138867,0.7886547276050738
0.8433052419809896,0.8434938326078447,0.8171895177176586
0.8080471618879866,0.8082681721049456,0.8094970736830156
0.7847455271249012,0.7853700934062664,0.744842830001359
0.8004273486647269,0.8007094895137836,0.7847426355913552
0.8453062792737445,0.8463900432780838,0.8224221897947972
0.7933481776896102,0.7937182548787579,0.7409029566416528
0.7951843413659432,0.793314523465348,0.7452198089160857
0.8136042688071253,0.812589729374207,0.7932876783325251
0.8249103451976694,0.8227866062313312,0.7551688856819275
0.792382225818019,0.7914188924854832,0.773715691276152
0.755113613223114,0.7564071021211655,0.7333202190304883
0.827488920318235,0.8279780607971468,0.7860656748510141
0.7716789764004837,0.77342691141397,0.7554929382449573
0.7980391773522665,0.8004978786650069,0.741024060195207
0.7749827270181774,0.7759316233365325,0.7095294287091571
0.8479595458926116,0.8478849154816178,0.825104706769463
0.8137907616571789,0.8106476853165322,0.7778004621617207
0.7286273683714786,0.7297074022639802,0.7213429194395221
0.8552819186940199,0.853920848795655,0.8329275057131489
0.8318056519191996,0.8330768549184798,0.7989835369747113
0.7859534693520184,0.7855817837633698,0.7806930408197887
0.7662186177364784,0.7667369015453194,0.7207951108165278
0.7985711808414615,0.7999770203541997,0.7660636264119558
0.7972787390302174,0.7965343033977414,0.7758892669176845
0.7774351484976657,0.7799266291937045,0.7622619146162058
0.8142268086828797,0.8134981207170708,0.7840975855578947
0.7687297740145241,0.7699251398202415,0.7766858034261654
0.7523637900372123,0.7522269611399024,0.753007730085477
0.822437435974283,0.8220178727741405,0.803334596470574
0.808530638044782,0.8075367426531693,0.7614244748748664
0.817907244774599,0.8169567216349791,0.7586969687376157
0.8054480794356049,0.8052838839290628,0.804293966633822
0.8388794685563487,0.8386048124611768,0.82702948682954
0.8277847879332825,0.8255817970153124,0.7977558558888458
0.7915641553484396,0.7921888604037117,0.7804773612905319
0.8421085415177183,0.8406615900813852,0.8175309526848635
0.8283118103459031,0.8281308655800592,0.7958928533325802
0.7897659639749248,0.7885562116680387,0.7792843580497505
0.8486449871834281,0.8484852608501532,0.8020206304754273
0.7755517636171358,0.7771354736298587,0.7864274497902596
0.8110436381510665,0.8107719268656085,0.7835561427523655
0.8152015206227077,0.8159724956205581,0.7796378725921834
0.8360549571364884,0.8371620787096489,0.8162807313715296
0.8006259231400035,0.8027817982693458,0.7811012027866588
0.8194281171426181,0.8211722285639234,0.7628845627739596
0.7938940235471187,0.7923382459430586,0.7766764963806516
0.8070279671885897,0.8069264680743602,0.7819124541385005
0.7789706288568179,0.7783722561504935,0.7487922054154084
0.7917283445309544,0.7926095122823836,0.7636159406365202
0.8219765672065107,0.8205966024841495,0.8106400734610032
0.763644097291676,0.7644700735966716,0.7004018848613387
0.8215242787562566,0.8204187551054087,0.7819630957927045
0.8206165858332122,0.8189881880445532,0.810769762085275
0.808514280831642,0.8061118543811707,0.7918192393022984
0.8373776672638983,0.8359035471327031,0.8187882018540578
0.8175728630904717,0.8177474850966896,0.7906942517874778
0.776669896865052,0.7761332501358698,0.7424931770678237
0.8038326938418006,0.8021239166418066,0.7774128647422653
0.7702185940219348,0.7672249453197575,0.7710929060541711
0.8189747999923728,0.8195416907574031,0.7997366144959661
0.7549935080137573,0.7556083681752546,0.7292664117206188
0.8192304425354495,0.8203193164602374,0.7678981490732644
0.8064485324844954,0.8042611972798063,0.791403101375614
0.7087525078032408,0.7044960927695516,0.6678676234678885
0.8207236657528159,0.8200904027889784,0.836829347828612
0.822523689394062,0.8234645550141437,0.7884420407636714
0.8361656185508781,0.8359842281604383,0.8073465799004965
0.8420711186776093,0.8425966621051801,0.7975557009700405
0.7964045752265462,0.7966035848111569,0.7447713108568108
0.7500089662155586,0.7507308049435638,0.7557177592770855
0.7778740812180232,0.7769087402360442,0.7193181742274893
0.8226200856871662,0.8227768956260324,0.7894347810980626
0.7182617283400476,0.7162013141244632,0.6873514613799625
0.8259915776955873,0.8276669665873417,0.7949540781762429
0.814654609736621,0.813260134221798,0.7676527539658293
0.7904540176053794,0.7903384360414099,0.7339170592272541
0.829650143802295,0.8278143066455586,0.8118285242749529
0.8129656790891473,0.8119653352057281,0.7655053583546672
0.8100762411850104,0.8087377207840467,0.7599476741324871
0.8538892283266839,0.8550420477337932,0.8400127116981608
0.7945517154425693,0.796040616675231,0.7667716373429303
0.7905850973283014,0.7882935697388307,0.7597870411217802
0.8646340951032243,0.8653676404591061,0.8547955727873527
0.7901512195610843,0.7880985724729177,0.7478780840598509
0.8018582072697162,0.8029186178312749,0.8103071195644505
0.8024500752251215,0.7995492238254533,0.7742849465012526
0.8132312641312616,0.8144048226804216,0.777961556030254
0.7399554981245187,0.7375549620867621,0.6765777386671634
0.8164662364164664,0.8167097410709359,0.7892897801989517
0.8222591222597144,0.8220845325589192,0.8058121911740039
0.7480432448813308,0.7480113013681213,0.700912182698114
0.8321160696953168,0.8317036888284258,0.8253492129240634
0.8290340039377425,0.8297336000545241,0.8182475007177425
0.8303742173692366,0.827556372505264,0.8159554370301657
0.8451655730532833,0.8451155752526407,0.8466598561232169
0.8107800304726447,0.8116205290781056,0.7871987687142061
0.7268502027702168,0.7242305598130541,0.6875649826569525
0.8197250106520327,0.8192607481198989,0.7949586192046295
0.8533825401787078,0.8529029198627873,0.8222113884821981
0.8483665282547356,0.8506177655089929,0.7977542260513881
0.8315860279574265,0.8320672848397257,0.7698925303628663
0.8056986500403361,0.806011632704392,0.7596127315836948
0.762033553208627,0.7637634844629041,0.7322394465053417
0.8224846136782116,0.8222336115903275,0.8019537847248306
0.8542304922644468,0.8552241169234907,0.8203201881291912
0.813667249128952,0.8136116495844259,0.7768995302284027
0.8124260928343983,0.8097392241815882,0.7598566012782862
0.7460529897545389,0.7446839270108443,0.7329403603058333
0.833695917096595,0.8323275253491413,0.8039601369429705
0.8365150120848547,0.8362995482026345,0.8138330951812403
0.6680137382122151,0.6668800743551777,0.5991536656327551
0.7397595720324963,0.740088378625664,0.72299193608854
0.7671635638090463,0.7657466169178943,0.7306290663544919
0.6917382658253726,0.6921794911282202,0.655261649251928
0.8243010886075943,0.8246011298229026,0.7863367226375642
0.794457098996541,0.7967356863147724,0.7625879001075144
0.7813614012443374,0.7793241416882795,0.7182401203847721
0.7963697145015284,0.797144578143825,0.7468781334545123
0.7985407652337301,0.7979923645381195,0.7544870722804284
0.8787577289464018,0.8771572231824559,0.8564245365425802
0.807852946586298,0.8101424020091348,0.8099609302701646
0.7852595581280312,0.7819966180287319,0.7520734474123534
0.8260601827381406,0.8270357179908581,0.7742568687824924
0.7554056644352389,0.7560572291910026,0.7155563085318025
0.8439023041607325,0.8428534371664846,0.8420373471202625
0.8207462770033248,0.8205398070891624,0.7489739212149535
0.7400414243230048,0.7397110836051515,0.7134965175392132
0.8255991821349584,0.8257397864335784,0.802228835201333
0.7546174438517381,0.7549201224208326,0.7493597092936177
0.79081480804676,0.7899426569764578,0.7746873400214813
0.6675679231847311,0.6697109304071945,0.6577180995079541
0.8338783685339045,0.8338023426400026,0.8083795192180966
0.7720678856964616,0.7706375381677175,0.702905975339851
0.739410338558129,0.7389650194517032,0.7235625430597273
0.7513221567802177,0.7512120254341029,0.7459621825323248
0.8205075116391831,0.8180358551331827,0.7683121980268381
0.8050312105449133,0.8046228020293935,0.7793934261877373
0.8110451193950154,0.8108845269533893,0.7680511833075816
0.819317041687035,0.8184543356222878,0.7617525654809449
0.7434577733737807,0.744114058796444,0.7020174883382113
0.8130666777088742,0.8130769330954005,0.7754600776395678
0.7949996359542653,0.7959945612944811,0.7898622533593285
0.7879802059941767,0.7870173013096192,0.7638008746896112
0.7504203320110931,0.7534422688601421,0.7249728868842453
0.7455252874423481,0.7457898212384753,0.7191808400758934
0.8216855902122191,0.8195352215659407,0.7539561133537279
0.8398744439279199,0.8400475216849118,0.813705238547066
0.8260288942835812,0.8252214558912577,0.8013271335733018
0.7573679239550748,0.7571009562667326,0.7258238491628789
0.8150464115422849,0.8167159525306142,0.7896135132592295
0.8594997279560227,0.8591753965461544,0.8306933439403671
0.7843300994715284,0.7843059926321742,0.6964079256078476
0.8223747620964328,0.8216051377247238,0.8241502171893624
0.7626696441254528,0.7640129323721313,0.67837273955174
0.7298731609054102,0.7300120976985274,0.7122181675505981
0.8092201495296589,0.8074861272417369,0.7623316225167834
0.7748911323156197,0.7738614956623863,0.7350601277700499
0.824071204526804,0.8228536420243266,0.7872673612730631
0.7597447812222435,0.7591608706385296,0.7504540291891926
0.7595690924159534,0.75818967257496,0.7076650947480772
0.7505436802842176,0.7511429350856673,0.6516933823783122
0.8144058739181024,0.8121801067778268,0.8094258723791127
0.7663219289164456,0.7656428109839584,0.742833425195234
0.8022474897182802,0.8020446473895845,0.7661079552400919
0.774849280017421,0.7756488377265365,0.7265349599160646
0.8410415733665446,0.8404089509479548,0.8078969841995713
0.787369325444571,0.7863240982545058,0.7383357307882106
0.7633766584990769,0.7616100503392893,0.7172778193647285
0.7952606152850201,0.7945694292314955,0.7710753097849027
0.8302574565074121,0.8306921033896022,0.8261634748545419
0.8136208566576115,0.8146690038139637,0.8009186045381995
0.7368224344189986,0.738201731039475,0.716007019679878
0.8620730608373132,0.860353208097529,0.8393760888221424
0.8534942248631037,0.8537286970063455,0.8335834253628679
0.7308016728140232,0.731776681117968,0.6920167894362415
0.7517123284064664,0.7517353326564957,0.739067794823108
0.7657851687148336,0.7669416788946293,0.7223715400511685
0.8182756005256695,0.8170318523368342,0.7967974198931675
0.8130372759511347,0.8130796302625835,0.7819506380694052
0.8165188469878875,0.8156590068337257,0.8034486451509697
0.7633312574670024,0.7617449736073729,0.7605501422696048
0.7916279847595705,0.7914896531162835,0.7655116303045137
0.8064492381813675,0.8058980677296524,0.7625059347584828
0.7924271835999341,0.7925962746690314,0.7673469214284965
0.8332603648575285,0.8315104757320488,0.7969391165105948
0.835115710386682,0.8357103201257745,0.7906275617973382
0.7833931490530406,0.7822520327509526,0.7262734871964286
0.8678027535881723,0.8674619585729971,0.8203804383074278
0.8333960305834867,0.8331725836414445,0.8206639912719018
0.7946245127634919,0.7924513135542459,0.7273245400015738
0.8062793554729923,0.8060569778178083,0.7566126024971053
0.8292174722037903,0.8315545211405577,0.7871878445584275
0.7930402029552535,0.7918362676983844,0.7663226773436802
0.8566117331790096,0.8569265585092846,0.7743725865451874
0.8573430146770167,0.8558217178999549,0.8277348134956672
0.7871184976999384,0.7882861674770206,0.7580023503119557
0.8551076140706153,0.8553046920936607,0.8448354418225703
0.8069373186596334,0.8066983820504828,0.7635167978486237
0.8323972160345934,0.8323993737051208,0.8002806880099773
0.8486810326386154,0.8497944777355123,0.8254517431697715
0.7409908531720437,0.739911739204377,0.7307648294978044
0.8352782930824838,0.8362590764430764,0.7900541231592247
0.7647918605123443,0.7647507807471509,0.731442004991804
0.8411793412496076,0.8411013285041481,0.8093042928469567
0.8372167196563194,0.8372904977179718,0.8052112159287567
0.8211878658821341,0.8196114922274343,0.782326981087778
0.8387072647923497,0.8394879848753128,0.8387118322985327
0.7184667017060228,0.7179165268513066,0.68469741699574
0.822206486753426,0.8223035075434372,0.8056490272950753
0.8255929021467838,0.8269076426562242,0.8076529224143407
0.7636078083652447,0.764771144093503,0.7449007413787192
0.7970970712610675,0.7981226922455474,0.7321168174972833
0.7744602630336211,0.7755614787446155,0.7305839092118225
0.8199291441660513,0.8206004281389845,0.8322507604378568
0.7776099241472505,0.7795796277530076,0.7444621904707831
0.8360032883396635,0.8353006091417056,0.8231495566269926
0.8623312117711678,0.8635836051216952,0.8315903413395174
0.7938617316556885,0.7938195246757398,0.7757906809741852
0.8094797696339077,0.8083811561492635,0.7810202351061716
0.7397496420523684,0.7391046448987897,0.6655268916558486
0.7734970093433734,0.7747857231426393,0.7505555537094264
0.7871702411988304,0.7849896802867319,0.7426911007831563
0.7993857028584485,0.8005254969599219,0.7823457022976966
0.7804910481658482,0.7822779357899624,0.7710018963164398
0.8320063101143742,0.8311118594125888,0.8028719533120512
0.8136005782821679,0.8139004593642921,0.7977219108800572
0.8032532247622888,0.8016336341898432,0.7773798389778406
0.8614810277212098,0.8605046758775547,0.8652159678560806
0.809784304447945,0.8095667376981521,0.802097314187832
0.8407350447472868,0.8396793336504671,0.793828504355367
0.8446848495047681,0.8456396567450417,0.8236681647853684
0.8105858121714089,0.8116459015432137,0.7410914940776209
0.7936579529672004,0.7926418056908878,0.7841374939494701
0.7482749998154836,0.7502116987136688,0.7242425462103257
0.8230655937382895,0.8245105944866329,0.8283464216100322
0.8246054934198979,0.825444631725466,0.8091022294620765
0.803707465001132,0.8030534190469344,0.763034541454746
0.8749498638679688,0.8748071803824612,0.8780553192454646
0.8219145036204236,0.824056256046358,0.7769673486520403
0.8451841237635578,0.8453547089778385,0.8248182056423896
0.8074616846477181,0.8059469791673656,0.8088897705843889
0.8001790896408567,0.8012426167282333,0.7870463579821112
0.8245815216602133,0.8247618072185552,0.8224718662904105
0.8464629091259521,0.8458586807590248,0.853324144039791
0.7377229043264817,0.7394014564169731,0.7266331450385981
0.8556511130987549,0.8556427263472014,0.8283631279527419
0.837784363553156,0.8363389050155641,0.789093189245073
0.7821460860244818,0.7820800712448801,0.7054451495006919
0.8169605017051865,0.8183761085533603,0.7919598032523988
0.7116676282967889,0.7122135198206638,0.6994925570365058
0.7656345703545362,0.7635896578158846,0.7119990099252267
0.8421312310999864,0.8427507454528655,0.8159662689776546
0.7271963168523241,0.7261621049169318,0.6578557400652585
0.8152686893021769,0.8141613124801415,0.7490470780677083
0.7324473964054438,0.7335997763701769,0.6917498486943724
0.797464772209159,0.7973234370499337,0.7700167026177841
0.7512850443585756,0.7473782708960086,0.6999747532607161
0.8130505918722157,0.8139160871258523,0.769275144827366
0.7779183680739237,0.7779571884796166,0.7350859520312782
0.7274605586236844,0.7297128960143606,0.6388466451322581
0.7673003723940157,0.7670032409422771,0.691271886923981
0.8351697301965184,0.8371002150147266,0.8152183063234055
0.8439000513661844,0.844651571722796,0.8395851931306759
0.8241340436222448,0.8227018725766768,0.7929375656696199
0.7870327772152508,0.7868829349763042,0.7707234552074305
0.7403270153628889,0.740023831919187,0.7189433532870544
0.8320443226137468,0.8316255870354863,0.8394106149447711
0.7593281943480636,0.7578479733145295,0.7369013723950654
0.8203810684976219,0.8200646491323232,0.7789195452566449
0.8145412184322192,0.8133277099091436,0.7777041917838023
0.8520664871385448,0.8506132943227326,0.8331785332778651
0.7939738949266427,0.7932806369966159,0.7933910506384394
0.773082554962325,0.7712352248874184,0.7605064792437441
0.8343095378575833,0.8331800607022004,0.8391043913426663
0.8229157577880508,0.8237892836055517,0.7966449979706469
0.8363713769753459,0.8349378225692641,0.8117564876825484
0.7741496746608649,0.7737969884925835,0.7458209568319001
0.7723583027235376,0.7749867536220004,0.7641117447451737
0.8454938096728553,0.8447894074676855,0.7949178643327308
0.8476441866790461,0.8479464106680398,0.7610152064523441
0.814438404892926,0.8154583802871683,0.7967432792869459
0.8221301962089453,0.8224556058389673,0.8237415060702509
0.8597438424686087,0.858671865292452,0.817209856521468
0.7723811320252588,0.7725027183053997,0.7124174035842906
0.769824222092754,0.77159340178407,0.7337755820321014
0.8329558552048006,0.8334282254580253,0.810498392911775
0.8211860891826133,0.8219390701935729,0.7508106059375792
0.7374872458330551,0.7372646971954226,0.7157247347799165
0.7168274044644003,0.7174213307986257,0.7115643975580086
0.7955675754999936,0.7953762172316169,0.7795590739591772
0.7262180841022838,0.7262307339920697,0.6929684228323849
0.8020907126613799,0.8003505094967702,0.7593042642102432
0.8284273595437385,0.8283617298662876,0.8340392038348045
0.8442046190236441,0.8444579292963907,0.8274152059503778
0.7915692335811404,0.7921055876728246,0.7719368281854438
0.7831063538360068,0.7843127189161915,0.7654148363901554
0.8348288864714195,0.8341461744224384,0.8115499826683731
0.780017531474198,0.7805037079585926,0.7636214010823374
0.7545881606342134,0.7549322209071021,0.7396794791276469
0.8156638379374006,0.8144947631799337,0.7810120348316214
0.7813069143073441,0.7808311867930035,0.752345179220571
0.7797483877796061,0.7797117318479602,0.7541888269799506
0.7548624750851447,0.7569612926825933,0.7498707147380583
0.7615327147588894,0.762227478624,0.7419214583857338
0.8158102580399993,0.814395501002344,0.8161871476004317
0.8129156152363415,0.8125323334584723,0.7751467092276344
0.835851472449909,0.838106975538605,0.8237072643474037
0.7869631645907863,0.7861862272576714,0.7411399301455877
0.8214539685648466,0.8213621081625391,0.7789967911676295
0.7502340851877083,0.7506746048849,0.7197350877600625
0.8235834081409881,0.8237924681435057,0.7881221610908031
0.7654774266666096,0.7636426094760599,0.7722661772488388
0.8356514278108957,0.8346541486855229,0.8300046302351801
0.7703379632006494,0.7704498877851941,0.7467013750115876
0.8177165064174169,0.818418282881765,0.8180287243728275
0.8675406049942196,0.8655596592167704,0.850186607786889
0.8108538909752696,0.8129204905940473,0.8032344995254257
0.7999414582628787,0.8010102465201755,0.7756596562461162
0.797503160418824,0.7976687258319735,0.7663254045829864
0.8073566861786571,0.8087265811782341,0.7477364685342371
0.8518458129217463,0.8491528239311297,0.8191561480657426
0.8542173387747708,0.8527487949119643,0.8157771481817657
0.8374719329756737,0.8359244340599787,0.8103526358843415
0.7627600301414375,0.7627947074953916,0.7495798250431548
0.8013429670356582,0.7999096266438172,0.7735065914631813
0.8139025268074538,0.8138916219144875,0.7710733330089619
0.8193213422322867,0.8171607409343932,0.7991995510990287
0.7941295500312238,0.7945770927184452,0.7876051039180347
0.7944321772151841,0.7952993731843652,0.7393239387561688
0.8556658529167802,0.8554175600143775,0.8571151590465645
0.7769987555760461,0.7766667238193793,0.744915704736572
0.8459225383954996,0.8460102421597845,0.8100915694443366
0.8043216186713031,0.8054148443626638,0.7765650538650011
0.8155516700530059,0.8151122668622888,0.7912408071810081
0.8061984478763453,0.8077290575823779,0.7443287274186465
0.8221980525776919,0.8231537147190595,0.8044548835651952
0.8422840010293904,0.8406561524282297,0.8286845887386709
0.8209972600399612,0.8212282310332916,0.7972114777685695
0.7971614904480103,0.7981758566501064,0.7617034334739092
0.7900813948357848,0.7900886156646288,0.763089332069963
0.8469073914905246,0.846123479699592,0.8260293458888848
0.770020013413701,0.7687711677198947,0.7210282358994415
0.7827101548189581,0.7827220914244357,0.7666329354560314
0.7640699422522361,0.762530321137978,0.7725998301894696
0.850040808731794,0.8479868882811874,0.8329659207383965
0.758728595836178,0.7570259029818177,0.7344005097141236
0.738164473800098,0.7370852372476482,0.6969845110888413
0.7360208088562437,0.7377826118027438,0.714753113319996
0.8310674104069637,0.8328785635620964,0.8083773469399814
0.8760513149300732,0.8768481391621804,0.8705392653729899
0.7797929506899433,0.7797541107861414,0.7854231470174137
0.7657253664292231,0.7663590965885497,0.7537673392839328
0.7788502416803323,0.7786851512470522,0.7509009713523511
0.8382249221106555,0.8388101091749199,0.7938832169933477
0.7741043371901482,0.7742715942238421,0.7382421146581659
0.8527215198641167,0.8528623599347289,0.8491708057948046
0.8480684077392455,0.8480975484913107,0.8426467913639051
0.8327934748640656,0.834088826560325,0.802369202637018
0.8171291127249954,0.8179893704833908,0.7952863101143796
0.8550966685641892,0.8560153360528636,0.8426213346708484
0.7928238789754647,0.7942801378063883,0.7782309391807217
0.7616119798970072,0.7623658477973445,0.7405878519226767
0.7413901957410379,0.741241071750899,0.736120695936543
0.8278615628873323,0.8269447210161437,0.8123961996510725
0.8277892676553281,0.8265683537533254,0.8330555886317526
0.7887378160169726,0.7901089714160376,0.7574672792954769
0.825002655694853,0.8251078632685258,0.8077831352084155
0.7988159649239377,0.797906459707251,0.7446309222070687
0.8557321852043089,0.8552778947131043,0.8080168292357095
0.7530537332373493,0.7526822365033763,0.7190133292454204
0.842948961252973,0.842807724526619,0.844329191813294
0.8018088074862942,0.8018767026005498,0.7934656387097396
0.7921335876603317,0.7927705642284855,0.7546229155990474
0.7454972680048971,0.7444828227382605,0.7310608451998732
0.8449643239819286,0.842982647439124,0.843740062180091
0.7780988080223876,0.7778285640213594,0.7649049529845156
0.7927183244575222,0.790620618758206,0.7579741881889048
0.8361784897186673,0.8360219268894654,0.8051022031684425
0.8381933183885697,0.8398509836932295,0.8251838259214794
0.811681044714345,0.8105848809191314,0.7626895907047095
0.8488331066392726,0.8493738541967999,0.8372831173807778
0.8596369512243844,0.8595086479704737,0.8104187620911893
0.7831652391110825,0.7834599897781467,0.7606176854240534
0.752772576691991,0.75136182097844,0.7336675062130038
0.795803538868505,0.7983858297568417,0.7851104234326806
0.8295464198344986,0.8285420027505309,0.8040568598347897
0.7955485977585159,0.7950272534943433,0.797552660934212
0.8505603445098397,0.8514424263090848,0.8331884118015983
0.7810465771335806,0.780521275758344,0.7549017007048733
0.8675393559639301,0.8673942149625796,0.8470047470063108
0.8368424350053232,0.8390979121047935,0.7709096444302389
0.8053586092595472,0.8051757333145133,0.7758363616916939
0.7864329185797633,0.7861769619491111,0.7618102506726927
0.8099184326012688,0.8079381697625244,0.7871933045325409
0.7671112999462204,0.7651233827814875,0.7263383077288126
0.769599145080946,0.7684308390706183,0.7558252479719253
0.7965564318959346,0.7977819056775403,0.7631546600217155
0.8226993387562671,0.8230860393258079,0.7864986061357577
0.8390182534818431,0.8393631846322733,0.8024366032585897
0.8177421277468291,0.8166078741505352,0.7965049542762971
0.7465093846073418,0.7479223315793315,0.7632669672547125
0.8106106084442442,0.8124774482844925,0.8092899475910612
0.7241565946311772,0.7256247669483853,0.6655034231103187
0.8171686509771683,0.8182754528101293,0.81007390660805
0.7541007427687904,0.7543901464361651,0.7264386307409377
0.7739697504284426,0.7722868635029352,0.7733123283132164
0.8443406615391793,0.8417862354331085,0.7876259988463451
0.8218039385048843,0.819969186239038,0.7870784741179424
0.7821136726874015,0.7820668623016762,0.7460233120954715
0.831916685670882,0.8349349683051823,0.7805153137729307
0.8075208500851871,0.8072333948410486,0.7996945268818826
0.7909964500642146,0.7931669329550683,0.7796351718983505
0.8577756883063867,0.858283524541545,0.8447362245601371
0.8527910792988392,0.8539849425258383,0.8253751493574881
0.7532324432053561,0.7542467167567939,0.6670773145802587
0.7943195762500822,0.7938981092408849,0.7818715411104795
0.8169839903785932,0.8171893146075906,0.7510046813519007
0.8288682454530366,0.8271675789138355,0.7754012478144673
0.8159128124735602,0.8143409736878444,0.8208436450604559
0.7855672867340893,0.787118106068999,0.7748569949118287
0.7732708883623756,0.7751596974710628,0.769458279837502
0.7877549561251295,0.7874102820783018,0.7308550209137978
0.7749399544357949,0.7729778678861942,0.7177942338803478
0.8151195310840976,0.8167847580841344,0.7945276518214668
0.8117156165561146,0.8125781491855792,0.7877510461686577
0.8241693790141742,0.8225281059200923,0.7677204214658148
0.8248216012393488,0.8238177967380707,0.7991855692356761
0.787202877834829,0.7884978798049986,0.7510971633864867
0.8234746155639181,0.8224656343263355,0.7397952007031645
0.8032844329383938,0.8034006339517759,0.7731403344281809
0.7779247227139495,0.7786566547789,0.7447365749849889
0.8189014221524731,0.819215158297028,0.8182381513102328
0.8136729746603436,0.8130378695485285,0.7699052330647501
0.7856957738029611,0.7879146237733142,0.7435875941826761
0.8453958773512164,0.8424178993474871,0.8216073395514983
0.8148360445832123,0.8135491185821327,0.7968119623683522
0.8202616242398907,0.8196429738056699,0.8012165526267421
0.8323719238374059,0.8318383847851719,0.8139641352848129
0.8319528773543324,0.8310926594594468,0.8050294984256849
0.8159671653509106,0.8143861696454215,0.7963005134169303
0.8058308188761055,0.8066242652494084,0.7795799729154225
0.794230798710378,0.7923674766694321,0.750948299242922
0.8161962689963268,0.8164174276863997,0.7959875766775805
0.7487235841653392,0.7501278635982535,0.7569188384154864
0.8413189987668901,0.8397429015283358,0.8076327812257269
0.8184407193587796,0.8185595996189462,0.795155539779135
0.778434855414458,0.7758924105989656,0.7492651842567518
0.8139548139817026,0.8138606293818611,0.7845966281760732
0.8496747554071289,0.8485438269540618,0.8077167264749894
0.7859051789028129,0.78647002425936,0.7267273956613817
0.8311075778315116,0.831307551341154,0.8115251635766135
0.7919297761382833,0.7926956972077636,0.7740532816175775
0.7666547372297711,0.7684300302766369,0.6730126581834293
0.7351205461722826,0.735629795221793,0.7257267165931826
0.7817348358555752,0.7833669005770654,0.7664685390996268
0.8286318397235479,0.8281193540923488,0.7851366906154981
0.8791079428382576,0.8769926555806786,0.8584478535833204
0.7849353862666335,0.7837205248844268,0.7454811542347859
0.8080902288938195,0.809484390946248,0.8206168182241887
0.8258745741014326,0.826131559443195,0.8126763044245794
0.7438926632491609,0.7430976665066154,0.7451248210285886
0.7757998988239991,0.775538090366294,0.7767761416573145
0.7622952107254526,0.7644231843694254,0.7446414172565807
0.8019199243476183,0.8005461636706861,0.7632090558234657
0.8140284136714939,0.8114263657994722,0.7550656609305342
0.7695844191304648,0.7689767225739299,0.718751345415721
0.7502763583981158,0.751190981698058,0.7346010883365099
0.7949708172967584,0.7946036303449572,0.747831262408525
0.7495832851415205,0.7498729643592338,0.7053793854199153
0.8525213858948448,0.8523414022650145,0.8236160465446314
0.7608809030136826,0.7598853390921225,0.7049124848680469
0.8224376503240235,0.8244817561785882,0.7936841680776108
0.7696081041276166,0.770292874837279,0.71960351035724
0.8280320365562706,0.8281461045682225,0.8281235960547425
0.7566117869111388,0.757098987944179,0.7232014790617276
0.758174367663366,0.7583395713195171,0.7133726982643486
0.7917427337221055,0.7928885091682933,0.786489565004202
0.8378212212377887,0.8361576210608391,0.8255201401700729
0.7494190215586042,0.7485825103125363,0.7160251866321325
0.7948877965740642,0.7927930083964211,0.7875324373808038
0.8446787541748191,0.8449831911107502,0.8099355623159277
0.8252569660348332,0.8230120833274104,0.7870605291290208
0.7608248729052518,0.7607621180925827,0.7283930304265196
0.815031434522577,0.8121466022335546,0.7838776622632587
0.7585986474519941,0.7589801197452609,0.7236602171025965
0.7979924730843893,0.797656584194415,0.7307649997226836
0.7566508749431409,0.755540645134409,0.69990522139207
0.773721268580941,0.7748872732468303,0.7543693605110139
0.8113229805039305,0.8103209854735746,0.7830460481800607
0.8341024382920265,0.8332771420971811,0.8110281476847259
0.8113805989408513,0.8098928731436184,0.7446183070724779
0.7880718520425466,0.7878318435286531,0.7916021772686388
0.8592405651680457,0.8592306633866682,0.8207600290583508
0.818338401041839,0.8177604937916979,0.7896760088636865
0.8078693043412746,0.805054564835586,0.7947283906646814
0.8003475305504486,0.8005300017974353,0.7775193373404976
0.7771610873389193,0.7780519925554195,0.7668117819176894
0.8046000632590813,0.8048390139028202,0.7987163086188029
0.7325832096806875,0.7319134345354444,0.7028856682530955
0.8555391360197371,0.8547894168834734,0.8150652398029603
0.732712741678128,0.731424940006725,0.6776846286424765
0.7888549294145055,0.7867462082431541,0.7868404688389572
0.8125454106964777,0.8115212199878707,0.7876379359945753
0.8266369560605333,0.8261512982215817,0.7778135637855461
0.862205451516378,0.8634247737820487,0.8639275909331379
0.815055961162906,0.81348865837054,0.7967026731856044
0.8403248540425345,0.8407490049017402,0.7837586356552719
0.8484846704274825,0.8476513042615451,0.8436876248724537
0.8066100299042038,0.8080041779199605,0.7773980201630262
0.7396214176988691,0.7425378395387874,0.7097324783980639
0.7674912914383107,0.7695120799577876,0.7285526570923024
0.6989584101477733,0.7011736559011248,0.653071511218296
0.8506505316587728,0.8499925784328801,0.8527495775345926
0.8403946435286379,0.8420573290120779,0.8158755323308483
0.7662125158268501,0.766461909604531,0.7637232789964867
0.7938817693558426,0.7945774517332327,0.7738795510741407
0.7820233869928539,0.7822772982094611,0.7919206651882992
0.8213859343011592,0.8220645733142912,0.8047343447060964
0.8577537693697025,0.8568229785721622,0.8264940445344945
0.8230241015141795,0.8214905632015002,0.7883700362794571
0.7966814892764507,0.7947149093281651,0.7792341938729251
0.7955345972121827,0.7947360404640056,0.756359571119569
0.8045180176861201,0.8012819600942545,0.7644060952774724
0.8322454596180723,0.8315412292853959,0.8038402154817189
0.7690395255838096,0.7672168420972344,0.7336173500509353
0.8211306573218745,0.8208074206397576,0.7549123592077022
0.8201400311727368,0.8221317207521092,0.7903985068471461
0.7184117433739556,0.7182825832906448,0.6789056355573178
0.7576172101225702,0.7579943164665756,0.6986032554436609
0.7471502295634291,0.7470073732597862,0.7202111713631147
0.863571024003499,0.8640878126070874,0.8239828667793384
0.8195691911249706,0.8187438082642602,0.775806010053662
0.8367780334051085,0.8357122148819955,0.7814982424319745
0.7751564730060576,0.7769477915417867,0.7957421461537187
0.8204023169413958,0.8205071835031934,0.7848149944139338
0.8000597030907382,0.7991316060890606,0.7728643595319433
0.8264898915832414,0.8266047959345326,0.8320600168054387
0.7742224836905837,0.7739906815826954,0.7164019248036425
0.798079680184735,0.7985767669361685,0.7879807477731813
0.8381351624330796,0.8370926799532667,0.7991637293036162
0.7908066429425948,0.788979041901145,0.7521006494508633
0.7978912391931383,0.7979843661029948,0.7478718212207045
0.7815288977418099,0.7807829254641172,0.746117244959307
0.8151453575177472,0.8147205583283107,0.8020164318788332
0.7921536149548606,0.7933646935626637,0.7603040330480035
0.7854863215743435,0.7844472370366404,0.7359882965619615
0.7948317685685304,0.7966847439910305,0.753427556809103
0.7529078804791768,0.7554468430322746,0.710724156156649
0.7836910070046871,0.7838418916111267,0.7607831568063935
0.85290278480286,0.8519015697148414,0.8113453578033215
0.834902882483838,0.8347658019122703,0.7775692763093363
0.8219827306007387,0.8205878084457271,0.8005672798665089
0.7216233933768039,0.7246197759068771,0.6795458251790849
0.8081583323620923,0.8061316717176156,0.8187499644810047
0.8096687591573559,0.8088850016209916,0.7859345405965397
0.8448598038240068,0.8457246816556699,0.7969634873745748
0.8333145304212303,0.8321938128833896,0.8133817922399822
0.8158219975420822,0.8171006992871588,0.8085206374032298
0.8386276962405914,0.8379746320189605,0.8168026761475752
0.7959353530989371,0.7944732647231771,0.7446454095695474
0.7797872856935292,0.7783776312668791,0.7789728855161531
0.767119498191962,0.7673536377428838,0.7749042111917303
0.8395218854359945,0.8388749519253353,0.8137396608256757
0.772982950710754,0.774104074174206,0.7572265748918987
0.8033742969791737,0.8017380878319433,0.7858554274811236
0.8200304782580865,0.8195864192668484,0.7857599767424592
0.8611469862348441,0.8610713613674369,0.839453524985172
0.7949573940511669,0.7933697151376456,0.732301278846289
0.7801544613674443,0.7792150168862277,0.7731126256760935
0.8083878583744546,0.8096475859112199,0.7721189195935094
0.7806640717154005,0.7801047697705211,0.7446379353996896
0.8235218233244088,0.8213308232518863,0.7873492157043722
0.8047240991607364,0.8049766797239493,0.779108146472187
0.8121465404723747,0.8131382822107973,0.7756762203190275
0.8125283659687956,0.811477992388432,0.7724374021904676
0.7669888553816271,0.7663912875460546,0.7421315856981439
0.8082348444936777,0.8075588912562801,0.7671948878345985
0.7788008186823757,0.7790677269534596,0.7576151581625424
0.795513658984315,0.7933211172545204,0.7871352915863866
0.7670442018627318,0.766629123444386,0.7604127497748525
0.7734473377317015,0.7732669558540239,0.7501844985919472
0.8188740943602727,0.8171814878693368,0.7713334140883061
0.735169276722117,0.7347807283101886,0.6954310135827346
0.8734829084321025,0.8730083398161702,0.8689368925001304
0.8022019914704472,0.8002671349807682,0.7665313471863783
0.7917411042333006,0.790920889524461,0.7759857147607229
0.8030480730908742,0.8018742720331559,0.7939084609923575
0.8297163095200039,0.8296867034559622,0.7738611305734894
0.8356184287234223,0.8359999851052213,0.8283608384401988
0.7981137601368277,0.7973990511062701,0.7155072171707958
0.805293790349541,0.8057457197906882,0.7442904028910319
0.8164007491835313,0.8162466659930444,0.7907910424077061
0.8513663886440149,0.8528663079886906,0.8259778663956328
0.8165470006376145,0.8143057052508723,0.7971654547299305
0.8440267014620555,0.842823527299785,0.8156001427890077
0.8585433743380793,0.8576277161360091,0.854126907129896
0.8285221206723531,0.8281812036172853,0.8075726511339477
0.8324271160745003,0.8313822424169236,0.8167078840278398
0.8027421837712854,0.804447539137715,0.769025197257333
0.7950036101931837,0.7961258635678388,0.7778297226665727
0.8077813892747939,0.8072182278498456,0.7796218006152711
0.8105412577668284,0.8116987871188641,0.7792681608596025
0.8488066058975701,0.8470749303439291,0.8197289271368675
0.8418676634179366,0.8422510946701868,0.8226258511053337
0.7845684099239765,0.7828985568235279,0.7800755883598046
0.8313897700530616,0.8314854987132492,0.8147905527754418
0.8381777896093754,0.8370173211708205,0.8222274933915988
0.8377798105970793,0.8375945501522988,0.826505833366377
0.8375413153459967,0.8373331933085981,0.8159769120285483
0.8400038571291969,0.8395369969937666,0.8294256544876737
0.8077479569299895,0.805621369344204,0.7556948307210634
0.7596349583716906,0.7607185289597429,0.742336162554877
0.8225234981940697,0.8220540637993627,0.8106338462496888
0.8223171849615616,0.8223207547612429,0.8090334868781895
0.7445928916212936,0.7448510999434792,0.7430108202367759
0.8130589524224676,0.8131433523463619,0.7577398380711848
0.7632121871850633,0.7627043182865568,0.6974504748977426
0.7639850821619759,0.7633743995400146,0.7671114260182165
0.8437098939782184,0.8414888816154752,0.8344566943806382
0.7922017254392825,0.7922466219635946,0.7766450496010363
0.8009125099174623,0.8002734634488631,0.7972864708103772
0.7996370053014239,0.7980122066118518,0.7970237489646055
0.8042158883098436,0.804487503131883,0.7900677181246594
0.7712517648979641,0.7699710579556708,0.7636687260892878
0.7994503016261907,0.7971203694794438,0.7531316638123559
0.813569926137196,0.8107182589452169,0.7857970776371345
0.7949525708486735,0.7955364782360203,0.7521051412238685
0.709770042751982,0.7107756870210995,0.690795184572569
0.8196672276937691,0.8187247232016869,0.7989281399886414
0.7331345117072119,0.733073786237445,0.6961317973100802
0.8012093991153647,0.8022656402543842,0.8138195684656893
0.7589584864835672,0.7578119504034784,0.7123414001015898
0.8054880968380912,0.8031204300065837,0.7844675436190737
0.7747539434326981,0.7746877012582686,0.7182087904368357
0.8027293079919389,0.802912872029786,0.7836051943990859
0.7873052267877585,0.7870410045545015,0.7269766517083549
0.7893827764198025,0.787601021270081,0.7577448294925151
0.75908984564095,0.7585160020513182,0.6892527125321501
0.7833809559079886,0.783935274051777,0.7489289881377242
0.7234907451394934,0.7257012543211779,0.6997325606901345
0.8676060490080649,0.868864803200941,0.8588223499060985
0.7486660864554782,0.7497833759069683,0.6842381932049775
0.7198176314445599,0.7166650367663767,0.697608561635682
0.8386263806897508,0.8382690763631822,0.8111953794703612
0.7671073145432633,0.7666322526760997,0.7402043391138261
0.8202887257380671,0.8215465061680683,0.7987168094702168
0.8156162335442596,0.8157699499313971,0.7639258381859211
0.7766756163667657,0.7733287734634138,0.7469700508712429
0.8588535838711953,0.8595635722217799,0.811841848256663
0.7536050445312487,0.7519299146202814,0.7254691511053255
0.7633661576703457,0.7619634037019081,0.7202834986524902
0.7524427345208877,0.7511925595566993,0.7239367532013044
0.8262750990679248,0.8258383679938555,0.7813088631226374
0.844635675045964,0.8453918404712943,0.8303055422406342
0.8210059733610668,0.8222535352007188,0.7673600653565051
0.7970533992474204,0.7985984930631967,0.7572790889953568
0.7278259581651609,0.7273835194498695,0.7051887738857581
0.8116089208850985,0.8094237191873745,0.7915528707691568
0.8306762694153111,0.8311810431127922,0.7814254663017877
0.8004044292094185,0.7991332182791361,0.752451619025886
0.7812006376045477,0.7785647040788681,0.7584566857481642
0.806736799131577,0.8076426731002085,0.7967888315388966
0.7844047394571516,0.7841771227744079,0.7604036741857407
0.7472461023869195,0.7491745932634672,0.7542973486764101
0.8111471606087353,0.8116624843748457,0.75481553330305
0.8590929241500788,0.8588184133314403,0.8423026585499593
0.7687422013060209,0.7694149571704271,0.7221898961797355
0.7961061708262386,0.7933253046940677,0.76719667456489
0.824264017822625,0.8242195933603469,0.803825376143839
0.6978182441729908,0.6977737736683253,0.6752283444516052
0.7795946756252854,0.7788438129783387,0.7407442202052712
0.8467018742956157,0.8459533265065954,0.8274416605834529
0.8163247090268188,0.8150604144219099,0.8070125744964325
0.8049941486932597,0.8037409384298951,0.7952726832777857
0.7766737978122649,0.7791008630869977,0.7083193841330393
0.818382522185033,0.8172263123239402,0.7884589245649641
0.8198201036066871,0.8218858395693796,0.8106064484250405
0.808032085039202,0.8092627211022516,0.771576293489323
0.769822627638068,0.7715305885382034,0.7394835441581211
0.8057949344058772,0.8061697590080242,0.7799375352332334
0.7550491368421784,0.7568310961060439,0.7578689776114507
0.8481108377883203,0.8481092299834021,0.8225567085540416
0.8838007483231158,0.8837861659063783,0.8670374899202179
0.7756605306392864,0.7769803218888134,0.7458883257796054
0.8445828724982063,0.844138299035416,0.8301524362126674
0.8240839730770549,0.8237761363192421,0.8402685955696001
0.8080689164634368,0.8079465512990015,0.7866320880763256
0.7868903313831389,0.7877937142152794,0.7680344066182401
0.7653468742196156,0.7654473050259867,0.7673612951992017
0.8083548779267935,0.8082214200815256,0.7658210906942615
0.8474808452496456,0.8488976579411486,0.8118759657930729
0.7850607116990056,0.7846410802889696,0.7843865800196892
0.8264975652551552,0.8277602965067177,0.7751371963747442
0.8017069331861957,0.802472646899276,0.7954083895185862
0.7826146104082937,0.7809713759099353,0.719919895485474
0.8339818540950631,0.8309266974589019,0.790225430445532
0.8452955134996019,0.8479619727364422,0.8185696981732882
0.7773192818198161,0.7802369632125818,0.7261324090125143
0.8208868202760282,0.8192895579830473,0.789471133122378
0.8241173781928219,0.8241659016715756,0.778374434293725
0.7446378070653995,0.7457908588162141,0.7264837001168536
0.8501556532814318,0.8507664161757219,0.8266075499042533
0.8382975583770552,0.8355057653240963,0.8055807748699015
0.7285608763735673,0.7268307625407138,0.7131889166946808
0.7915842369891893,0.7914535599564676,0.7723461731647472
0.8046993600654817,0.8059497359763874,0.7857992016276294
0.7950677828451959,0.7945001767810691,0.74759585620536
0.8765779626930537,0.8770080120846929,0.8607100455163341
0.7602852532041532,0.760297025566877,0.7401774243443211
0.7774988645703698,0.778827018476502,0.7669955167226378
0.837560162606199,0.8364007993779288,0.821997879161272
0.7641966477381871,0.7639974482215313,0.7431918908620894
0.7582903026583615,0.7596851674961642,0.6637326214903754
0.8444369209459587,0.8436595768702367,0.8365762386869795
0.8138946314068385,0.81219131877403,0.8023920356493214
0.8157371291068418,0.8164529066108775,0.7842676090066079
0.85911397153196,0.8607981435573524,0.8330697657981738
0.8296027135580268,0.830185062402857,0.7931301786688685
0.8184398907658184,0.8186708500485713,0.7627301821026325
0.8064986435445962,0.8069288010268082,0.788499803552076
0.8444046556126512,0.8447460843301179,0.8094304715221872
0.8730035666737708,0.8716937025285771,0.8584338582407725
0.7881789651073884,0.7891018080798116,0.7661755609903673
0.7785636090040831,0.7772934330520533,0.7484039834634623
0.813667775500971,0.8130655966178271,0.795920850846541
0.8008435049514258,0.8024725014467433,0.7972492625853462
0.8309477573160018,0.8304428388450297,0.7795985270686667
0.8018476326226409,0.8020013878716081,0.7821405564110375
0.8126248191948817,0.8148176039000544,0.7693692583337063
0.8371878697556456,0.8374672215580583,0.8343818858780134
0.8078467519955991,0.8078945299758494,0.773453389949449
0.8160624995928278,0.81650568160338,0.7792707051066953
0.7861175877589015,0.7835922030661554,0.7779457018269829
0.8260965176887107,0.8257042161382624,0.7928813764738193
0.7559951591403311,0.752763030567136,0.7394986714394995
0.803279644335682,0.8034218417709238,0.7826374479117352
0.8270544323458019,0.8263496343925268,0.7715526791199501
0.8501031000040175,0.8499031375029265,0.8237703804437514
0.8129790137523302,0.8137751604293744,0.7622066419653597
0.7802256561623053,0.7826559262736371,0.7805593848321823
0.8425421924650833,0.8440923032861045,0.8156045801728539
0.7753811019717649,0.7738129289693643,0.7534854308842208
0.7956215042326534,0.794612353865515,0.758357362559132
0.8125120254543025,0.8129870093534546,0.7816706991487394
0.8007508140106601,0.7997632210411787,0.7727826487452281
0.7942113349712641,0.7947437114266591,0.7664310381007579
0.8342174388287457,0.8333085725170777,0.8349733519840568
0.8639942693876772,0.8644371869402635,0.8485019080302127
0.7133158347098412,0.7143039596724599,0.6938500387697701
0.8272308813226128,0.8274335121809248,0.7966406051339984
0.7729401431090575,0.7740581052315499,0.7252321352661486
0.8238181292528503,0.8228099909632958,0.8204938845590632
0.8079621587875683,0.8086194172704615,0.7842101139783454
0.7817174160192977,0.7824169035515603,0.7727464359844504
0.8393729977494317,0.8412122913223508,0.8173697199405459
0.7866846544104291,0.7836713217715929,0.7599551848202184
0.8001428153398218,0.7986604372484657,0.8006376675233389
0.831206687959997,0.8318860234913182,0.7955456859945218
0.7579842537267587,0.7548690305530855,0.7083103053806681
0.8065021041085039,0.803011180062251,0.7787383613745396
0.7528277863432162,0.7555570034188721,0.7444856042423658
0.7882667207448235,0.7891211641198552,0.777433280450706
0.7725453094476155,0.7747554660093858,0.7438434656723455
0.826924812692911,0.8276859387137008,0.8253188397136837
0.7938005768839252,0.7948592534124753,0.7313687953384892
0.7876837499542464,0.7881641842125505,0.7768016506502784
0.725163798144403,0.7269518449800003,0.6218103253638817
0.7750578439349761,0.7746179987797812,0.7129477948492556
0.8005771133229432,0.7988362419369933,0.7713590395921565
0.7954869323812404,0.7937620433468338,0.7794053337211347
0.7607383627282853,0.7633917596195618,0.6799165277850086
0.7930962233839359,0.7931760536055401,0.7750620390811713
0.8111669570033976,0.8084742975805546,0.7945209498211546
0.8126863219688529,0.811441769633827,0.8085581450304267
0.8479268089301419,0.8477364959678982,0.824807540858784
0.7857694229122432,0.7821229390013231,0.748658507337431
0.8428605264097884,0.8422106575596437,0.8294731384190999
0.7569087272580861,0.7579721532353929,0.762261873255541
0.7869444688573661,0.7844184106865415,0.7755578797959357
0.774903828166661,0.7740109714568137,0.7114789819850067
0.8059469450684567,0.8068932895045717,0.7818470627555199
0.7855978446078413,0.7866043859972299,0.7324091284180629
0.8282504929273437,0.8285506838077589,0.7965543444172901
0.809061691002481,0.8102386423403912,0.7658951056955329
0.7936548274790693,0.7932454666972247,0.7313716023470194
0.7839079564915478,0.7849850895510648,0.7397959768511395
0.7674677737851029,0.7701225602108788,0.7204648910255542
0.8305544511717962,0.8296323870442905,0.8065933494747342
0.8595138813501664,0.8607970116793651,0.8188384004646827
0.8122526128003036,0.8113125322896254,0.7992981232881312
0.8132695486936757,0.813592651170387,0.8138357108486624
0.7964551488093516,0.794518003459317,0.7744688816133231
0.8243873307582278,0.8234475839804587,0.8214771030759529
0.7828541133787011,0.7809112510944215,0.752895961553577
0.8024567922496144,0.8024962456980695,0.7784412807547962
0.8537519357130293,0.8535984047989249,0.8233953322493686
0.7398945261999795,0.741016031611126,0.7195670000926915
0.7727535779784072,0.7709612809470715,0.722444847359616
0.7983240441110975,0.7969813708041309,0.7633177808560305
0.8618622410735066,0.8616248243468382,0.8550547137334263
0.8489397183109081,0.8488459087338924,0.8367742003471942
0.7927222927093825,0.792484957003273,0.7653701381253483
0.8151729725451691,0.8138839119330749,0.7854061802047883
0.7992378778660226,0.8019948375656168,0.7329939736901414
0.7229958854341267,0.7256251497403055,0.6533799718203261
0.8094573809400263,0.8097061319227823,0.7774477795203204
0.8044602259087518,0.8042859002073154,0.7814570923448567
0.8235438352340719,0.8236565995056068,0.7868410479084877
0.8296333023774949,0.8300911775445818,0.7880276420404437
0.7865025722640646,0.7852599872243291,0.7747505561338618
0.8019887464079161,0.8041516257044875,0.8061184650326041
0.7720258834226893,0.769694861416326,0.7202974948682199
0.8032669814120807,0.8016726057474195,0.7425534125314155
0.7918254691008305,0.7899562182374797,0.7917276374244502
0.8034878266699105,0.8016647201603104,0.7883400965847487
0.8437423033744933,0.8460388473953184,0.792918901198866
0.8048873647162726,0.8018014887842749,0.7778170872347177
0.7191911736570349,0.7204413147679285,0.673067945780336
0.7981031149462707,0.7953575159697995,0.7430782274944818
0.7869606719266495,0.7873057446429077,0.7618594748826005
0.7979605154250073,0.7966273186169576,0.743419046839113
0.7895805963289493,0.7903516725497992,0.7143546988039752
0.8212204457257871,0.820608128861261,0.7635167518057745
0.8098297751380703,0.8126246852331312,0.7446954329658633
0.8286585505751505,0.8290717821791949,0.8062142339574806
0.7695101221336842,0.7692587804386659,0.7069582766798406
0.8498245502633097,0.8498141437165901,0.8082095961535695
0.8233491504136108,0.8239157161719608,0.7910342229674254
0.8023121200702592,0.8031556628716944,0.7819652760521847
0.8282441223300582,0.8258700986373659,0.7990726888002814
0.8380955940057513,0.8378222048203788,0.7936574357582692
0.7804972169516504,0.7806406598929769,0.7404868214022519
0.806848237159088,0.8040228444790869,0.7690791645348458
0.7797799465181597,0.7815776352984118,0.7497278011641904
0.7751831770875579,0.7743674506853626,0.7308253847785824
0.818613415823841,0.817482379802017,0.7988038947726274
0.8080964572317211,0.8061514413830199,0.7957701247443011
0.8150675320484507,0.8156679389072812,0.786695180604517
0.802746808354413,0.8007670587117226,0.7890698559742078
0.8556395319290488,0.8549440484141414,0.788894871864336
0.7791113710878844,0.7778073303323625,0.7435435780614774
0.8522029895178621,0.852561709521272,0.8341150269313068
0.7781240469551266,0.7786407157159827,0.7735595576081805
0.8200088469714171,0.8206902267484271,0.7937772149236705
0.808444954228523,0.8083143279408256,0.7834213499462792
0.820440412666109,0.8229783413500822,0.79491817543289
0.7919256512493962,0.7924146449626464,0.7486314007130264
0.8180587525315248,0.8177084582933482,0.7936295666752775
0.8441426533431898,0.844352548805704,0.8380411807468886
0.8026441303133548,0.80289182366337,0.7657442300511937
0.75204778932951,0.7508966889143391,0.7156797359340782
0.7317170664999746,0.7343720101609441,0.7343102261765833
0.7796312383644175,0.7778383681322296,0.7337747725565794
0.8261771635889559,0.8253254958390035,0.7946566764148868
0.74648312963179,0.7470937279456669,0.7607988555465681
0.8031169290295344,0.8028577556885796,0.7789260661690818
0.8258839784428821,0.8252771532629852,0.7639708670131073
0.8150881906543129,0.8154825431192704,0.7982051159000765
0.7799449271613885,0.7795862765021053,0.7850004813850505
0.8490278553511547,0.8498013841134762,0.8291291878332102
0.7510989909409345,0.7499376552967484,0.7081412025798179
0.7644683004948335,0.7641133045104413,0.7177427396558873
0.7057863816841146,0.7048919593316032,0.692050894953407
0.7776717568517024,0.7762454081121617,0.7442040772668299
0.7834068049601441,0.7845402669956334,0.7432128387293349
0.8179267165333436,0.8175976179300255,0.7868069884243598
0.8457614523477988,0.8443886417743045,0.8290534963101439
0.7693593079090285,0.7701403425517896,0.7631597061486326
0.7561165571218365,0.7577385756104129,0.7247409340620357
0.8092449569328486,0.8102936699905343,0.7940983729598121
0.7572007884974105,0.7580195998040771,0.6808148579710029
0.8391002068288268,0.836366322668438,0.8365801206080071
0.785079630095713,0.7829059131771672,0.7778639132785504
0.8207452297223733,0.8207254840282227,0.7932059596483011
0.7993812202798085,0.7979762463358925,0.7454463181355688
0.8276908346960618,0.8281404247525496,0.786984943463174
0.8109434232141112,0.8095913347358119,0.7586128527642128
0.8365242159230202,0.8356041413717996,0.8101347614671939
0.83855317366027,0.8375873434832728,0.7958562881354762
0.8708437011116478,0.8705008159634143,0.8429972308803296
0.771360078119369,0.7697269025072113,0.7481936434553658
0.7602670566155888,0.7600537525526461,0.7435871999379691
0.832919479368167,0.8331618885624581,0.7956435399860192
0.859409680042099,0.858043058581557,0.8121341927374232
0.836419227082244,0.8362246790344162,0.8059459369406778
0.7992370762153527,0.7996543686100411,0.7307068163690658
0.7946168406966408,0.7946284294688678,0.7492665912472489
0.8138607935839495,0.8102424085181305,0.7918681760838782
0.7880617464824089,0.7879194707366394,0.7184040002602126
0.7929174173618854,0.7928277495065368,0.7549400364134403
0.794825541601107,0.7942054644346086,0.7888338944114616
0.7756490095978111,0.7758601597117984,0.7301012997041063
0.807783379483433,0.8089555701856399,0.784321497679838
0.8099765544150461,0.8091557413320016,0.7842195111247812
0.7326835846844593,0.7329019960434161,0.6476778537882291
0.7553460927222121,0.7546483076696825,0.7401841568932258
0.7850812631552424,0.7836130549748237,0.7286720740246182
0.8620481528083067,0.8631059574131745,0.815701845316779
0.8193511404299252,0.8203464179204762,0.7862128107549252
0.8240014376439884,0.8203894154272899,0.7876588300921065
0.8011598179125651,0.8006835775972783,0.7573222813528981
0.8672880457011757,0.8676645385668761,0.8434605712841279
0.8505389879207672,0.8503301235264591,0.8335798766115295
0.8423763988587357,0.8418821961884732,0.8414198996053972
0.7663113892203637,0.764429093257549,0.7621151920807164
0.7781616335194494,0.7746688453365396,0.7544147804287612
0.8236958865717441,0.8230029663049363,0.7915492434687048
0.7931017685556176,0.7947006285715208,0.773873643786243
0.8206086478174419,0.8211150788732265,0.817147603237407
0.78451950909625,0.7841858994237303,0.7518299050671842
0.8251241273318005,0.8245796098698062,0.7939528841946552
0.7695949317192081,0.7710469376214495,0.7526411267797992
0.7918952634182209,0.792542411949283,0.7580729190024944
0.8317620459841076,0.8307386639491436,0.8064032343927034
0.8639980839066583,0.8639598569701656,0.842910487542086
0.797746133465471,0.7987585057801373,0.778298491475279
0.7531848973186768,0.7510754344261152,0.7152384723373344
0.8178010431986992,0.8159437041022476,0.7926135506608669
0.8481294196451586,0.8492377707635945,0.8476607243486659
0.8040299879327171,0.8066172972716007,0.7403778288284064
0.8143577532152589,0.8137609206069405,0.81005209374269
0.7984414577376209,0.8000859638357494,0.7468264007736674
0.7644655710687763,0.7643830662877815,0.7493566183011084
0.8175560045138575,0.8169626152363162,0.7760069239873595
0.7856797513452204,0.7853743134053359,0.739153556800804
0.791815081082912,0.7900335413224726,0.7824062905850786
0.8352281104869901,0.8361810978948708,0.7818182255843247
0.8019086161350704,0.8036721760677868,0.7315178656453135
0.795296983080766,0.7957683813863086,0.7945069785800816
0.7753526008772015,0.7757831157600849,0.7441448294416754
0.767198631251285,0.7658228042742085,0.7511968204062843
0.8093974792013126,0.8099294404480237,0.7870612786919745
0.7468549591949097,0.7475737660189394,0.7221958418718648
0.7865293153772321,0.7853160376030363,0.7508209635515632
0.8296816394638391,0.8292231616172673,0.8006739884399866
0.8017195480469907,0.7999081944863696,0.7647620700936228
0.747885485054578,0.7498486416746137,0.6556084447919122
0.7338573141297288,0.7341225977249639,0.6925729922742332
0.8086759609454065,0.8075781625223692,0.8060190873696721
0.7411107751317523,0.7412497558266817,0.7248841360964315
0.7452628331362123,0.7413458786571894,0.7137775136552564
0.7692125468125671,0.7682715683683743,0.7656291755849243
0.8262116204040548,0.8274541406229393,0.7985801235818868
0.8318498211632277,0.8316763180486035,0.8068417402183756
0.7948411563327401,0.7917096375670061,0.7483649613511056
0.7988861115857464,0.7983588767365402,0.7986160371602955
0.8477223815207277,0.8481421299375483,0.834336998658491
0.7941922316014594,0.7953641549374584,0.7670035980940242
0.8014143270273713,0.8015714162675966,0.7951191108709378
0.7903972246110382,0.7883848211827467,0.7848001151728858
0.8218520176429013,0.8235890171850141,0.7694373464830224
0.8118984427316233,0.8117915741045811,0.8081542909693488
0.8044360291646261,0.8060018732306823,0.7758311023055651
0.8774705592908801,0.8766115167658751,0.8587815891265939
0.8020500190473158,0.8007808846019929,0.7535833276189161
0.7734054557288945,0.7753696105428631,0.7524872122341941
0.7737068355436292,0.7725830274998475,0.7713480555441169
0.7611370501979728,0.7609721931219505,0.727690135195703
0.7717211599208328,0.7707113726745605,0.7390760375504737
0.8394422755084656,0.8395745310865652,0.8052287315319424
0.793207430638421,0.7929839693645911,0.7834873429075782
0.8085484931943562,0.805111193577887,0.7860996549377259
0.7693968940187184,0.7696591656911405,0.7044607529168926
0.793674095410261,0.7942942128839584,0.7733869471226528
0.8415592569108234,0.8424688461180232,0.8084499482665874
0.832423099750215,0.83274660675337,0.8122755243734291
0.8597593201946203,0.8588661976451074,0.8242345690631576
0.8298294165861579,0.8273904682728584,0.7811260426585194
0.7407093236457045,0.7396657304588843,0.6785333574636289
0.7776992419711399,0.7782461110139711,0.766614978072871
0.7891999705047167,0.7880889570062776,0.7569438764693849
0.8040862961672731,0.8040385712186637,0.8008021727972456
0.7685634423842527,0.7684033531296299,0.7245023900308036
0.7996535766887649,0.8005770482280812,0.7180432926049964
0.7925412223083776,0.7903564104542664,0.7764066922729427
0.7631072706521215,0.7612843317797275,0.7489372047700951
0.8622355354272114,0.8619073197977091,0.8468533586512986
0.8204129453441307,0.8211590050130183,0.8195049464523856
0.8165851259132713,0.8160996291414666,0.7895709888485534
0.7570274874261917,0.7573550787523412,0.7352130403339104
0.8075337663547634,0.8080881959826398,0.7655688814902706
0.7958860983056792,0.7957923036727969,0.7692265841448571
0.7821679150847628,0.780197762501117,0.720659341963028
0.8512000318415711,0.8512518811566832,0.8463672731073754
0.812437658445068,0.8118999677736627,0.7751187601535063
0.769039453260218,0.7706381468002834,0.7187753714985649
0.7775965080120485,0.7782653194127405,0.7822842593989896
0.7826503645631149,0.7817437461092653,0.7379561862654653
0.7700407950402657,0.7688895502504165,0.758483531387124
0.8137193353184798,0.8124360517850806,0.8134019955956481
0.8059958884881232,0.8052396057239496,0.8043445638045326
0.850146710038537,0.8507492359249129,0.841851851854365
0.7944611718851255,0.7929239595535043,0.7284648949366741
0.8108148018134614,0.8123543175436817,0.7826837881736288
0.7390246658763082,0.7403239829612669,0.725628081762445
0.8317102648153587,0.8302965089232566,0.7896317463120286
0.7924187828908207,0.7925234060774391,0.7388599949585843
0.7799219286415396,0.7801401106867449,0.7841872016824571
0.7869090804800049,0.7859491930755185,0.768854228844241
0.8264478927502797,0.8246191881957753,0.8074687342237862
0.818224290550496,0.8168824847385407,0.8098820236983538
0.8200193018563383,0.8195476280735823,0.7919031735730082
0.7973025508951943,0.7969847462809017,0.7904659533968019
0.7868848156166336,0.785067477043612,0.741608246597704
0.7781799445803631,0.7763700809312606,0.7736890809745973
0.8377177083213672,0.8385138646999059,0.8588928333194592
0.7537932027649223,0.7551818940153949,0.7075524447429182
0.7926377690864663,0.791400068231898,0.7590434888977756
0.8329934669851874,0.8325750772890632,0.798367582002258
0.7851380890557842,0.7852694202528104,0.7472906039680083
0.7557372700413663,0.7546329358473712,0.737105595106601
0.7712220609769226,0.770221439257973,0.733895505703517
0.827372649461634,0.8251257960977929,0.792086613557377
0.7550393135409034,0.754878359328495,0.6971215600079288
0.8273322376980502,0.8252208655992102,0.7930981463567794
0.8332059307561959,0.8320696283500536,0.7989818864512792
0.8348752764821237,0.833631302764471,0.78037909311776
0.7976273733135529,0.7988374870045327,0.7644740796695173
0.8384446802944306,0.8394077869858572,0.8207094129480257
0.8099164054149242,0.8074941475557063,0.8120872726939433
0.7711331906316521,0.7701555536712404,0.7426102640724984
0.8713061538553274,0.8703670082313465,0.8366469676157089
0.797897219012896,0.7975933236445134,0.7666484394922176
0.7540480378740783,0.7496096034400134,0.7268492719741143
0.7675209732845776,0.7681362844474715,0.7502965881456316
0.7905307002982701,0.7915610165887317,0.7801197210652094
0.8174963398900124,0.8162648561975248,0.7890300900795066
0.8408200394891532,0.8414862159161408,0.8218129471232283
0.7798897033546752,0.7803665563453549,0.7158310429335012
0.8137947733857879,0.8156030456683097,0.7764874590660279
0.8081659412762908,0.8075766325301318,0.7994198475725011
0.850381235505706,0.8504108794473921,0.8432439067571333
0.8065083159369133,0.8074126868170779,0.7265332117650785
0.817523598128837,0.8172234030302419,0.8066576172654524
0.7523604466926357,0.7517107640878249,0.7120655831046755
0.8075530971777956,0.8065285009846842,0.7620512839701787
0.7995080430085213,0.7984078544789951,0.7580299126241142
0.7804488120242892,0.7814768082640048,0.7721580735958002
0.8443043592034135,0.8458305316469203,0.8142307694043567
0.741712145318441,0.7423734157569302,0.7347131722331064
0.7574532836435863,0.760175379825587,0.6526146155183815
0.8411117666635989,0.8408548295622764,0.8210528289226663
0.8327438471958137,0.8311188655509552,0.8278765455956368
0.86457961096769,0.8658040100559777,0.8622580086424755
0.7594361543803361,0.7597794223484302,0.721582492981431
0.8011564611239423,0.8015191654558447,0.7671995060557624
0.7422858499124216,0.7411042849478293,0.7252107274399209
0.7724751448953852,0.7712270691502329,0.7306429703830715
0.7620913935068836,0.763126504369945,0.7443339962259992
0.8259382068900651,0.8263374132489282,0.8314744048076148
0.7958723540477746,0.794847018545937,0.7805814019653875
0.8838380546494181,0.883677408846226,0.8603636880775392
0.8486716678852121,0.8477775030621834,0.8285700607628038
0.7663932650897796,0.7656069312877338,0.7016615922175208
0.8204819267049734,0.8218806936983063,0.7959174817590423
0.8148227719168297,0.8150974417354473,0.7374077328310324
0.8336306955664652,0.832439921893246,0.7967992678879625
0.7675573807614114,0.7672925625756241,0.709613851742569
0.7610852515972624,0.7622025052777468,0.7244852813903879
0.7641476681858408,0.7635827460453097,0.7339600379828567
0.75959498988231,0.7585611317529519,0.7363941463317065
0.8345700443920999,0.8363347362608953,0.8273735649433129
0.8261086003098876,0.8268007332132328,0.7818369730571617
0.7435822469378347,0.7417102068660151,0.7391814176297131
0.8110611698893194,0.8094800842004605,0.7821193331618145
0.7973363956661049,0.7986047630562243,0.7643864735871795
0.8480624073669005,0.8472166953495004,0.8134830861156903
0.7376947750118339,0.7364208744450871,0.7195946255124674
0.8353821065573839,0.8346060105369937,0.8190177920121167
0.8290825996292408,0.829362252252901,0.8074885276126733
0.8383699447057175,0.8381819978204287,0.8582784384484133
0.8349132226666511,0.8362952582918731,0.8140888395044528
0.8228675411396764,0.8230011293956255,0.7738571655076758
0.7164961458646901,0.7118570600574076,0.6874061251414681
0.7956417660339496,0.7969666697961602,0.7871972945144821
0.8142529769325015,0.8138168337148196,0.7857057659600969
0.8473299066440413,0.846469936460795,0.8265817036106144
0.8274395583950304,0.8272402925636515,0.7848873877005521
0.8012369643574749,0.7996252087459313,0.7594821877559157
0.7992377285995338,0.7997475383672625,0.7686709561800322
0.873149955106213,0.8720944581804406,0.8316541483693421
0.779365223366659,0.7804145686129583,0.7333419207326943
0.8191339717143196,0.8192051902244001,0.8108481085420927
0.84109699673494,0.8407301440114676,0.810575558595942
0.8496754798837715,0.848776890680727,0.809011286624367
0.8034374728862711,0.8033168032021996,0.7761441616868991
0.7695550595311578,0.7705936772629421,0.7643715029487809
0.745483666692409,0.7444458544884054,0.7418992256979877
0.7440637553224556,0.7431240740743805,0.7255155840103923
0.8134465591254136,0.8118300778254806,0.785570152046331
0.8326728942264913,0.8325966282631416,0.7991503160601594
0.8241576085833182,0.8246747849040919,0.8289119662654139
0.7620109290928856,0.7621911962995624,0.7443065155899018
0.7935537416942888,0.7939260150999352,0.7977328849468148
0.8314492030694037,0.830898767815732,0.8131146265931706
0.7951213077484898,0.7949139920155889,0.7550998031098191
0.7603561608768082,0.7589600766592635,0.7488982566485753
0.8217243860076315,0.8201295198106183,0.7945677103308476
0.794699792766034,0.7947682668948282,0.7285391204446036
0.7812076567688272,0.7793386242585552,0.7507102041957976
0.7965918049045191,0.7977215597204604,0.744903273285579
0.7820151357112977,0.7821337401805913,0.7546380428377739
0.768543197055995,0.7672732032153347,0.7620330707119991
0.8380801289420965,0.8369676559573953,0.8035267555972857
0.8139984750259357,0.8131307145767552,0.8127850318659615
0.827387767732339,0.8293448782581592,0.7990989915176321
0.8195712666728316,0.8204399113484452,0.8133013623171172
0.8378266967568345,0.8366074409941157,0.8176762648113922
0.8021572090264404,0.8013378838176555,0.7624974864674221
0.8202376119626104,0.8203430291840242,0.794979006717766
0.8403532993706383,0.8404175304455199,0.79540851624665
0.7820271135805229,0.7798300679776556,0.7289037674007107
0.80526424153103,0.8043026065807141,0.7927471822399883
0.8003845788088497,0.8018597277648439,0.7482601355879754
0.7844068589176896,0.7858304490271276,0.7511372549110017
0.7788019075084986,0.7784845436812096,0.7789766337054567
0.7917261653951032,0.7906073926642319,0.7307507565170317
0.8183228596583865,0.8177987209870857,0.7799543152085339
0.7843553628031437,0.7845683767562773,0.7507886628724261
0.7603999495469767,0.7599789241517605,0.7538680071405628
0.7852063089168605,0.7843221425781164,0.7692033033518902
0.8316226680266784,0.8306213063470291,0.7953633404499485
0.7738291907021511,0.7734963405683447,0.7386402673395849
0.7552727820499974,0.7539591728449905,0.7357115421910998
0.8290907979488482,0.8276755921220378,0.7797829864052904
0.8028982516111808,0.802979381043489,0.7950453341249274
0.8174923210760747,0.8176801449513,0.7967662847415343
0.7971950346191397,0.7957573275477132,0.7833808913408644
0.8322825883708596,0.8321265334264478,0.7929492104049042
0.7753882634081652,0.777756271690569,0.7551519691402474
0.8130515147998816,0.8142902332439304,0.7977773556127636
0.8330847222678086,0.8340217811324607,0.8016416963450731
0.7639719037350855,0.7611249445889939,0.703745971099625
0.776242056791948,0.7743644123896933,0.7312559259456971
0.875556300815653,0.8747932349824776,0.8531537509966142
0.8125014424435583,0.8142932479297249,0.8107352412325326
0.7917110563651587,0.7934584963981243,0.7777592144561959
0.8195894990311228,0.818699758611528,0.8127576866995134
0.8103679174613968,0.8097715941077696,0.8007288900298487
0.8289763085629569,0.8274798362267549,0.8142449347783545
0.7601161718708737,0.7608745041186725,0.6905464671004569
0.7701307652633081,0.7671490125813752,0.7310937274630014
0.7425936057507372,0.7432131467543698,0.735255943482562
0.8680028970195399,0.8689548883179845,0.8487747115012432
0.8724232864905344,0.8713353138139844,0.8457961052032346
0.8133807691865194,0.8134034325374517,0.8070208518141978
0.83885826438404,0.8382736364965189,0.8005467033524843
0.8584821377164148,0.8563393123430085,0.8410998836564901
0.8147650065973526,0.8133362964541038,0.774897502611182
0.8571182230295612,0.8582983100213593,0.809901362102867
0.7881723400779094,0.7898755832640872,0.7481837475950254
0.7822679535607524,0.7801536447047422,0.7192785758295441
0.8231476957548166,0.8247875478594086,0.8109691423373524
0.8065694878905375,0.8079915527717945,0.7876594938655461
0.837446675597924,0.8387927719323375,0.8160257172032006
0.7939668125744952,0.7939883829880567,0.7882833199938974
0.8066614620269233,0.8053063098207632,0.7841191720081104
0.8419598486483579,0.8418418053211754,0.836381524273949
0.8143366883028383,0.813214910515527,0.7825689539984413
0.8289048787053142,0.8270788021803848,0.8141703137330333
0.7965680605802908,0.7979182216329801,0.7808915736554687
0.8177670342663763,0.8154216506199925,0.8048603193378199
0.838400544556273,0.8377535640319766,0.8231350406184187
0.754219044676076,0.7537030844899418,0.7364649648606869
0.8404019644521543,0.8417739595517992,0.7852318390238114
0.8259988754117338,0.8256196031528515,0.8210212859102803
0.8064939013967518,0.8071214280472586,0.7924290048692121
0.810443396060819,0.8101378548091603,0.787128370841069
0.7250462936802202,0.7264415162085449,0.7038809445356722
0.7710848375805097,0.7727831633697905,0.7574026668250509
0.7469456617410039,0.7501457253211752,0.737289613822484
0.7636827527094112,0.7641180300691658,0.7621925801540689
0.7709043520627371,0.771269380274276,0.7327121449649993
0.8416820330153449,0.8419098230997658,0.8169495687293078
0.7977894300216462,0.7993235246987859,0.7758489583083734
0.8123307326574325,0.8126231490862347,0.765143547086336
0.8672960608415133,0.8674714680341074,0.8521262006311578
0.8208725332475044,0.8185001269070552,0.8126974797364862
0.86740060773334,0.8667456216962903,0.8505111337633939
0.7347814798525529,0.734991904041068,0.726540769682356
0.808606294893802,0.8086186785812891,0.7715514912848318
0.7848644681588998,0.7827039743635875,0.6905775062429821
0.7900322348669181,0.7889090213857258,0.7831457775940042
0.8325358525519274,0.8331467311751368,0.8001533858100405
0.8189987928361996,0.8189174273450628,0.7969036844029876
0.8318417196122685,0.8303192184607654,0.8121734072937428
0.8021588418196732,0.8019998170494447,0.7657781343707237
0.816607524507186,0.8162362481769125,0.8072493050412898
0.853838455495782,0.8534575215589794,0.8207019242892857
0.7839083152503681,0.7817368290674975,0.7745934748320901
0.7788535443435618,0.7823850618967474,0.7713026696301525
0.8629440061245484,0.8632538596488077,0.8199398949463238
0.803023238485627,0.802875833469513,0.733584938038357
0.8251473020256255,0.8248225864952243,0.7982358657449702
0.8144062002478399,0.8145444654315074,0.7905196476320943
0.8429616170263777,0.8422967643355294,0.8147698441454808
0.8585364132319006,0.8587133156043834,0.8387440368590209
0.7552717315196887,0.7561331627165812,0.7013334638976092
0.8137503703274458,0.8141895911957728,0.8005433376562281
0.8465896105378964,0.8459371216981854,0.8108453039686772
0.8343016969277389,0.8343175365712532,0.825446332134363
0.7791388403719354,0.7776828426398474,0.7446481304664745
0.8155032079919146,0.8144558481201838,0.7894433685065433
0.8324233227619233,0.8330145342164712,0.8158704572924251
0.7833900267535915,0.7828149837212844,0.7375014811641718
0.8187319475611254,0.8219215861137256,0.7777997901248228
0.7715745574217623,0.770120718586941,0.7459134554048328
0.7935798227698735,0.792815710678936,0.7717246662157093
0.8521537933046414,0.8526908327945957,0.8411606168978043
0.8291260566532157,0.8279403665350024,0.7819071776526988
0.7848596267302669,0.7848201080561807,0.757015259062779
0.8164608785822208,0.8183602029150612,0.8019938655282334
0.7670985313749916,0.7686413575419428,0.7560062773563553
0.7778013985168225,0.7766622568697777,0.7470745409340315
0.8178276245710202,0.8179158399285289,0.793003539162582
0.8209538812659265,0.8192624574290649,0.7702804678162658
0.7627852253015168,0.7636191244580588,0.7149649626636285
0.8670890831553776,0.8672599320542356,0.8195194663181711
0.8221461794717246,0.8222521211904297,0.8418579843514513
0.8280952478972883,0.828160365302539,0.8030229223735305
0.7992881722062244,0.801103640104897,0.762762509730843
0.8270670164441093,0.8279273764372194,0.7799456834939074
0.8302814304420691,0.8311679533752411,0.8085928946853862
0.7266940226807574,0.7243326177282761,0.7043036148293084
0.7873787817505896,0.7861853802961905,0.7654693471998674
0.7519823769395535,0.7499087409716332,0.6957524745948962
0.8523343977910578,0.8515272008101918,0.8276990009394196
0.7978644315336173,0.7959491722805352,0.7338882507423523
0.8126377970598594,0.8122929971468258,0.7855153765334817
0.7649185743497543,0.7674047659609862,0.7688165478678108
0.786150373839442,0.7873306520405973,0.742771191118734
0.8442446542304474,0.8437849699518738,0.8163798764943838
0.812933177335134,0.8127390044171261,0.7845307934784934
0.855294908083363,0.8554866523706333,0.8469355551771548
0.8449666842451099,0.8449340223031989,0.8219485026276984
0.7793266331963089,0.7812740482474438,0.7801508776429357
0.8353463692813157,0.8333879662104029,0.806367429113305
0.801344466008201,0.8013209344058068,0.7869388178034986
0.8294034002889163,0.8296740929081157,0.8141313845221131
0.7801126513516515,0.7796325690356329,0.7511795155814279
0.7914335770192913,0.7912142066714384,0.7558825774497858
0.7905214211573792,0.7907899234354065,0.7906230885169965
0.7417456567130463,0.7424999961118839,0.7355871913008352
0.7819206289007327,0.7814131290551591,0.77143952065938
0.7695875047768267,0.7714006014381692,0.7324524099986129
0.7649205959014395,0.766749065096906,0.7217750097158682
0.7782262930908425,0.7781269941939523,0.7528750156101807
0.7911410890574299,0.7880359873350166,0.7494502480418663
0.7919778604322978,0.7913825211589757,0.7522932172630961
0.7863110269573407,0.7844664726237328,0.7526852998528658
0.8473719699019979,0.8449175204203612,0.8050372576893944
0.8615110876676053,0.8607967087807287,0.8352714149104781
0.7833966076695693,0.7821816250781793,0.7393669097231725
0.815224987600929,0.8171328061578016,0.795643233919148
0.8364173719428836,0.8354029706817445,0.7890426986886057
0.7954773157166477,0.7956095229901871,0.7626171133564739
0.8590224138027869,0.8586186290634615,0.8465754963751574
0.7823982103296996,0.7855631045015572,0.7517274031101583
0.8563651433007572,0.8556633116480481,0.8010523879363272
0.7724084551271698,0.7714461746842052,0.7739935959030895
0.7992709556208143,0.7979920432619694,0.7812698849492623
0.8342912354282775,0.8346094383131218,0.7746953146632269
0.7737362918113817,0.7722014778421578,0.759844151638086
0.8026176937350666,0.8018501989017066,0.8020623871980722
0.7673397270253941,0.7685325165688368,0.6687831644696978
0.8461673819363873,0.8431952126100085,0.8072287021885259
0.7888275683763306,0.7886092695901554,0.771696192477684
0.8556538555774301,0.8553702826949499,0.812894422189286
0.8020273062800571,0.8011788101268924,0.7514920514785425
0.8377884745188132,0.8359900707196242,0.8194813955354798
0.7529050969112187,0.7513126896161313,0.713338616865262
0.7896087694434031,0.7911915753139741,0.7726264257052523
0.7318557562774071,0.7342184696396753,0.722276799226503
0.8356339735261131,0.8347669422947956,0.8246023579379445
0.7815917149210944,0.7826757423360581,0.7592494365228745
0.8004354923467314,0.8022475633531383,0.7632076059805037
0.7629964562786145,0.7600361791961111,0.7386793600604855
0.8051292491920276,0.8023922765347661,0.7916012530350269
0.7638804901242866,0.7636749465574639,0.7762789188297656
0.7916337403763067,0.7913341232942901,0.7699588414242722
0.82395225062236,0.8236097025092923,0.8367641663689258
0.7682762980178848,0.7678122708540919,0.7464655198291908
0.8488309026080045,0.8512213498081568,0.8112281872426313
0.8073727778254384,0.8068831034975104,0.7731846391227656
0.7730919956162103,0.7695774879669401,0.7426307244118107
0.7559516415148311,0.7555981895355287,0.7572041094883718
0.8046035154207104,0.8057732331061525,0.7256165808902284
0.8218015909283558,0.8226919339050595,0.8088733525933782
0.827721128688032,0.8258439496936323,0.8033447496368916
0.833776103858099,0.8325158658294698,0.8172067496840569
0.8029735799578781,0.8019849510024668,0.7789831613760797
0.8251664915801601,0.8247846121680288,0.8001334436800802
0.7800746024005529,0.7770449302118322,0.7812789677538754
0.8592846642214219,0.8583233630601729,0.8520716880290845
0.8250330132429666,0.8257415498150571,0.7642328813916199
0.788786218072465,0.788645675770822,0.7657131274712309
0.8125031793126312,0.8122635515681212,0.8048685744320347
0.8185673962215628,0.8166994831628607,0.7718807775955296
0.810582557847441,0.8104921712390283,0.8264999739182887
0.7815108572298872,0.7798211580461208,0.74887401433594
0.8010581179886378,0.8010555097485255,0.8129050504652023
0.8428462624933137,0.8426627395559271,0.8225569755945301
0.7815804390731464,0.7806631064377234,0.7912612062454742
0.7702893281671981,0.7677408281307698,0.7376445022061144
0.8108558042226756,0.8095685431926496,0.7699595366460609
0.8286658042227886,0.831377711810091,0.7982261406692054
0.838290379509495,0.8383484112904634,0.8248335478019921
0.8058576697642654,0.8015624564275059,0.7864110321471877
0.8349196714954381,0.8354533208327396,0.8367604384706272
0.7521612497814073,0.7532142998570202,0.697895734097383
0.791140867381716,0.79132158051192,0.7869173905120084
0.7834340525108109,0.7824049478341342,0.7673092173291393
0.8102381337173211,0.809509491613889,0.7904721737867892
0.820605622501671,0.8228823554104753,0.7864139675417241
0.7080697656180942,0.7066600146239975,0.7077924562140979
0.7754499137693162,0.7758493088434673,0.7778105885206443
0.8748841188102855,0.876080803689126,0.8620596724696354
0.8373060735730813,0.8368186676506781,0.813772331073565
0.7622564532744356,0.7617303594796256,0.732126376526373
0.7465246054925976,0.7468178036250926,0.7030614581481239
0.8034805016542453,0.8040388163428401,0.780313547646335
0.743787821948054,0.744322670345866,0.7258270566221783
0.7415579756855383,0.7426987725403342,0.6988619039857966
0.8427431703050339,0.8421311575412469,0.8319923663070223
0.8274132587290901,0.8286145791890281,0.8216607473384256
0.7931325357392622,0.7923295382247185,0.7650889190389791
0.8124181835716684,0.8145639985389201,0.7892058460259902
0.8159831091270259,0.8163491824034125,0.773268197346989
0.7835812693991492,0.7835424292247285,0.7452771998579997
0.8397513610989096,0.840046167258637,0.8258038631357218
0.7974938013945932,0.7979514400550531,0.7838544779923167
0.8361432840473795,0.8365488127033851,0.8217958983691168
0.8427504073131005,0.842975787166604,0.8384859237814736
0.8350089474092844,0.8342939387677939,0.8068396067802797
0.8061348056837082,0.8050268584919886,0.7939699124909616
0.8121524907787506,0.8117506352422043,0.7603228366873085
0.7649900011160613,0.7652437562731921,0.7624487035227376
0.7951089805225192,0.7937974073491934,0.7858428041020956
0.804627354958649,0.8046449532760177,0.7888280124963925
0.8162350527574048,0.8156412083575171,0.7982452584559965
0.831027876682545,0.8282573785237567,0.8208157540924251
0.7340456661230383,0.7332273373629471,0.6912559126324371
0.8435721319217753,0.8436617379836978,0.8169046036036393
0.8054733985696927,0.8060020807561972,0.7582227744487996
0.8336287663186552,0.8331498764477523,0.8165224692844274
0.8326399584760316,0.8327594276682547,0.7984683568817458
0.826028001566489,0.827633438696676,0.7827334957211431
0.7686161140717245,0.7684670881401015,0.7331492928375382
0.7661047673789825,0.7633119694274968,0.6960278920972194
0.8075309927222493,0.8081918273281328,0.8115136222556629
0.777045577233903,0.7764192386862286,0.7672604892716112
0.7336704602026285,0.7325837251731957,0.7130475936276548
0.818205891630216,0.8178044378918132,0.7969415687308166
0.7854827878034796,0.7851389651015468,0.7833174147209203
0.7943071745041099,0.7924856257158325,0.7719876697425094
0.8345357423003552,0.831767104687225,0.7708154163954218
0.8230378767788744,0.8223818574317661,0.7732832801087014
0.8243135955092031,0.8251837961712122,0.7799827535624195
0.806860447360786,0.8067402997343931,0.7514470170535192
0.8020110188393312,0.8029452947583124,0.7734850191725289
0.8391384366859007,0.8395967604814896,0.8193875971093477
0.7746845496560832,0.7714558492537886,0.7322891031070948
0.8237596458625072,0.823203181032141,0.7795479288387615
0.8126191761936848,0.8128203523028084,0.7870593104385032
0.8009289229029021,0.8014573851713904,0.7579435588008973
0.7512991699075608,0.7505278315205794,0.7654146105053462
0.6986846032511782,0.6937511704168361,0.6874052825853599
0.8012512446112591,0.7994848014848728,0.7772028044736288
0.7663273892898423,0.7654764993185971,0.7317808966547228
0.8017536567977488,0.8029878593857069,0.776488330228505
0.7972157210274272,0.7980135402759294,0.7630308069745302
0.7959924017416462,0.7936439770292408,0.7714121234100384
0.8262718128375304,0.825834285343493,0.7889239486008648
0.7886577865829126,0.789373144373474,0.8152414607048176
0.797193927496141,0.7949361449697652,0.7695898935590887
0.8028518665231834,0.8012350806102251,0.7653714075477389
0.8143760973270392,0.8138381671418429,0.7969198090095614
0.7463473411305509,0.7463585578782108,0.7016586885849824
0.7983834386756717,0.7976132903281361,0.7606477198047484
0.8490644420202488,0.8469172191158048,0.7923373435579422
0.8420732767936047,0.8428713291787135,0.8288657053260884
0.7776802717250115,0.7781821933579056,0.7116627736516616
0.7519267523967652,0.7513933261188557,0.7424179067700492
0.7928261828586771,0.7921390444379456,0.7367956050954964
0.855710913140517,0.8558011511616871,0.8444574407813303
0.8366935677105488,0.8367624627833925,0.77801289234418
0.7913522130248092,0.7900355614528249,0.782113974906613
0.8283363547987119,0.8291905542831615,0.7981075067727275
0.7945760252281667,0.7960591487141582,0.7701747443068631
0.8177375300138255,0.8181721871726539,0.8071502269894428
0.7679847361523584,0.7690814993964376,0.7283746792230026
0.7663487609013651,0.766752408065838,0.7467101649792589
0.819808317363013,0.8208846623175511,0.8181040370661312
0.761745618518138,0.7647666637473529,0.7141224524241634
0.8076686954456964,0.8068290800797866,0.7764494115529845
0.7942199269056317,0.7933320698840103,0.7407629428158378
0.8489704890130099,0.8470283640826949,0.8016097015261279
0.865466175337914,0.8649722354082371,0.8300593226499372
0.8380101773501744,0.8381786194269824,0.7912789748698763
0.8142269290206354,0.8156971857690463,0.7789549536884393
0.8041676173053734,0.802738969017901,0.7449815096995523
0.8156586774636306,0.8145535948340953,0.8167939638710975
0.7751992902766722,0.7755469147904481,0.7223236490229942
0.8178465544408007,0.8186424826195511,0.807078433710028
0.827257582188865,0.828018349396429,0.8078254729586429
0.7726091397513446,0.7762330065456664,0.7340701982504023
0.7395785278834873,0.7411604137264914,0.7613967240387844
0.8389986403877854,0.8397150336422861,0.8207197648526376
0.7921041339942123,0.7904271430121901,0.7206161919795753
0.8197602073020834,0.8207596952185685,0.7937517226061487
0.7756369378219329,0.7764885708225384,0.7382916898542686
0.8293689892101042,0.8300198006211841,0.7983111705390361
0.7713406824575759,0.7713477578490284,0.7331872445868528
0.8067222453707579,0.8077103139528492,0.7913060166930839
0.7643722792577259,0.7635702420165242,0.7683603139440589
0.800171032451449,0.8010688405080978,0.7835284544216291
0.8385644363460021,0.8378400465596954,0.7994450690741514
0.8281368312903669,0.8277820307916659,0.8029246378889519
0.8297119931569328,0.828577790227401,0.8135192975937922
0.8089419685646425,0.8079366724862214,0.7696939028338758
0.8173869966550471,0.8177579183501951,0.8230464740786501
0.8055099026347096,0.8049693086774038,0.7569082719153579
0.8233925892396073,0.8242521183055642,0.8112139948388584
0.8022867909568276,0.8014664500312338,0.7725681660610715
0.7554135679677632,0.7559954755880148,0.742884537663569
0.773374278694219,0.77098276789428,0.7700182347637392
0.8532475691280097,0.8522895756881328,0.834932641126745
0.8346109500806609,0.8342235232026428,0.8109448816235553
0.8134386332959842,0.8132934985643401,0.7992786519081696
0.8036844601380294,0.8036477006027104,0.7665528687913187
0.8451973351636506,0.8435219432067379,0.8216873465341968
0.8078538028416758,0.8077794563442718,0.7676800632095832
0.7843927061846216,0.7870882400373065,0.7581713536582527
0.7885383255278136,0.7863573778275637,0.7730479140947758
0.7693969376383731,0.7698154752042837,0.7215946248184979
0.7881338503460722,0.7881577150206049,0.8140495070940891
0.8574968033942556,0.8574277994585869,0.7970794406367476
0.7580510751894346,0.755347755729205,0.7528778912486572
0.7815794859100913,0.7802287677853679,0.7425724017735404
0.7928279099432093,0.7961472312639679,0.77101457052885
0.8288485811338652,0.8276807720214213,0.7941443575995769
0.8708784452199556,0.8697097229013336,0.8528782726592382
0.7813589927510347,0.7804288846988637,0.7403204586474652
0.8257133791244549,0.8242091048365919,0.8067082119447538
0.7997595021596647,0.7973111359538552,0.7809137820961137
0.7907006326560194,0.790401708312289,0.7613476801919685
0.7961961564701572,0.7929114587222288,0.7708192012627356
0.8365290420916258,0.8355350062039022,0.8343291380848337
0.8100875454313947,0.8093438416141862,0.7979534597058815
0.7855741321546761,0.7870728215960906,0.735939023055331
0.7963910197033123,0.7945724755094985,0.7462919440736459
0.867849396646761,0.8679330836565684,0.8287119485462255
0.8220774738712415,0.8213919140913679,0.7651386887296325
0.8284750217167247,0.8246490935795687,0.7641696514652292
0.7966311846119395,0.7968518297411932,0.7555385996733692
0.7926002886120886,0.7930472597107658,0.7696383708863445
0.6621661902485765,0.6653996502242141,0.6802367048489034
0.753473508679442,0.7554690287417201,0.7090061775377602
0.8086862074564095,0.8072471456531938,0.7752050074037381
0.7339548933161917,0.7355196631016263,0.7027694198664771
0.8130736110645272,0.8117440773249693,0.7801998035630229
0.8200850934305309,0.8201164204196322,0.8030512429061634
0.8432817127756506,0.8438238636833219,0.8553999980746827
0.7572994498191707,0.7587025542996555,0.7071318719760307
0.7997724040202828,0.7986803668736313,0.7524979975205883
0.7909313584779354,0.7921162710856173,0.7574473527102129
0.7700693892335412,0.7688960727033377,0.7893228890716752
0.8355156106951379,0.835688940342187,0.7790166245508177
0.8418948319404463,0.8418272352377214,0.8196197533653264
0.8240437087458541,0.8214056736227862,0.7794891361318789
0.8460305317612441,0.8451900224700357,0.8335569373215119
0.7885165339729842,0.7885048842746503,0.7325901388548839
0.828578907472632,0.8277507944507738,0.7859789399640282
0.8218889788966096,0.8226977797583637,0.7798852249172316
0.8360191894625432,0.8358683537152517,0.8033777694438107
0.7790866284622339,0.7795005939103491,0.7645562755753073
0.807451162114342,0.8074217772167039,0.7823978792954286
0.7872808529699308,0.7884721019225143,0.7776863738584117
0.7969044350379152,0.7955457953899383,0.7536718634296199
0.8425480562881099,0.8433380500059277,0.8242842835153587
0.8224273350845259,0.8240664524212586,0.7963198164178189
0.8000706581428317,0.8018720909686186,0.79802483089405
0.8472996768703012,0.8471671234774611,0.834506772761167
0.7783712394518462,0.7760423473924115,0.7130164013377515
0.8145748257529484,0.8139895888212604,0.7919294924810183
0.8460461558043417,0.8451726161049765,0.8038950364126795
0.7898867143721446,0.7918689460279482,0.746148546562546
0.821593962550683,0.8216632920303558,0.808585349300541
0.8540943721226317,0.8529025635812586,0.8349835577971187
0.8426528069514545,0.8421116371459844,0.8315925779307696
0.7539287970933525,0.7555158033164975,0.7424860657217967
0.7783666990328897,0.7737093432381937,0.7442101999756223
0.8289656602399547,0.8292655603831731,0.8099139048522739
0.7831530998423079,0.7834649681392807,0.7724312351581066
0.8413854080589553,0.8420623374809963,0.8039492982146423
0.8311290352450236,0.8314048951468863,0.7995555569641626
0.8383901817853503,0.8403691462841433,0.8136230968136975
0.7158888092956368,0.7155982788335419,0.6800122555167193
0.856950379459323,0.8567786900397261,0.8074358145681986
0.7552690574056246,0.7552333717409764,0.7295604810010818
0.8121375295340842,0.812617899828657,0.7922548048573534
0.7913824027926413,0.7915823835667877,0.7143132871162389
0.8432026510915053,0.8444666460877606,0.8185930092850946
0.7969672074225261,0.7978993502336421,0.7863521890598028
0.8330529373269012,0.8322209753444445,0.8074039009944045
0.793042135563116,0.7925342428050101,0.77319931596385
0.8067096626907249,0.8066964343219992,0.7800631736300733
0.744779285452458,0.7439188591534854,0.7330977775400933
0.8545104525950491,0.8535457560590217,0.831077362608841
0.8444360013591876,0.8460590775631041,0.8260263902779817
0.7792786811171534,0.7764231653200659,0.7313889459787861
0.7959360971933812,0.7955537055150012,0.763596991713185
0.8440176884624386,0.8447545111766626,0.82409101200286
0.8155237150706213,0.814615913454785,0.807877020657117
0.822942384757291,0.8230907695263663,0.8254230826208406
0.8046465403139559,0.8056717976880321,0.7593508189712196
0.7815935607185243,0.7816561678546025,0.7309527834243015
0.7698542475336535,0.7718395170954296,0.7732565090136246
0.7240235088254663,0.7234878678324519,0.6544005913190463
0.7354111862505186,0.7335148797435136,0.6896455123876195
0.7962191746403027,0.7969322364089141,0.7836870602660395
0.7990880867588134,0.8001161973095925,0.7969526024258231
0.796748599033591,0.7946753025945164,0.7662895015143926
0.7891671010473086,0.7895396852402397,0.7635583735893554
0.8154679710494825,0.8175446781772556,0.8046860437710165
0.7969833339678323,0.7979654917908562,0.7711118742132078
0.8453005703339748,0.8469184209628753,0.8350083244380546
0.7774397816598075,0.7767533927258566,0.7369259215560646
0.7946690428200739,0.791971004777091,0.751958913051725
0.783963311553389,0.783037151385114,0.7550615265242531
0.8248104276513936,0.8235299027797793,0.7824020418116605
0.7953449692740779,0.7964255965876705,0.7736296126601523
0.809412985834669,0.8104587661191981,0.7870016774481192
0.8444876586695063,0.8443170201658567,0.8272655508755903
0.8475652379859889,0.8486181941255849,0.8085802550519146
0.7750895099639704,0.7733568199425521,0.747373532748272
0.821526722967167,0.8218387604748827,0.7874851501261001
0.7658674560720142,0.7653255002567599,0.7545170449402305
0.793593103561091,0.7942997822046668,0.7727842302146017
0.8202684955093742,0.819125098877822,0.8058125561341559
0.7852413110449191,0.7844991572908171,0.75786502214247
0.8653936344317581,0.864478270807574,0.8420359017999459
0.8045777536683258,0.8042415191717598,0.7390093366388962
0.8156550437444435,0.8158328637764353,0.7935763516276972
0.8276840739700223,0.8259355259151419,0.7817122764238107
0.8139333774426976,0.8141579374986491,0.7685760730437367
0.7429989231019677,0.7417049009822971,0.7278316526207296
0.7965102200551868,0.7976249306580472,0.7483682647446033
0.7979521912696594,0.7994572331909787,0.7422673031432232
0.7888029916901881,0.7869193348919477,0.7451444072215512
0.8516304219420137,0.849783534518758,0.8305938345177832
0.7341914894314283,0.7334027613098345,0.7425687058178114
0.8433113203375784,0.842196800420085,0.818291469398347
0.809001507796216,0.8089244447169748,0.8224901793152928
0.8232499738518775,0.8226476031137437,0.8039499620050428
0.8365914330092248,0.8353684523869299,0.8180405218123926
0.8052098499402376,0.8054617380992706,0.7709790357926551
0.8421341397394977,0.8429382435127768,0.8481193069171763
0.7601074031531301,0.7597511386037316,0.766465280003069
0.8275372725734835,0.8274294505488184,0.8160073339960981
0.8353316313582703,0.8335253694385721,0.8114943484988992
0.8412795879431537,0.8409240044128019,0.8015776860708872
0.8404259369973688,0.8401852935073175,0.7900652296504469
0.8517004019286345,0.8513091045294823,0.8422761185553177
0.8360776611499223,0.8341968847219426,0.7805678301140806
0.8507858451191407,0.8513274542629551,0.8259062105333108
0.7978290319503593,0.7968262870578742,0.7760847722015796
0.7576071061324433,0.7566585670210124,0.761993609550883
0.8381964814260611,0.8387561343737435,0.798180722507593
0.8250902545844789,0.8251682651235086,0.8270190916274919
0.8547082607323719,0.8540794949843091,0.8351963617397961
0.8076466437165235,0.806126004920763,0.7903858605672004
0.7610076320508105,0.7618296318487708,0.7599901426960307
0.7640803889757436,0.7642349254117838,0.7243021405483909
0.8092259310459877,0.8102804552787647,0.8014241841014957
0.7697845959784209,0.7684777398004158,0.7373266651115348
0.8226788151595644,0.8214015783718941,0.8136618093934345
0.8192980086016016,0.819748904456614,0.7785408300283361
0.8206533728348153,0.8207027695998956,0.7811970425821653
0.7782777489621409,0.7793056212608769,0.7468504744479493
0.7821013131762856,0.7848243835831404,0.7619379450897483
0.8322120989497499,0.8319966528856497,0.7626574919559095
0.7854041321371374,0.7851638394907651,0.717542975700155
0.8247935175941252,0.8239863588649705,0.7977231125574593
0.8061117043990498,0.8064035450317821,0.7891410342300942
0.8088615065611324,0.8096931763295929,0.8024397011410938
0.8303785699498111,0.8278855524484567,0.8057232147418755
0.8627344109614585,0.8635784292781798,0.8552171375675366
0.7655963205819665,0.7642329321513747,0.6942168495479237
0.8056628933373898,0.8061724918473034,0.8134297870047199
0.8352050646143048,0.8350922608331857,0.7755170886735814
0.8267541304600274,0.8270016274922742,0.8013510990257897
0.8441347945991842,0.8424031230711793,0.8202514388362824
0.8040839343876508,0.8045144149278692,0.8026524706665399
0.8372724566786094,0.8365910823978995,0.800492855846076
0.8027548891071706,0.8019840710653894,0.7417141040207591
0.8369704212078065,0.8346679341341777,0.8212023093842954
0.8045905240712483,0.8016011813173709,0.7848348917932089
0.8235226881381632,0.8241434699433984,0.8021611668803459
