Model,R2_inner_mean,R2_inner_std,MAE_inner_mean,Mode,Fold
LGBM+XGB+SVM,0.7066561322586324,0.06990295252007045,0.5012447799171296,morgan,0
RF+SVM,0.7061824531858377,0.07680489961672349,0.4935498287228796,morgan,0
ET+LGBM+SVM,0.7060064383229138,0.06909092938787581,0.5027383098862598,morgan,0
LGBM+SVM,0.7058674362986188,0.06777817123717217,0.5038650780461349,morgan,0
XGB+SVM,0.7056565877698886,0.07368123047033764,0.5014267673301472,morgan,0
RF+SVM+kNN,0.7054200281983711,0.07798234598419376,0.4940104015648578,morgan,0
ET+SVM,0.705189149541894,0.0744203000511272,0.5031808045361881,morgan,0
XGB+SVM+kNN,0.7051548426116044,0.07664331446687395,0.49713464352385284,morgan,0
SVM,0.7049248548918723,0.07267415270378631,0.5048793367860084,morgan,0
ET+XGB+SVM,0.7048128757528879,0.07460994507840245,0.5019595293133324,morgan,0
LGBM+SVM+kNN,0.7037580082713548,0.07127943250419595,0.5003857741538014,morgan,0
RF+XGB+SVM,0.7035437418749854,0.07811951169510715,0.4935652012946183,morgan,0
ET+SVM+kNN,0.703433310763018,0.07658152730186556,0.4998831899767426,morgan,0
RF+LGBM+SVM,0.7025634200968959,0.0763411681854457,0.49849603663403314,morgan,0
RF+ET+SVM,0.7021585224558793,0.07758800706693128,0.5011556680900324,morgan,0
SVM+kNN,0.7019844129485745,0.07594867818721734,0.5020804095037992,morgan,0
LGBM+XGB+kNN,0.6963667568363869,0.0746764192750892,0.5074054115674123,morgan,0
RF+XGB+kNN,0.6963472722434693,0.08060914121516571,0.499751404832094,morgan,0
ET+LGBM+XGB,0.6925643620238614,0.07257453341382973,0.5170476827747327,morgan,0
ET+XGB+kNN,0.6918564649751101,0.08084124225937964,0.5090221434478146,morgan,0
LGBM+XGB,0.6912886321516509,0.07204798620475489,0.5189964685772908,morgan,0
RF+LGBM+XGB,0.6905933365222254,0.07953170655113818,0.5078647028034146,morgan,0
RF+LGBM+kNN,0.6905896673915715,0.07887547346221886,0.5062555953097913,morgan,0
XGB+kNN,0.6901120735755016,0.08061770358168184,0.5125659572116867,morgan,0
RF+XGB,0.6893927212977122,0.08123065244241612,0.5054780553550151,morgan,0
RF+kNN,0.6890471091703297,0.07905150831585439,0.5087285585649579,morgan,0
RF+ET+XGB,0.6873111819663864,0.07941416729327339,0.512225446398961,morgan,0
RF+ET+kNN,0.6858559579569364,0.08070333281896389,0.5149933407300815,morgan,0
RF+LGBM,0.6851026868372541,0.08033775518721965,0.5125425893090925,morgan,0
ET+LGBM+kNN,0.6835201896184169,0.07359261050219333,0.5202567520762145,morgan,0
XGB,0.6831591823891184,0.08634700592469682,0.5109880428211333,morgan,0
RF+ET+LGBM,0.6823727136795071,0.0775220889306919,0.5206555303731364,morgan,0
RF,0.6802359975776335,0.08237558345915252,0.5123997585162302,morgan,0
LGBM+kNN,0.6796438327024609,0.07105410257342329,0.5249640143092926,morgan,0
RF+ET,0.676285069891103,0.0821859143634475,0.5231171337552631,morgan,0
ET+XGB,0.6751852433068228,0.08477389179560292,0.5325753472495494,morgan,0
LGBM,0.6750152098570892,0.067591233672771,0.5299100439783784,morgan,0
ET+LGBM,0.6719567098607752,0.07262122069851437,0.5362671144907803,morgan,0
ET+kNN,0.6594598165668726,0.08116444908070873,0.5425338191542826,morgan,0
kNN,0.6245290060397959,0.08437270562635404,0.5627836062588016,morgan,0
ET,0.5427589412628084,0.11600094886377632,0.5934539843910065,morgan,0
XGB+SVM,0.7561783521184082,0.04710595023892891,0.48065118704075244,morgan,1
SVM,0.7554197317134671,0.05386604391856472,0.4796227025963019,morgan,1
LGBM+XGB+SVM,0.7554183979526344,0.05284821518125132,0.47951542410854386,morgan,1
ET+XGB+SVM,0.7504852147570162,0.046859857093243286,0.4839468469770253,morgan,1
ET+SVM,0.7492630359301442,0.049256742164135586,0.4859198450534213,morgan,1
LGBM+SVM,0.7492483293432242,0.057733016905602653,0.485684582751854,morgan,1
ET+LGBM+SVM,0.7486112998442696,0.05545657431258127,0.48705122829056025,morgan,1
XGB+SVM+kNN,0.7476240938485043,0.04837276417283233,0.4882290499134462,morgan,1
RF+LGBM+SVM,0.7463942181264288,0.052260001153675,0.48475528694230025,morgan,1
RF+XGB+SVM,0.7454699919237969,0.04541968714839944,0.4858699674790583,morgan,1
LGBM+XGB+kNN,0.7447525430518459,0.050800446284825045,0.49183612301492274,morgan,1
LGBM+SVM+kNN,0.7444598455867608,0.05899127674443436,0.48935720224325063,morgan,1
LGBM+XGB,0.7435730347739389,0.04460519577532001,0.4924731012907214,morgan,1
RF+SVM,0.7434247323180491,0.044901186359833416,0.4851678399936449,morgan,1
RF+ET+SVM,0.7432590821476153,0.045606418270839194,0.48602545328709573,morgan,1
SVM+kNN,0.7431137930716469,0.05660185778376472,0.49129654562461955,morgan,1
ET+SVM+kNN,0.7420945413120071,0.05365589694259033,0.49059453786245033,morgan,1
RF+LGBM+XGB,0.7413841931660794,0.048067141002861274,0.49099671871774336,morgan,1
ET+LGBM+XGB,0.7402781009054363,0.047249619734089435,0.4972398310584719,morgan,1
RF+SVM+kNN,0.7396217512526113,0.049597078729199266,0.49173517448508913,morgan,1
RF+LGBM,0.7324837979885545,0.053551130769212044,0.4972302318873988,morgan,1
RF+ET+LGBM,0.7317198471029454,0.054614333613115316,0.4993470405858565,morgan,1
RF+LGBM+kNN,0.7314571507846637,0.059449121545469524,0.49933457841611784,morgan,1
XGB+kNN,0.7312608775392271,0.03685026959411497,0.5113153489097757,morgan,1
RF+XGB+kNN,0.7308207405062189,0.044352832627749576,0.5029259697569582,morgan,1
ET+LGBM+kNN,0.7289199372214584,0.06361769331206148,0.5036857320074936,morgan,1
LGBM+kNN,0.7252732930968688,0.06660621937301446,0.5085563171553172,morgan,1
ET+XGB+kNN,0.7244625208321435,0.04152056679737837,0.5138425903593428,morgan,1
ET+LGBM,0.7238155777999518,0.05766760849195144,0.5109897284521475,morgan,1
RF+XGB,0.7222571647013278,0.03538590070380128,0.5075008921467219,morgan,1
RF+kNN,0.7199427708822522,0.053989816146180584,0.513222098733646,morgan,1
RF+ET+XGB,0.7199067055975253,0.03835947072485757,0.5091580427565059,morgan,1
RF+ET+kNN,0.7198017739919069,0.05639390039884905,0.5141270907273047,morgan,1
LGBM,0.7162629605896337,0.0641563026379984,0.511659169517058,morgan,1
RF,0.7126956515893791,0.044041422236085655,0.509863398282457,morgan,1
RF+ET,0.7121996199130949,0.0451525621233105,0.5143086347580222,morgan,1
ET+XGB,0.6999514507540752,0.035856604896501096,0.5323111367922218,morgan,1
XGB,0.6989286614983112,0.03773577099531128,0.5235473819095761,morgan,1
ET+kNN,0.698107461141328,0.05869317543462486,0.5411939451140355,morgan,1
kNN,0.6632142186445965,0.0768158133547348,0.5630983396191735,morgan,1
ET,0.5381339681375243,0.04663248998611506,0.6214233081783525,morgan,1
RF+SVM,0.7180666492469412,0.04292034719121845,0.49303877312051847,morgan,2
RF+SVM+kNN,0.7178105319723428,0.04893086520023905,0.49321925822400586,morgan,2
RF+LGBM+SVM,0.7167463877411374,0.04112884558647816,0.495139888593566,morgan,2
RF+ET+SVM,0.7160896919643168,0.04630914434261163,0.4939505707227463,morgan,2
ET+LGBM+SVM,0.7146921186733128,0.04722429031776732,0.5031307643033285,morgan,2
LGBM+SVM,0.7146517299484032,0.044442635479597564,0.5069746972792565,morgan,2
RF+LGBM+kNN,0.7137329587815475,0.048178250688765,0.49783010031139907,morgan,2
LGBM+SVM+kNN,0.7136077180116811,0.05297899538978941,0.5011138190443434,morgan,2
RF+kNN,0.7122116257820496,0.050805609604676845,0.4982387249801893,morgan,2
ET+SVM+kNN,0.710707601182375,0.05486572750610348,0.5018662609297437,morgan,2
RF+ET+kNN,0.7106812746196522,0.053301980459368466,0.49842167654106007,morgan,2
RF+XGB+kNN,0.7101638952770328,0.05304659415646648,0.5003138126732998,morgan,2
RF+XGB+SVM,0.7101365816538824,0.046488179290282663,0.49970166599429044,morgan,2
RF+LGBM,0.7099936347085348,0.04252940262930622,0.49931447186989397,morgan,2
RF,0.7098696398089672,0.04146619936986635,0.4980750993431135,morgan,2
SVM,0.7098370243814688,0.04661524770017289,0.5130218114069977,morgan,2
LGBM+XGB+SVM,0.7088284951778219,0.04496295054521468,0.5107783800920642,morgan,2
ET+SVM,0.7084547685215885,0.04825141995424862,0.5070430164364698,morgan,2
LGBM+XGB+kNN,0.7081575455274273,0.05263790545171894,0.5067401530902349,morgan,2
RF+ET+LGBM,0.7081003316907932,0.044354170425591546,0.49960106155165107,morgan,2
RF+LGBM+XGB,0.7077947541681661,0.04271324026987078,0.4983085671373706,morgan,2
ET+LGBM+kNN,0.7075076523132705,0.05468262495237333,0.5035669154396821,morgan,2
SVM+kNN,0.7070494891619907,0.05346256596858565,0.5078133695420866,morgan,2
LGBM+kNN,0.7051297275678335,0.053474506622628946,0.5101594200295206,morgan,2
ET+XGB+kNN,0.7048480478072046,0.05302620670517032,0.5094353013418138,morgan,2
XGB+SVM+kNN,0.7047044808697868,0.055317910309771276,0.5105938995843997,morgan,2
ET+XGB+SVM,0.7034208149723009,0.046575171754641494,0.5121325923304989,morgan,2
RF+XGB,0.7027450960642893,0.04421869412758335,0.5020597141418286,morgan,2
RF+ET,0.7018315054255204,0.04691911071586782,0.5023167170762767,morgan,2
RF+ET+XGB,0.7004832176532123,0.045898021664769834,0.5028422045276347,morgan,2
LGBM,0.700309715135911,0.053578563767412844,0.5112246816830914,morgan,2
LGBM+XGB,0.6997870156998216,0.04051193984333182,0.5205211692403784,morgan,2
XGB+kNN,0.6997621155465087,0.054068217531488945,0.5160986811763623,morgan,2
XGB+SVM,0.698302066257805,0.04920743123508854,0.5187890652004206,morgan,2
ET+LGBM+XGB,0.698119731833841,0.04080213809657738,0.5173147094758823,morgan,2
ET+LGBM,0.6957155753352048,0.04252827300622699,0.5205919430348421,morgan,2
ET+kNN,0.6911581323024105,0.05507649700880278,0.518379578604778,morgan,2
ET+XGB,0.6833291962397364,0.038092685015520364,0.5371182492146674,morgan,2
XGB,0.6798837176007715,0.056852785855877545,0.5213435137768642,morgan,2
kNN,0.6644268252878017,0.05739673649029219,0.5426084618370248,morgan,2
ET,0.5803909293009084,0.08986453387779027,0.56484929407983,morgan,2
RF+XGB+SVM,0.7112184250963649,0.06192393420952655,0.5094587864333802,morgan,3
SVM,0.7097641182593127,0.0636330423035197,0.5116229626866542,morgan,3
XGB+SVM,0.7088271706079732,0.06030755113710112,0.5151953050697975,morgan,3
ET+XGB+SVM,0.7084968633220162,0.06071484846334358,0.5155542384792785,morgan,3
RF+SVM,0.7075467775569356,0.06838722878071243,0.5085719975374643,morgan,3
RF+ET+SVM,0.707445218893378,0.07014811344129064,0.5102673225527333,morgan,3
RF+LGBM+SVM,0.7031834952976397,0.0558904771275855,0.5158543045339667,morgan,3
XGB+SVM+kNN,0.7019180072541553,0.0538979187979791,0.5197752411423939,morgan,3
RF+SVM+kNN,0.7011340624340556,0.06264317243785537,0.5163736567432954,morgan,3
LGBM+XGB+SVM,0.7009372964967636,0.04631230894767563,0.5241512973922434,morgan,3
ET+SVM,0.7001868164702947,0.07091917346032557,0.5190187014692014,morgan,3
LGBM+SVM,0.6998265974001717,0.05250909334931751,0.522952450085891,morgan,3
LGBM+SVM+kNN,0.6992942855182294,0.053623118385370275,0.5193689872904167,morgan,3
RF+ET+LGBM,0.6986981996204162,0.05247586807776448,0.5197293787792082,morgan,3
LGBM,0.6986411143428074,0.054698916602010275,0.5235410870344186,morgan,3
RF+LGBM,0.6985073490786096,0.052125604154125864,0.5198114808845774,morgan,3
RF+LGBM+XGB,0.6976967522892574,0.042792812110376575,0.5230334130058567,morgan,3
ET+LGBM+SVM,0.6968772673762835,0.05368265386553146,0.524959579869057,morgan,3
RF+ET+XGB,0.6967949514713857,0.05753166468988101,0.5184768468667734,morgan,3
RF+LGBM+kNN,0.6967269876913196,0.0510884629207262,0.5195837755801713,morgan,3
LGBM+kNN,0.696423849882845,0.04918278503281209,0.5205519697483496,morgan,3
LGBM+XGB+kNN,0.6958716955871458,0.04121798964933329,0.5240624531993148,morgan,3
RF+XGB+kNN,0.6942452147536505,0.05308713825144711,0.5234868621569821,morgan,3
RF+XGB,0.6939536199841507,0.055955925182607565,0.5203154695269905,morgan,3
ET+SVM+kNN,0.6931652673437159,0.06216822566212721,0.5252011205106368,morgan,3
SVM+kNN,0.6929171420827195,0.06215773879371826,0.525862494920429,morgan,3
LGBM+XGB,0.692831548622513,0.03809092271481899,0.5343117273307487,morgan,3
ET+LGBM+kNN,0.692831370006291,0.049593322319698416,0.5245653647619677,morgan,3
ET+LGBM+XGB,0.6921220186808068,0.03700715460711048,0.5355699433722297,morgan,3
RF,0.6882613857214686,0.06517507563610105,0.5180286850645743,morgan,3
ET+LGBM,0.6874967622522425,0.04645134578857619,0.5373030515775985,morgan,3
ET+XGB+kNN,0.6857113232510741,0.044739525474140326,0.5362773586169558,morgan,3
RF+ET+kNN,0.6851487014893509,0.06000438920353566,0.5271805601475827,morgan,3
RF+ET,0.684323457224558,0.0651806035102877,0.5239915700911182,morgan,3
RF+kNN,0.6840086819530585,0.0604823435809214,0.5283403523672949,morgan,3
XGB+kNN,0.683541649032688,0.04671592570585327,0.5392695497864971,morgan,3
XGB,0.6823908831350523,0.06853798475689699,0.5306159202082632,morgan,3
ET+XGB,0.6729612075985825,0.04930854592932571,0.5583891870189863,morgan,3
ET+kNN,0.6478478989510609,0.044880710727742024,0.5667916872371942,morgan,3
kNN,0.6092241212743182,0.04150695862431644,0.5924874013847934,morgan,3
ET,0.5449384693684439,0.08609340726520943,0.6108657487440963,morgan,3
LGBM+SVM,0.7317448037999961,0.046433661822465076,0.5185125101376287,morgan,4
LGBM+XGB+SVM,0.7303289344742128,0.04932455758348608,0.5246337530093311,morgan,4
ET+LGBM+SVM,0.7299636745907423,0.04531893634391484,0.5222589195015633,morgan,4
RF+LGBM+SVM,0.7297712389559982,0.04832664651333189,0.5180162847513825,morgan,4
SVM,0.7284636953408307,0.042178162171555844,0.5246047393348441,morgan,4
RF+ET+SVM,0.7281797955229107,0.04596959972733263,0.5213256717394821,morgan,4
LGBM+SVM+kNN,0.727467352939995,0.05230619520331627,0.5225011211188185,morgan,4
RF+SVM,0.726035310427639,0.04595481144254809,0.5217657107683307,morgan,4
XGB+SVM,0.725638505541782,0.04682546082261488,0.5289008903661836,morgan,4
ET+SVM,0.7240741554371841,0.04346476385029162,0.5285477461031632,morgan,4
XGB+SVM+kNN,0.7239471519711834,0.054190804564900066,0.5287100607993847,morgan,4
SVM+kNN,0.7232980323371484,0.051609988968828666,0.5278070260880924,morgan,4
ET+XGB+SVM,0.7221769671182052,0.04715351046687634,0.5353630973577435,morgan,4
RF+SVM+kNN,0.7220885168620252,0.0514699215359969,0.5259254690053111,morgan,4
ET+SVM+kNN,0.7215023447113053,0.050575215047287334,0.5332589620141971,morgan,4
RF+XGB+SVM,0.7213689821929005,0.04988551592270663,0.530508454758188,morgan,4
LGBM+XGB+kNN,0.7173707188990424,0.058299199615859755,0.5314641764851619,morgan,4
RF+ET+LGBM,0.7164211658556271,0.04810538322589905,0.5276055625591071,morgan,4
LGBM+XGB,0.7145558330492546,0.047545034820730823,0.5432418254843657,morgan,4
RF+LGBM+kNN,0.7134143631285121,0.057846686658298486,0.5302771836184971,morgan,4
RF+LGBM,0.7128805541389654,0.04939974870804106,0.5295089989977381,morgan,4
RF+LGBM+XGB,0.7124871037194366,0.051569601807746855,0.5337824058966673,morgan,4
LGBM+kNN,0.7118917374201656,0.0554334842634273,0.5337071002330835,morgan,4
ET+LGBM+kNN,0.7095672459334386,0.055136848803437506,0.5368355296688563,morgan,4
ET+LGBM+XGB,0.7085542157597097,0.04689193552110341,0.5483902818775535,morgan,4
LGBM,0.706622863676893,0.03977342122985338,0.546493650424541,morgan,4
XGB+kNN,0.706334448990512,0.05965632482125807,0.5459993825111973,morgan,4
RF+XGB+kNN,0.7059611535261554,0.05954897052624506,0.5401086688632191,morgan,4
RF+ET+XGB,0.7047984143320652,0.05057129243765448,0.5421981040710294,morgan,4
RF+ET+kNN,0.7031578013919344,0.05972668198759599,0.5406490348308284,morgan,4
RF+kNN,0.7009552018605223,0.05902339699900619,0.5413539878617109,morgan,4
ET+XGB+kNN,0.7009170565262763,0.05901900985746071,0.553821288793746,morgan,4
ET+LGBM,0.7004157467439109,0.038446397668167265,0.5506004125424744,morgan,4
RF+ET,0.7000760483915129,0.049949853183816485,0.5409035241581666,morgan,4
RF+XGB,0.6992898389944854,0.0536921491921724,0.5449412117435692,morgan,4
RF,0.6926825391072503,0.050712386654232694,0.543872738104991,morgan,4
XGB,0.6752966731320718,0.05963031235820276,0.5673368808755105,morgan,4
ET+kNN,0.6723409783828741,0.05795959386654631,0.5760678236150965,morgan,4
ET+XGB,0.6710095407333412,0.060119203224888756,0.5884324306712113,morgan,4
kNN,0.6561061234844369,0.0669746039428934,0.5750681620710744,morgan,4
ET,0.4789109032761248,0.17548369705413874,0.6383907315424955,morgan,4
XGB+SVM+kNN,0.7402834401822224,0.04228624035642012,0.4816744246906949,morgan,5
XGB+SVM,0.7369230626105858,0.04394243175503692,0.4857280676712715,morgan,5
RF+XGB+SVM,0.7360753640183516,0.04303066870831951,0.4825328221648202,morgan,5
ET+XGB+SVM,0.7355187966341422,0.04427033968640356,0.48493819781068304,morgan,5
SVM,0.7353687923169783,0.025482216755505833,0.4910948389399568,morgan,5
SVM+kNN,0.7344395907870856,0.03603180933059384,0.4920754329137095,morgan,5
ET+SVM,0.7330356342064352,0.03654643263898475,0.4892693686288062,morgan,5
RF+SVM,0.7326814290232645,0.03846566510740121,0.48702752520653336,morgan,5
RF+SVM+kNN,0.7326328570382229,0.03984734561534596,0.48683027537048035,morgan,5
ET+SVM+kNN,0.7324304354140605,0.03737666416949354,0.4904956300216039,morgan,5
LGBM+XGB+SVM,0.7318599244300577,0.05482165502315399,0.4907351431636956,morgan,5
LGBM+SVM+kNN,0.731487232209872,0.04557431350566606,0.4964254726263719,morgan,5
RF+ET+SVM,0.7305386618240266,0.03812447302337383,0.4881320099581198,morgan,5
LGBM+XGB+kNN,0.72992453259381,0.05075760837873398,0.4924612263693572,morgan,5
LGBM+SVM,0.7282031691999409,0.0466681817218647,0.5016602598990542,morgan,5
RF+XGB+kNN,0.727915175897861,0.04444656984597827,0.4886298131910037,morgan,5
XGB+kNN,0.7272003436987367,0.04610558236990939,0.4952328111492559,morgan,5
ET+LGBM+SVM,0.7266453848406369,0.04925670788802377,0.49681772603385854,morgan,5
RF+LGBM+SVM,0.726537459157129,0.04812431238867073,0.49336505876501036,morgan,5
ET+XGB+kNN,0.7264055289977552,0.04655056431266445,0.4949319890325149,morgan,5
LGBM+XGB,0.7185996576060021,0.05832385942026248,0.5023279594854986,morgan,5
RF+LGBM+XGB,0.7185992778703169,0.05546072787040935,0.4965280241219888,morgan,5
RF+XGB,0.717301717518318,0.04977441428277536,0.4948786447401107,morgan,5
ET+LGBM+XGB,0.7168189040019344,0.05857531829563395,0.5007909779400597,morgan,5
RF+ET+XGB,0.7163178631902609,0.04728541172597941,0.49652987885881184,morgan,5
RF+LGBM+kNN,0.7157732444615794,0.04404547095097162,0.5029880938884926,morgan,5
RF+kNN,0.7137508865729707,0.03850222135907249,0.5035971301279598,morgan,5
ET+LGBM+kNN,0.7129452010745027,0.045236441993245946,0.5103895221920558,morgan,5
LGBM+kNN,0.7128597338952388,0.039948537728825076,0.5139921098375997,morgan,5
RF+ET+kNN,0.7120834546048462,0.03754623493552003,0.5045434230936605,morgan,5
RF+LGBM,0.706431042832372,0.04894487142528507,0.5081736053761214,morgan,5
RF,0.7060649686869314,0.04117153726828194,0.5061966947368678,morgan,5
RF+ET+LGBM,0.7050457742116526,0.04777979775671265,0.5099971822153282,morgan,5
LGBM,0.7040573861124878,0.05549644446572247,0.5202124548521913,morgan,5
RF+ET,0.7016464476050837,0.041125206372733286,0.5108002983791082,morgan,5
ET+XGB,0.6994837589837369,0.06337729903324726,0.5113603075347077,morgan,5
XGB,0.6961816708230216,0.07784097232595817,0.5103535194351103,morgan,5
ET+LGBM,0.6958890757988335,0.05491113092574102,0.5249220310043184,morgan,5
ET+kNN,0.6890942274093648,0.039109756106610785,0.535182638162499,morgan,5
kNN,0.6712274649667435,0.032314631330797865,0.5480148430111184,morgan,5
ET,0.5646837197260771,0.10912597887498408,0.5872752982716921,morgan,5
RF+LGBM+SVM,0.7246137997409361,0.04515493516913298,0.4853278990333011,morgan,6
RF+SVM,0.7210301959402423,0.045569694203788653,0.4866133338034386,morgan,6
RF+ET+SVM,0.7199354152821618,0.04089567336066752,0.48931832746658177,morgan,6
RF+XGB+SVM,0.7195750662380459,0.04874089588640237,0.49124018111289913,morgan,6
RF+SVM+kNN,0.7194579626520174,0.04699008551303841,0.49261106614240047,morgan,6
LGBM+XGB+SVM,0.7188523758812445,0.040595891963753614,0.5033977269683528,morgan,6
RF+LGBM+XGB,0.7180640418309158,0.047755949132739915,0.4946249784154654,morgan,6
RF+LGBM+kNN,0.7176993961559728,0.04886058347960049,0.49692583721206834,morgan,6
XGB+SVM+kNN,0.7175806792322205,0.04615779277113537,0.5007396316922608,morgan,6
LGBM+SVM,0.7175167303306242,0.03497091782109188,0.5063723205197236,morgan,6
LGBM+SVM+kNN,0.7175009187796612,0.04423346866684051,0.4993774967982181,morgan,6
SVM,0.7164338465909649,0.038209829850841134,0.5037485045482529,morgan,6
LGBM+XGB+kNN,0.7163540282778433,0.04479417562085099,0.5048591925529079,morgan,6
RF+LGBM,0.7158723012057925,0.04824555945112575,0.49382789212172895,morgan,6
XGB+SVM,0.7156860913558096,0.04386754510077067,0.5063650672076478,morgan,6
ET+LGBM+SVM,0.7142017651654011,0.03128383804463435,0.5076167983223361,morgan,6
RF+XGB+kNN,0.7137852217174998,0.05044546629761122,0.5016496822064361,morgan,6
RF+ET+LGBM,0.7134638833570737,0.04287934535223583,0.4961655267692068,morgan,6
ET+SVM+kNN,0.7132676078584459,0.040188427506417386,0.5044730968459591,morgan,6
SVM+kNN,0.7131262199637802,0.04359440807703357,0.5051468463210066,morgan,6
ET+SVM,0.7123193022123898,0.03314074046881497,0.5050795147041006,morgan,6
ET+XGB+SVM,0.7121920598230431,0.0387863548666965,0.5072130920410683,morgan,6
RF+ET+XGB,0.7105742156727962,0.04664672761723666,0.5007740352895726,morgan,6
RF+ET+kNN,0.7104359058440389,0.048267332782253064,0.4995474524901365,morgan,6
RF+XGB,0.7094922651048797,0.0499526221327356,0.5002499778702026,morgan,6
RF+kNN,0.7092709290024628,0.0506850632930004,0.503299037892473,morgan,6
XGB+kNN,0.7079653543987393,0.04274168981036279,0.5141636164559709,morgan,6
ET+XGB+kNN,0.7063343165325666,0.040509772474855966,0.5153295378988133,morgan,6
RF,0.7062409203230573,0.05309793374421408,0.4951287213428676,morgan,6
LGBM+XGB,0.7062389219400067,0.03591385485518218,0.5221151317081275,morgan,6
ET+LGBM+kNN,0.705536318904037,0.043756618669895046,0.5170319916800485,morgan,6
LGBM+kNN,0.7046285629796771,0.04682457699336549,0.519347074961263,morgan,6
RF+ET,0.7032378695524907,0.0470684336709549,0.5016477851838765,morgan,6
ET+LGBM+XGB,0.701830822292126,0.03218883967553462,0.5253499320684092,morgan,6
LGBM,0.6934558850843076,0.030420812665845932,0.5255672606330203,morgan,6
ET+LGBM,0.6871194976845583,0.03012405234983294,0.541347231054351,morgan,6
XGB,0.6852407272417878,0.06081906056501039,0.5191636191043077,morgan,6
ET+XGB,0.6779615634517074,0.04247955761571759,0.5453868679019209,morgan,6
ET+kNN,0.6766533387660096,0.04755871170552585,0.5475994053984484,morgan,6
kNN,0.6478222839256841,0.065493229517268,0.5654400006009918,morgan,6
ET,0.5524723844120543,0.0987892117643103,0.5938070995659037,morgan,6
SVM,0.7259476464451573,0.0407762148733292,0.49580971740987073,morgan,7
RF+LGBM+SVM,0.7240521514825042,0.044971067886541746,0.49704915457160137,morgan,7
RF+SVM,0.7234470560457742,0.04583654160776174,0.4981338971105969,morgan,7
ET+LGBM+SVM,0.7226217023635494,0.04199438257800635,0.5025384722520388,morgan,7
ET+SVM,0.7220703927210106,0.04365646501273563,0.50525045397684,morgan,7
LGBM+SVM,0.7212955735280854,0.03571206211126517,0.5013398064369927,morgan,7
XGB+SVM,0.7209367642845004,0.043483372286838615,0.5054852325928684,morgan,7
RF+ET+SVM,0.7204070142878899,0.04346911246949536,0.49893634937193204,morgan,7
LGBM+XGB+SVM,0.7201862084293617,0.03957440037471039,0.5058537242351606,morgan,7
ET+XGB+SVM,0.7194029989313198,0.04855998719956759,0.5055893271070264,morgan,7
RF+XGB+SVM,0.7174337123875583,0.04868770390913744,0.5009645403654059,morgan,7
RF+SVM+kNN,0.7156462392706204,0.04373705584376823,0.5031211495375135,morgan,7
SVM+kNN,0.7150299813256341,0.04041612487504689,0.5022091199217222,morgan,7
XGB+SVM+kNN,0.7133772073753801,0.04511814792168079,0.506575857227445,morgan,7
LGBM+SVM+kNN,0.7129625701552793,0.03631780628140861,0.5036275846444977,morgan,7
ET+SVM+kNN,0.7128389081102771,0.04283866926723358,0.5052787151912589,morgan,7
RF+LGBM,0.7092348490619245,0.04803528707359258,0.5084730765516856,morgan,7
RF+LGBM+XGB,0.7066526418979782,0.05168096684035912,0.5091033226135337,morgan,7
RF+ET+LGBM,0.7066056786499836,0.04487125879986083,0.509801860692572,morgan,7
RF+LGBM+kNN,0.704953107640901,0.04501549633545535,0.5092881871048796,morgan,7
ET+LGBM+XGB,0.7014621691519295,0.05014577969970971,0.5214224960366497,morgan,7
LGBM+XGB+kNN,0.7009699990598717,0.039792257940521075,0.515233408296463,morgan,7
RF,0.7007776917550115,0.05270605196900474,0.515837766195365,morgan,7
LGBM+XGB,0.7007506464663155,0.043542020850544184,0.5238711189834188,morgan,7
RF+XGB,0.7002625712812254,0.05401296649570135,0.5154588537341178,morgan,7
RF+ET+XGB,0.6980499329621614,0.049328164849214935,0.5161591247727875,morgan,7
RF+ET,0.6974483507680468,0.04836824273107099,0.5197276785087428,morgan,7
RF+XGB+kNN,0.6973009629283637,0.04907571946517279,0.5149887967579355,morgan,7
RF+kNN,0.6968626151073118,0.04860349671760835,0.5188194850728509,morgan,7
XGB+kNN,0.6966089988540052,0.03991092501829656,0.5250301265716628,morgan,7
ET+LGBM+kNN,0.6952723765682794,0.040469932843591516,0.5168032140289421,morgan,7
RF+ET+kNN,0.692791209777469,0.04777670364255278,0.5199557650087053,morgan,7
ET+LGBM,0.6918113268988387,0.044375595209874164,0.5295907943157953,morgan,7
XGB,0.6913491260151411,0.061098272009845446,0.5268692618873521,morgan,7
ET+XGB+kNN,0.6910564531334088,0.04551109074164663,0.5240846657866067,morgan,7
LGBM+kNN,0.6909525232398928,0.032589646713033917,0.5228069443514646,morgan,7
LGBM,0.6800666985055402,0.031127150864933607,0.5300859762739641,morgan,7
ET+XGB,0.6797123501706416,0.05678107520955511,0.5534606984194287,morgan,7
ET+kNN,0.6684558061596547,0.04222034353828087,0.5466547785324578,morgan,7
kNN,0.6449757967403145,0.04039520149408033,0.5559046388595041,morgan,7
ET,0.531655416026025,0.07928133849686939,0.6070991637519323,morgan,7
XGB+SVM+kNN,0.7123374151039096,0.029129258788414922,0.5133124845264779,morgan,8
XGB+SVM,0.7111753186360164,0.01479937327840439,0.5222396531564908,morgan,8
RF+SVM,0.7107338161476592,0.027276012866930457,0.5236504422740097,morgan,8
LGBM+XGB+SVM,0.7104681141358002,0.02359706385151978,0.5264960474807749,morgan,8
RF+LGBM+SVM,0.7099198855031069,0.028821189023413653,0.5279432890929693,morgan,8
LGBM+SVM,0.7096853361828757,0.02194063824145059,0.5321587926189708,morgan,8
SVM,0.7095310871240043,0.017342630065838204,0.5326697000499435,morgan,8
RF+SVM+kNN,0.7091667461722764,0.03363687552054925,0.5184174249297575,morgan,8
LGBM+SVM+kNN,0.7086577056364476,0.03738906238445498,0.5218784835416829,morgan,8
RF+ET+SVM,0.7081397089444599,0.026862398481830974,0.5244475904806223,morgan,8
SVM+kNN,0.7075842876682814,0.031414156648668666,0.518950574261059,morgan,8
RF+XGB+SVM,0.7074034865914098,0.02723822210373796,0.5259176331910334,morgan,8
ET+LGBM+SVM,0.7050866523329359,0.019803467188011036,0.5321848069087841,morgan,8
ET+SVM+kNN,0.7050713766369867,0.02845561735365917,0.5195161798446958,morgan,8
ET+XGB+SVM,0.7047662123214065,0.017576124995948197,0.5242045495807138,morgan,8
LGBM,0.7038955522791892,0.039156817244827107,0.539814371531858,morgan,8
LGBM+XGB+kNN,0.7025953744839029,0.039203676487746864,0.5249714305973705,morgan,8
ET+SVM,0.7023724043888546,0.017294259135250328,0.5309097664116159,morgan,8
RF+LGBM,0.7006138157618491,0.03381558790952954,0.5352102354720866,morgan,8
RF+LGBM+kNN,0.6998407258112702,0.040973113403259785,0.529857925511181,morgan,8
LGBM+kNN,0.6987808439464042,0.03381632261669683,0.5340181954709106,morgan,8
RF+ET+LGBM,0.6986688561178873,0.03599034666443484,0.5354179688696925,morgan,8
RF+XGB+kNN,0.6983461546270089,0.03519571348062708,0.528883022846589,morgan,8
RF+LGBM+XGB,0.6979867576221108,0.03415095823877112,0.5343593338472055,morgan,8
XGB+kNN,0.6974113268344239,0.03377264354149973,0.5279613927163539,morgan,8
ET+LGBM+kNN,0.6969715495794231,0.03553492373354022,0.5309188963941717,morgan,8
LGBM+XGB,0.6959923616454797,0.03071365009537588,0.5393391271540386,morgan,8
ET+XGB+kNN,0.6921503879602259,0.03539856152489928,0.5307209867898273,morgan,8
RF+kNN,0.6914894283476849,0.0387091419105115,0.5352775927223987,morgan,8
RF+ET+kNN,0.6903974062783822,0.039735898321135416,0.5339299758049201,morgan,8
RF+XGB,0.6901866934744512,0.0394393287655301,0.5361569063664232,morgan,8
ET+LGBM+XGB,0.6890800082367307,0.032641730897917456,0.5429056801134264,morgan,8
RF+ET+XGB,0.6875157193443061,0.04374930647135064,0.5369877498334438,morgan,8
RF,0.6874173170752046,0.04146019378309867,0.5398339392616671,morgan,8
ET+LGBM,0.6859150653558789,0.024823541319008196,0.5511376301153182,morgan,8
RF+ET,0.6825733785786576,0.041221758471260375,0.5417054041536642,morgan,8
XGB,0.6716940609215525,0.03680519822233436,0.548588241874036,morgan,8
ET+kNN,0.6673702776359912,0.03576162867451189,0.5586294751547517,morgan,8
ET+XGB,0.6623247931171699,0.045872435212048854,0.5610211713606787,morgan,8
kNN,0.6460690012242967,0.04752003136057452,0.5725125904221487,morgan,8
ET,0.5228000211320921,0.0910748599354156,0.6268096002812799,morgan,8
SVM,0.7547862294435143,0.05432014935909288,0.4937259227482695,morgan,9
LGBM+SVM,0.754409869179417,0.06186333877236908,0.4914486785803085,morgan,9
LGBM+XGB+SVM,0.7540250069659541,0.06174667189806864,0.48981389990593643,morgan,9
XGB+SVM,0.7532749264845321,0.05987396698946552,0.4944396566339527,morgan,9
ET+XGB+SVM,0.7498644131720577,0.062293819499369185,0.4985600976323277,morgan,9
RF+SVM,0.7491076429961938,0.07108071237553533,0.4846631873922215,morgan,9
ET+LGBM+SVM,0.74851156586813,0.06432752649291539,0.495668682492547,morgan,9
LGBM+SVM+kNN,0.7481379766146649,0.050442218851935686,0.49532895032001684,morgan,9
RF+SVM+kNN,0.7478683496186417,0.05940772551654333,0.48970800248710133,morgan,9
XGB+SVM+kNN,0.7477860341509672,0.04873207636976944,0.4944493835136018,morgan,9
RF+ET+SVM,0.7474858587067754,0.07089081754036934,0.48728067710532247,morgan,9
RF+LGBM+SVM,0.7473976724925697,0.06934843477003838,0.48915831963666695,morgan,9
ET+SVM,0.746506690406017,0.06289310219060096,0.49811204458646047,morgan,9
ET+SVM+kNN,0.7456271846770465,0.05047565271901764,0.4961724221974536,morgan,9
RF+XGB+SVM,0.7451406336253167,0.06638070983858382,0.4921946619802776,morgan,9
SVM+kNN,0.743687072172879,0.04774001098536766,0.4981187479982208,morgan,9
LGBM+XGB+kNN,0.7404012356608103,0.04969090402295113,0.49984383867403936,morgan,9
RF+kNN,0.7389052177940749,0.059037372449828485,0.49667048044920864,morgan,9
RF+LGBM+kNN,0.7379807218477972,0.056557730830448905,0.4996819364374203,morgan,9
RF+XGB+kNN,0.7376517531022577,0.05523353558396174,0.496266717957638,morgan,9
RF+ET+kNN,0.7358936462920221,0.06011188163672779,0.5007961983799356,morgan,9
LGBM+kNN,0.7344105125839268,0.045852626502286255,0.5071148089290748,morgan,9
RF+LGBM,0.7341271655818924,0.07922271791841808,0.4910582253448889,morgan,9
ET+LGBM+kNN,0.7338178634139348,0.04775240284889864,0.5127783112573951,morgan,9
RF,0.7325877418604152,0.08374168288465235,0.48876744081919565,morgan,9
RF+ET+LGBM,0.730216757432497,0.08034372735728662,0.4946770884993633,morgan,9
ET+XGB+kNN,0.7300965018567567,0.043922017388946605,0.514399976970696,morgan,9
LGBM+XGB,0.7297927115197211,0.07333242931700766,0.5008138682604086,morgan,9
RF+LGBM+XGB,0.7289194869201066,0.0764050309745406,0.49310291072138107,morgan,9
RF+XGB,0.7263805502994034,0.08138724397873985,0.4969837840444689,morgan,9
RF+ET,0.7263112941397228,0.08682478734488232,0.49462256638995994,morgan,9
XGB+kNN,0.7251659117178015,0.04812212831356387,0.5178560240838707,morgan,9
LGBM,0.7227228297060335,0.08294609918260569,0.506387319051168,morgan,9
ET+LGBM+XGB,0.7204308805278575,0.07663320035954262,0.5113092824504046,morgan,9
RF+ET+XGB,0.7202880600100195,0.08270870501423054,0.501629301487021,morgan,9
ET+LGBM,0.7158971894333044,0.07784703440749526,0.5175635469140254,morgan,9
ET+kNN,0.7140554986471467,0.04074598277176415,0.532188716167474,morgan,9
ET+XGB,0.6912512502583844,0.07992653713853362,0.5458026855257192,morgan,9
XGB,0.6851032209245504,0.08610961798985588,0.5336814803204356,morgan,9
kNN,0.6844508710865084,0.03811712754955319,0.5528587085712398,morgan,9
ET,0.5974168068460399,0.13976516909323475,0.5792181234389865,morgan,9
RF+SVM+kNN,0.7326257515912492,0.05221739932602545,0.48610362069053803,morgan,10
LGBM+SVM+kNN,0.7308854194594991,0.0510086426962447,0.49025674895932536,morgan,10
RF+SVM,0.7304566037499436,0.052477876816030423,0.4850938992907108,morgan,10
ET+SVM+kNN,0.7300664761649726,0.05366438558388086,0.48792511336550815,morgan,10
ET+LGBM+SVM,0.7293379400418637,0.055394274839809826,0.48756684733270383,morgan,10
RF+LGBM+SVM,0.7287783044410239,0.049859455427155745,0.48628478252140334,morgan,10
SVM+kNN,0.7282699785120622,0.05019194613197504,0.4919205952772622,morgan,10
LGBM+SVM,0.7282462368218338,0.05275724897183054,0.49315762070261576,morgan,10
ET+SVM,0.7280696228278803,0.05432544556938252,0.4878003427450871,morgan,10
XGB+SVM+kNN,0.7271512701688627,0.05013410087338979,0.48894237355016423,morgan,10
SVM,0.7266762105796085,0.04985319106055516,0.4966944804834128,morgan,10
RF+LGBM+kNN,0.7252678940633709,0.05741445665843638,0.4935270087504451,morgan,10
LGBM+XGB+SVM,0.7232795803935723,0.052702846559557204,0.4925290551599524,morgan,10
RF+ET+SVM,0.7231333233807025,0.039834232200106845,0.48981728045320877,morgan,10
ET+XGB+SVM,0.7229862475544222,0.0539193812250574,0.49016366902577635,morgan,10
RF+XGB+SVM,0.7227794591826893,0.048277584841094644,0.4890682029783079,morgan,10
XGB+SVM,0.7226285770357315,0.051563267812350926,0.4929354809525538,morgan,10
RF+kNN,0.722442942590244,0.05668630785279343,0.49616974477824005,morgan,10
RF+XGB+kNN,0.7222111444353094,0.055227722315905906,0.49519098607873496,morgan,10
LGBM+XGB+kNN,0.7209627261128309,0.05585861676571624,0.497729238435618,morgan,10
ET+LGBM+kNN,0.7207055523830779,0.06400997894260299,0.5003223517333424,morgan,10
LGBM+kNN,0.7174253908713256,0.05881107773100993,0.5032077538780337,morgan,10
RF+LGBM,0.7165752813918542,0.06306183306001845,0.4974655177421402,morgan,10
ET+XGB+kNN,0.714136639009278,0.05640017010232388,0.5042172739542812,morgan,10
RF+ET+kNN,0.7141188392051075,0.046664415809329084,0.5015194475751267,morgan,10
XGB+kNN,0.7139907901715117,0.05395203287844328,0.5043592321038315,morgan,10
RF+LGBM+XGB,0.7130446489440355,0.06143780034264808,0.49827656035943174,morgan,10
RF,0.7099760521230565,0.058554673382226176,0.5000735011135576,morgan,10
RF+XGB,0.7081203384185307,0.0589085025888048,0.5023094995390702,morgan,10
RF+ET+LGBM,0.7051544390523186,0.046426843761266476,0.5062788810356524,morgan,10
ET+LGBM+XGB,0.7016802977235838,0.06485171525551606,0.5098522615861772,morgan,10
LGBM+XGB,0.700677843447983,0.061453357386603735,0.5125426934306971,morgan,10
RF+ET,0.6993364267402085,0.046824744229854526,0.5094461769047675,morgan,10
RF+ET+XGB,0.698810942728379,0.04488901844265078,0.5088732891323539,morgan,10
ET+kNN,0.6974896086060716,0.0668373312626992,0.5234390404720736,morgan,10
ET+LGBM,0.6967479499939139,0.07293460893031681,0.5209886480986434,morgan,10
LGBM,0.6954190837983063,0.0613710875652027,0.5242596229193552,morgan,10
ET+XGB,0.6763051615488159,0.05539164212757838,0.5354472341855838,morgan,10
XGB,0.6717405918662506,0.045262464200720276,0.5249994906874155,morgan,10
kNN,0.6686995972131888,0.0703408184530916,0.5388191086576997,morgan,10
ET,0.580820686692267,0.09141901850875198,0.581020801965417,morgan,10
RF+XGB+SVM,0.7175713528268319,0.0570003234837783,0.4989815184368586,morgan,11
RF+SVM,0.7157037724686924,0.057870034988961386,0.5020855934007636,morgan,11
RF+SVM+kNN,0.7143901982409123,0.06439551016822505,0.5040099634527789,morgan,11
RF+LGBM+SVM,0.7141356148309708,0.057663546772916977,0.5100601823926485,morgan,11
RF+XGB+kNN,0.7140477166418969,0.059901230627475065,0.5077003105127033,morgan,11
RF+LGBM+XGB,0.712882447479238,0.050201437794029954,0.5103017488978123,morgan,11
RF+XGB,0.7127819911551427,0.05200971081083655,0.5030340902176823,morgan,11
RF+LGBM+kNN,0.7122031295721893,0.06079908506792203,0.5152813797555993,morgan,11
XGB+SVM+kNN,0.7120279654508227,0.057598811593388824,0.508257713625994,morgan,11
RF+ET+SVM,0.7110740308194978,0.058197737241745685,0.5089333848797909,morgan,11
LGBM+XGB+SVM,0.7094184722070883,0.052215525050106286,0.5173286119314369,morgan,11
LGBM+SVM+kNN,0.7093384610344362,0.061893396221267764,0.5207862542016457,morgan,11
RF+LGBM,0.7092438374619656,0.05290765763212306,0.5153381089953886,morgan,11
LGBM+XGB+kNN,0.709114865413237,0.05204398520988201,0.5200852423944864,morgan,11
XGB+SVM,0.7082966890968634,0.05332036740155314,0.512694872843116,morgan,11
RF+ET+XGB,0.7081980158261585,0.053071661800887036,0.5104878713235392,morgan,11
RF+kNN,0.7064119047743371,0.06606454187677933,0.5140184634196274,morgan,11
RF+ET+LGBM,0.7061130049545274,0.05264037279644885,0.5224537104559679,morgan,11
LGBM+SVM,0.7058566538712465,0.054417207834514675,0.5243324412130537,morgan,11
XGB+kNN,0.7053990344609135,0.04863373431570734,0.5218385066475272,morgan,11
SVM+kNN,0.7050003835702782,0.06262888547325819,0.5173028145798654,morgan,11
RF,0.7041772821634463,0.06542217355319918,0.5086018348352832,morgan,11
SVM,0.7036167804450766,0.058909565239996894,0.5178903687602144,morgan,11
ET+XGB+kNN,0.7026509177071414,0.04671012868725323,0.5238206084020045,morgan,11
ET+XGB+SVM,0.7025767737138937,0.05002912395147231,0.5174453694037604,morgan,11
RF+ET+kNN,0.7010414103849351,0.06607631843509092,0.5217313627460889,morgan,11
ET+SVM+kNN,0.7002066689849342,0.061807683558108,0.5228697860831588,morgan,11
LGBM+XGB,0.6995651118718174,0.04099927064375256,0.5327891619351098,morgan,11
LGBM+kNN,0.6988242228156263,0.05461637966719307,0.5350318349978498,morgan,11
ET+LGBM+SVM,0.6984030121121105,0.05286926023439832,0.5335180427662626,morgan,11
RF+ET,0.6974732861967454,0.06326161101711063,0.5200260418104067,morgan,11
ET+LGBM+kNN,0.6957447925509104,0.05447552932665873,0.5391469718671691,morgan,11
ET+SVM,0.6943894789052898,0.05396931269476544,0.5293385338374744,morgan,11
ET+LGBM+XGB,0.6922932134361028,0.03498666554352629,0.5404042975624724,morgan,11
LGBM,0.6908421192994927,0.05774585588278352,0.5431295005516379,morgan,11
XGB,0.687312180177664,0.04449433247827847,0.5214770336968941,morgan,11
ET+LGBM,0.6770792627925832,0.03692622022083507,0.5624714747611621,morgan,11
ET+XGB,0.6762949077246105,0.022741973133685242,0.5500943919723269,morgan,11
ET+kNN,0.6647432417724614,0.06066466092463822,0.5637524450954385,morgan,11
kNN,0.646757125388321,0.06155000071970461,0.5653549855976859,morgan,11
ET,0.5119518475580248,0.08831605257961261,0.6214187724865582,morgan,11
RF+ET+SVM,0.7241120687225246,0.062005319878170845,0.5075817907988723,morgan,12
RF+LGBM+SVM,0.7235931523312005,0.06907056795708907,0.5114861849412536,morgan,12
RF+SVM,0.7219054199899593,0.06193905968335113,0.5095356026146604,morgan,12
RF+LGBM+kNN,0.7214089787084492,0.07235617060402705,0.5102711133124302,morgan,12
ET+XGB+SVM,0.7207864861435449,0.06226625411714373,0.5192795677188929,morgan,12
RF+SVM+kNN,0.7207014701971305,0.06349604431842315,0.5093885845782488,morgan,12
RF+ET+LGBM,0.7202611307082657,0.07232513714112204,0.5118288252895549,morgan,12
RF+XGB+SVM,0.7201832410985447,0.06322405817629463,0.5128479376584778,morgan,12
ET+SVM+kNN,0.7193247560345315,0.06504433287463599,0.51542139080534,morgan,12
XGB+SVM+kNN,0.719194037472679,0.06503884134377916,0.5180859346994792,morgan,12
LGBM+XGB+SVM,0.7191220796139499,0.07144932731985693,0.5230618250840795,morgan,12
ET+LGBM+SVM,0.7191193330290327,0.0713567409708572,0.5203960002079262,morgan,12
RF+LGBM,0.7186315531542404,0.0726990450015018,0.5139151300516043,morgan,12
XGB+SVM,0.7182346878187008,0.06149157042820121,0.5237367565517541,morgan,12
RF+LGBM+XGB,0.7179806551750618,0.07293551250883291,0.5159242592582606,morgan,12
LGBM+XGB+kNN,0.717856467763484,0.07567306143459043,0.5184958205616148,morgan,12
ET+SVM,0.7172589945015156,0.06327901160667958,0.5219922037299559,morgan,12
LGBM+SVM+kNN,0.7171712164060657,0.07381692533064141,0.5205897477189418,morgan,12
ET+LGBM+kNN,0.7167025834663769,0.076899253423453,0.5175029138963383,morgan,12
LGBM+SVM,0.7153283411571414,0.07171484410877851,0.5274396200472738,morgan,12
SVM,0.7145113211833947,0.06574946610605897,0.5273910973909375,morgan,12
ET+XGB+kNN,0.7135183786785331,0.06234991206979499,0.5200893538706431,morgan,12
SVM+kNN,0.7133971341977906,0.06559430586420226,0.5233498245686998,morgan,12
ET+LGBM+XGB,0.7133013490678546,0.07738268005072949,0.5233515566870424,morgan,12
RF+XGB+kNN,0.7127183037489402,0.06185619308810531,0.5155185179602189,morgan,12
RF+ET+kNN,0.71211798975199,0.059953370400020724,0.5156478523948707,morgan,12
RF+ET+XGB,0.7118676330057718,0.05777746933795826,0.5168532665680671,morgan,12
XGB+kNN,0.710387628321161,0.05927901743385656,0.5243570363510761,morgan,12
RF+kNN,0.710196887170155,0.05936666407485682,0.5166405490389139,morgan,12
LGBM+kNN,0.7100733699561126,0.07704997161665134,0.5255735130831818,morgan,12
LGBM+XGB,0.7100505262988112,0.07591026470374049,0.5304548779892897,morgan,12
RF+XGB,0.7063229953259671,0.05928346913582974,0.520131839915087,morgan,12
RF+ET,0.7059158875326819,0.05652033888452634,0.5196375639797305,morgan,12
RF,0.7045413499993326,0.057902481153655434,0.5213213773299326,morgan,12
ET+LGBM,0.7030574027043296,0.07939061730481829,0.5325655002216745,morgan,12
LGBM,0.6963632921532096,0.09091260100500706,0.5375381846760134,morgan,12
ET+XGB,0.6959914200223211,0.059163322477818456,0.5402214871467986,morgan,12
XGB,0.6914429036110833,0.06244777168777315,0.5355810666958449,morgan,12
ET+kNN,0.6914309727760983,0.061759754959233165,0.5431725831237323,morgan,12
kNN,0.657543739484911,0.06373162908241824,0.5687321324175206,morgan,12
ET,0.5628570490670167,0.10651905899782203,0.6201914274803902,morgan,12
LGBM+XGB+SVM,0.7310879424351615,0.02347834433319775,0.5121317081798666,morgan,13
XGB+SVM,0.728153152573107,0.025226008723478473,0.5139490058508234,morgan,13
LGBM+XGB+kNN,0.7274595367024451,0.032945742226035,0.5096349877791763,morgan,13
XGB+SVM+kNN,0.7271322874299718,0.03446392101671194,0.5102432058017545,morgan,13
LGBM+SVM,0.7261704163985476,0.0263540760701125,0.5191212041134439,morgan,13
LGBM+XGB,0.7247751919265989,0.01978509176372032,0.5150905434594779,morgan,13
LGBM+SVM+kNN,0.7246989741104011,0.034196946487152505,0.515770085850753,morgan,13
ET+XGB+SVM,0.7241170012025603,0.02448024431292615,0.513720104686469,morgan,13
ET+LGBM+SVM,0.7235793951903385,0.025047850132179125,0.5179731795221353,morgan,13
SVM,0.7222114445565777,0.0344611558192951,0.5224072455151386,morgan,13
ET+LGBM+XGB,0.7212878812624358,0.017256728014330425,0.5135764111170951,morgan,13
SVM+kNN,0.7199665906797753,0.039708037464463004,0.519815846460996,morgan,13
RF+SVM+kNN,0.7198591978689697,0.04107101935235196,0.5117922587956083,morgan,13
RF+XGB+SVM,0.7192888320128483,0.03339564859503034,0.5126143135366157,morgan,13
XGB+kNN,0.7190679026612022,0.03991131680434796,0.5160331996312291,morgan,13
ET+SVM+kNN,0.7189836829109246,0.04045118726794656,0.5174913077489154,morgan,13
ET+SVM,0.7185518230505258,0.02987692278842813,0.5221778384526401,morgan,13
RF+SVM,0.7173933208538391,0.0349848575004196,0.5143959639459461,morgan,13
RF+XGB+kNN,0.7153133304738748,0.041403536643341746,0.5135248840962039,morgan,13
ET+XGB+kNN,0.7152888927879038,0.04031295138040308,0.5152483665959263,morgan,13
ET+LGBM+kNN,0.7142196197059066,0.036888075047468216,0.522330490277663,morgan,13
RF+ET+SVM,0.7141813051866379,0.03327122494357811,0.5178442320915423,morgan,13
RF+LGBM+SVM,0.7141020335770202,0.03219902969708583,0.5174020303943516,morgan,13
LGBM,0.7126764788560205,0.01604395672784179,0.5338828399736388,morgan,13
LGBM+kNN,0.7121049103476274,0.03429110328221424,0.5300848482381743,morgan,13
RF+LGBM+kNN,0.7118145156034333,0.04109527689839854,0.5151197553714171,morgan,13
RF+kNN,0.7080659598866905,0.04571602824008633,0.5208278973957106,morgan,13
RF+LGBM+XGB,0.7076174062710694,0.03149149477014312,0.5192420937052047,morgan,13
ET+LGBM,0.7068148596010387,0.01587044582305272,0.5337984464821307,morgan,13
RF+ET+kNN,0.7055775651020451,0.04430539042619245,0.5234513822423478,morgan,13
RF+ET+LGBM,0.7040449872225545,0.033233623402128556,0.5257890635306977,morgan,13
RF+LGBM,0.7037229046840543,0.03233512995589808,0.5243950207988185,morgan,13
RF+XGB,0.7037222195334791,0.03256153823626257,0.5221126398146255,morgan,13
RF+ET+XGB,0.703571114244592,0.03304820111793593,0.5232068248158865,morgan,13
XGB,0.7015518345224396,0.02189572236487519,0.5313526924180935,morgan,13
RF,0.7005605918144646,0.03632851727703687,0.5258606343362973,morgan,13
ET+XGB,0.699247252041417,0.024865307334436756,0.5316150155439202,morgan,13
RF+ET,0.6951058776308776,0.03647889870719575,0.5313799562494076,morgan,13
ET+kNN,0.6817930671288004,0.05292059618989941,0.5504593497468987,morgan,13
kNN,0.6488709144445104,0.05500003084801259,0.5736743030674379,morgan,13
ET,0.550812535974939,0.10676424263885931,0.615196435712438,morgan,13
RF+SVM+kNN,0.7447721837200028,0.03348291897856969,0.4834507314305837,morgan,14
XGB+SVM+kNN,0.7429265297338199,0.033723172264865896,0.48774775919035973,morgan,14
LGBM+SVM+kNN,0.7420877957283377,0.03767572755694683,0.48953934366912133,morgan,14
RF+SVM,0.7415715941371243,0.03535600623368025,0.4839387993846744,morgan,14
LGBM+XGB+kNN,0.7409729230947452,0.03464155028420671,0.48961921556723703,morgan,14
SVM+kNN,0.7408992449436134,0.036996847425035374,0.4898513350530932,morgan,14
ET+SVM+kNN,0.7407139684079165,0.03301578447281149,0.4841665452311764,morgan,14
RF+ET+SVM,0.7403216547528171,0.03285789278445684,0.4852429059850851,morgan,14
RF+LGBM+SVM,0.740075822073087,0.03595216765961231,0.48625499853315546,morgan,14
LGBM+SVM,0.7394971902626064,0.04229397170289853,0.4918490251131831,morgan,14
RF+LGBM+kNN,0.739337030514202,0.030064378532433787,0.4889262791883988,morgan,14
RF+XGB+kNN,0.7390374885786293,0.02692122270672356,0.4879039486853108,morgan,14
LGBM+XGB+SVM,0.7387985613398145,0.03940087083348132,0.4914691940527359,morgan,14
RF+XGB+SVM,0.738661009145148,0.029937571379338234,0.4849431582273658,morgan,14
SVM,0.7375467365600731,0.04519216822157583,0.4957916290566852,morgan,14
XGB+SVM,0.7369636922662081,0.03824481242396214,0.4920419197693534,morgan,14
ET+LGBM+SVM,0.736471348585604,0.035324447111433274,0.49172415338874187,morgan,14
ET+SVM,0.7356922259676832,0.0373245918874035,0.49033501307574767,morgan,14
RF+kNN,0.7346416068932593,0.02774727812485822,0.4915386952182139,morgan,14
ET+XGB+SVM,0.7342015748998404,0.03444200210603102,0.4936370321453369,morgan,14
RF+ET+kNN,0.7317745502228484,0.0254537526845641,0.4935940542999269,morgan,14
XGB+kNN,0.7315760669560322,0.03383511477284768,0.497783464233454,morgan,14
ET+LGBM+kNN,0.7313799077531172,0.03036103400899355,0.4948430014642577,morgan,14
LGBM+XGB,0.7303070010342457,0.04077505226939485,0.5015790165235764,morgan,14
RF+LGBM+XGB,0.730101664746065,0.02419174203012313,0.49404938067475157,morgan,14
LGBM+kNN,0.7291177974717316,0.03584870311316937,0.501296529786349,morgan,14
ET+XGB+kNN,0.7285246682771577,0.02835850193073634,0.4968941868910255,morgan,14
RF+LGBM,0.7280754693163174,0.02884274074317378,0.49577401199317406,morgan,14
RF+ET+LGBM,0.726298623748424,0.027803651819700143,0.4984397702821167,morgan,14
RF+XGB,0.7234564144670788,0.021741320592533166,0.49941626417218854,morgan,14
ET+LGBM+XGB,0.7230148385128689,0.031968419060523216,0.505842488239417,morgan,14
RF+ET+XGB,0.720793931279757,0.01953189636581641,0.5041743737659514,morgan,14
RF,0.7168371256518986,0.02754895497662481,0.5032884512491692,morgan,14
RF+ET,0.7148577391878759,0.02498179615246964,0.5062072555094327,morgan,14
ET+LGBM,0.7111015491762382,0.03530068253146769,0.5177180661286714,morgan,14
ET+kNN,0.7094547871465695,0.028148859701592498,0.5091339135651063,morgan,14
LGBM,0.7079980197823081,0.052424919263512657,0.5180858177813363,morgan,14
XGB,0.6989687147595605,0.0436102961086601,0.5170886816304956,morgan,14
ET+XGB,0.6961059260252217,0.02716288593235477,0.5259011860222461,morgan,14
kNN,0.6799411704303185,0.030162891309597952,0.5358006018452892,morgan,14
ET,0.5441133669017745,0.06327917719550082,0.5825317655085489,morgan,14
ET+XGB+SVM,0.7222034512359228,0.03707737638496433,0.5043715861897111,morgan,15
ET+LGBM+SVM,0.7220179942257886,0.02789082516019907,0.50679357482462,morgan,15
LGBM+XGB+SVM,0.7219400655107816,0.026515469624516723,0.5074876592076345,morgan,15
RF+XGB+SVM,0.7214274053406778,0.038482342258472996,0.49981787343471495,morgan,15
SVM,0.7210649319111164,0.043161094368373655,0.5096536437716925,morgan,15
XGB+SVM+kNN,0.7195731551779396,0.033279109295751376,0.5069823731570862,morgan,15
RF+SVM,0.719571865594326,0.03782202584252267,0.5025572725581039,morgan,15
ET+SVM+kNN,0.7193051489055055,0.03195017354975194,0.5066966489528926,morgan,15
RF+ET+SVM,0.7192149848992143,0.03817272606002729,0.5039473347737895,morgan,15
ET+SVM,0.7191648670298102,0.03656278468800458,0.508194140233445,morgan,15
XGB+SVM,0.7189854873233207,0.037086563849888184,0.509132020574868,morgan,15
RF+SVM+kNN,0.7182125219010438,0.0334441714916064,0.5058857950290634,morgan,15
LGBM+SVM,0.7176361575552683,0.026447539397147102,0.5131781245972334,morgan,15
RF+LGBM+SVM,0.7173127762960603,0.037298843705457524,0.5052382170436523,morgan,15
LGBM+SVM+kNN,0.7165155073697242,0.02456265434433897,0.5121310718049974,morgan,15
RF+XGB+kNN,0.7143969131781992,0.03324462945274067,0.5076020144832033,morgan,15
LGBM+XGB+kNN,0.7141202480942112,0.02066767757304359,0.5150788242405937,morgan,15
SVM+kNN,0.7136652552523648,0.03256723896322516,0.5149952539928747,morgan,15
RF+LGBM+XGB,0.7127478823704777,0.03349336241952907,0.511763108398024,morgan,15
ET+LGBM+XGB,0.7117622377892238,0.013532634641328044,0.5204348052712517,morgan,15
ET+XGB+kNN,0.7107330541115772,0.031671784802423594,0.5159793954579589,morgan,15
RF+LGBM+kNN,0.7098949711194844,0.029749383456628503,0.5159341364927046,morgan,15
ET+LGBM+kNN,0.7093479758941517,0.01880319144290608,0.5215713792704848,morgan,15
RF+XGB,0.7088988956444109,0.03965800426678304,0.5108415007678795,morgan,15
RF+LGBM,0.7085358268836597,0.03352396679899141,0.5171114213175336,morgan,15
LGBM+XGB,0.707308914619035,0.010935716011161603,0.527204726874905,morgan,15
RF+kNN,0.707123303432051,0.030630354738855035,0.515876075756653,morgan,15
RF+ET+XGB,0.7070199438582312,0.038361319253327274,0.5146427788476642,morgan,15
RF,0.7067107482085022,0.044337078210356325,0.5097807980602569,morgan,15
RF+ET+LGBM,0.7066667495664248,0.033677930776647984,0.5202724153941085,morgan,15
RF+ET+kNN,0.7063265763537905,0.02945889347800623,0.5180282014241117,morgan,15
XGB+kNN,0.705542560959966,0.032763662314616235,0.522708090033283,morgan,15
LGBM,0.7052865937253887,0.03369764147989805,0.5249032730784515,morgan,15
LGBM+kNN,0.7019813304854761,0.017307272968285083,0.530167765857666,morgan,15
XGB,0.7011519084626456,0.04440774312459804,0.5235335800770479,morgan,15
RF+ET,0.7000476008945897,0.036889548786857546,0.5218224320982318,morgan,15
ET+LGBM,0.7000179332270141,0.014344409307592825,0.5360441121035742,morgan,15
ET+XGB,0.685814918188305,0.033696936906702495,0.5481987603456178,morgan,15
ET+kNN,0.6852669574784395,0.026336006275934794,0.5471848686894598,morgan,15
kNN,0.6524613247716704,0.025128921020176262,0.5635662251688016,morgan,15
ET,0.5999427483459308,0.05488707616425028,0.5817635589466557,morgan,15
XGB+SVM,0.7338814330053474,0.03236585368454116,0.49251545155112575,morgan,16
RF+XGB+SVM,0.7338151355459143,0.03773879548020936,0.4906912423782906,morgan,16
LGBM+XGB+SVM,0.7326022292296377,0.041564926500019445,0.4966249906214627,morgan,16
XGB+SVM+kNN,0.7322909021272451,0.03371675438171749,0.4944115051870184,morgan,16
ET+XGB+SVM,0.731196699572737,0.029000810814747365,0.49501597582309864,morgan,16
RF+LGBM+SVM,0.7301523877087599,0.04547146445527217,0.4993796527709672,morgan,16
LGBM+SVM,0.7289643044320411,0.04441449037368736,0.5040827928434959,morgan,16
RF+SVM,0.7288484205330186,0.039581357788099326,0.4983768106465177,morgan,16
LGBM+SVM+kNN,0.7282955247574017,0.04533067927343055,0.5040052920700385,morgan,16
SVM,0.7280425335189467,0.03661811349979953,0.5068849107489835,morgan,16
ET+SVM,0.7274523498784872,0.03157885946862412,0.5045401085841377,morgan,16
RF+LGBM+XGB,0.7271646726252723,0.045318014099481434,0.4996914499056516,morgan,16
ET+LGBM+SVM,0.7270687850769564,0.04369690895931484,0.504345924207301,morgan,16
RF+ET+SVM,0.7266757883909809,0.037307581915042486,0.5004530190800558,morgan,16
LGBM+XGB+kNN,0.7264597210398807,0.040630920430944614,0.5026557744615772,morgan,16
RF+SVM+kNN,0.7261859782291642,0.042200995790085294,0.503098249841884,morgan,16
SVM+kNN,0.725462258567985,0.039269085637274326,0.5067435859935363,morgan,16
ET+SVM+kNN,0.7249568236029482,0.035977703764146655,0.5064403786474775,morgan,16
RF+XGB,0.7246701565132294,0.04342929256543859,0.5001297099126687,morgan,16
LGBM+XGB,0.7237691980307526,0.04366814828620592,0.5061284979832283,morgan,16
RF+ET+XGB,0.7231385556938836,0.04035914956613295,0.501595419743221,morgan,16
RF+XGB+kNN,0.7230585462542877,0.03670324783312401,0.5021414598166087,morgan,16
ET+LGBM+XGB,0.7213331003385063,0.04240540929994353,0.5093831453680149,morgan,16
XGB+kNN,0.7181028112867167,0.027737893779735276,0.5107506556118897,morgan,16
RF+LGBM+kNN,0.7169529429988926,0.05094686746986347,0.5116254581175408,morgan,16
RF+LGBM,0.716548481805701,0.052270489972616754,0.5115002848684639,morgan,16
ET+XGB+kNN,0.7160458335988509,0.024467571772508488,0.5123987479243481,morgan,16
RF+ET+LGBM,0.7138945897685824,0.051577890952291275,0.5136661744693735,morgan,16
ET+LGBM+kNN,0.7098835819286683,0.04798718944992538,0.5218960950357827,morgan,16
ET+XGB,0.7096422876634028,0.037332730952034564,0.5232126012403318,morgan,16
LGBM+kNN,0.7088555972579258,0.04810578723883821,0.5240717924051658,morgan,16
XGB,0.7051546303123892,0.04273690188748003,0.5134789384595757,morgan,16
RF+kNN,0.7027173281545478,0.0488786413102733,0.5254403546663321,morgan,16
ET+LGBM,0.7012841733464097,0.05137774283628843,0.5339162506274484,morgan,16
RF,0.7011889329045298,0.05146722797934205,0.5210249832041463,morgan,16
RF+ET+kNN,0.6999469569641608,0.04593668663770757,0.5266678684297471,morgan,16
RF+ET,0.6991581522695366,0.04958627424044313,0.5252954164592236,morgan,16
LGBM,0.697727677825629,0.04797347701858241,0.5311994497850662,morgan,16
ET+kNN,0.6753437441911645,0.033591803564266776,0.5592483555822676,morgan,16
kNN,0.6345840690847663,0.03965036746186136,0.5779757924727272,morgan,16
ET,0.5878712571306707,0.08851399496266116,0.592708093631768,morgan,16
ET+LGBM+SVM,0.6952946702846843,0.06917013833305963,0.5288471305061183,morgan,17
LGBM+SVM+kNN,0.694647911750421,0.08380354612469046,0.5248595696548989,morgan,17
RF+LGBM+SVM,0.6941735750574531,0.05674705401077135,0.5225370599384715,morgan,17
ET+LGBM+kNN,0.6925021164547982,0.08220714140779031,0.5271788509436452,morgan,17
LGBM+XGB+kNN,0.6922560142964811,0.08021568255342691,0.5290278759120006,morgan,17
RF+SVM+kNN,0.6921820817803811,0.0680972075226793,0.5221023238161412,morgan,17
ET+SVM+kNN,0.6920836499641932,0.08155005206878602,0.5239258759058739,morgan,17
LGBM+SVM,0.6919358167010431,0.07241171058005608,0.5334689990792881,morgan,17
RF+LGBM+kNN,0.6918114790128851,0.07006416840619648,0.525622397493466,morgan,17
SVM+kNN,0.6908293649183925,0.08429347187163792,0.5276828582311035,morgan,17
ET+SVM,0.6903026525396667,0.06474290100330371,0.5300337019757354,morgan,17
LGBM+XGB+SVM,0.6901808457367761,0.06847678842222286,0.5326074010111205,morgan,17
RF+SVM,0.6901698442200714,0.05278796983904467,0.5242318459018281,morgan,17
XGB+SVM+kNN,0.6893701679707871,0.07716956152629835,0.5243980945269593,morgan,17
LGBM+kNN,0.6879310422576063,0.08235557555008777,0.5345369617937294,morgan,17
ET+LGBM+XGB,0.687681023710424,0.06346427948615754,0.5355167072060573,morgan,17
ET+XGB+SVM,0.6875835182129404,0.05560424020800874,0.5285943357234499,morgan,17
SVM,0.6874582379606429,0.07265420136963428,0.5362205705597314,morgan,17
RF+LGBM+XGB,0.6871999984233448,0.05510601310653186,0.526839868445464,morgan,17
RF+XGB+kNN,0.6859017655784825,0.06043106099713756,0.5311419468141954,morgan,17
RF+LGBM,0.6858590966244501,0.05788431566802546,0.5281361257354709,morgan,17
RF+XGB+SVM,0.6857594898066275,0.050773024522993516,0.5264201285476087,morgan,17
RF+ET+SVM,0.6856175998381603,0.05732843835595308,0.527314094482357,morgan,17
XGB+SVM,0.68512792332869,0.06251789997089023,0.5324201576239104,morgan,17
ET+XGB+kNN,0.6848347903857954,0.07029887144782918,0.537769527773215,morgan,17
LGBM+XGB,0.6843085272307664,0.06631628778126333,0.5400285298576949,morgan,17
RF+ET+LGBM,0.6840327114739313,0.05927782768893968,0.5289070870156704,morgan,17
XGB+kNN,0.6827806775877506,0.07200764909136183,0.5445154571214064,morgan,17
ET+LGBM,0.6816603807340437,0.06956362801167999,0.5427083511241125,morgan,17
RF+kNN,0.6809844323594101,0.06379344771736163,0.5349366696141191,morgan,17
RF+ET+kNN,0.6780347367479302,0.06970090771647391,0.5370532384896806,morgan,17
RF+XGB,0.6765375142725365,0.0429406970945351,0.5330524361096143,morgan,17
LGBM,0.6718090777668835,0.10168349335655151,0.5453591474553526,morgan,17
RF,0.671044919576804,0.047348561108645174,0.5399259156410812,morgan,17
RF+ET+XGB,0.6689516216720482,0.04790586392181454,0.536901443873874,morgan,17
ET+kNN,0.6664005812351366,0.07933417757980583,0.5603445769566315,morgan,17
ET+XGB,0.6654659954423693,0.04031095264772433,0.5616920326965619,morgan,17
RF+ET,0.6626034253266015,0.056192374715779266,0.5448179165342026,morgan,17
XGB,0.6593981003855023,0.05622483596821199,0.545920902086005,morgan,17
kNN,0.6383509644493819,0.0839677268273226,0.5787151691001653,morgan,17
ET,0.5782532838979013,0.08183643553540654,0.5920257933292408,morgan,17
LGBM+XGB+SVM,0.7229175689906138,0.03396523450278832,0.5073131067329074,morgan,18
LGBM+SVM,0.7206267658440841,0.033001515149086905,0.5112326371169652,morgan,18
LGBM+SVM+kNN,0.7203681416813236,0.032489998934990175,0.5091397168793173,morgan,18
XGB+SVM+kNN,0.7190350430920461,0.03596961632315751,0.508089730613974,morgan,18
ET+LGBM+SVM,0.7179551718639251,0.035072656343505385,0.5121070826075249,morgan,18
XGB+SVM,0.7173104202201138,0.03672784237609969,0.5104921902866117,morgan,18
LGBM+XGB+kNN,0.7171795892134398,0.032672973541500304,0.5106113346156965,morgan,18
ET+XGB+SVM,0.71649074292935,0.03877418182948071,0.5121253448908449,morgan,18
SVM+kNN,0.7155926781210737,0.033674047600108725,0.5131771845185015,morgan,18
ET+SVM+kNN,0.7154759530787178,0.03620265423792125,0.5129859044715125,morgan,18
RF+LGBM+SVM,0.715147360167266,0.03611301129179012,0.5072965010462772,morgan,18
RF+SVM+kNN,0.714808415342292,0.03538295330932903,0.5077436369859403,morgan,18
SVM,0.7135774549004237,0.03410364312372523,0.515953802818148,morgan,18
RF+SVM,0.7119647572686992,0.037318550488410665,0.5081996927632775,morgan,18
RF+LGBM+kNN,0.7117279660820157,0.03364919335453439,0.5120350461316782,morgan,18
ET+SVM,0.7116090611032101,0.039707729591147954,0.5180028852543046,morgan,18
LGBM+XGB,0.7105574819039324,0.031279952762933626,0.5132984011907229,morgan,18
RF+ET+SVM,0.7098601527238129,0.03675514225280488,0.5135275896206852,morgan,18
ET+LGBM+kNN,0.7093737096970246,0.031574133039480784,0.5204357711838576,morgan,18
LGBM+kNN,0.7086980112481169,0.028888660162833465,0.5233227411003182,morgan,18
RF+XGB+SVM,0.7085780791074573,0.040306541017136016,0.5136313689105936,morgan,18
ET+LGBM+XGB,0.7083091220710547,0.03326385861199172,0.5139543269042204,morgan,18
XGB+kNN,0.7076679670691823,0.03665302456671845,0.5216365244717112,morgan,18
ET+XGB+kNN,0.7062999393616417,0.03803728300721766,0.5228860853003873,morgan,18
RF+kNN,0.7051179672964484,0.03478950404043147,0.5171308510577208,morgan,18
RF+XGB+kNN,0.7042179180652604,0.03922829288155245,0.5173294772917114,morgan,18
RF+ET+kNN,0.7026337970244468,0.03689760151765843,0.5198809107674982,morgan,18
RF+LGBM,0.7020571153399626,0.03605905344713154,0.5134012206544407,morgan,18
RF+ET+LGBM,0.7010304558589624,0.03582396764180057,0.5161903393797964,morgan,18
RF+LGBM+XGB,0.7008615003607103,0.04235940970162763,0.5128047091577297,morgan,18
LGBM,0.696224109306544,0.02506656175634751,0.5298889817139496,morgan,18
ET+LGBM,0.6947660210790566,0.031736602446514016,0.5269827521015684,morgan,18
RF+ET+XGB,0.6893211478363019,0.04430378843141393,0.524569219535547,morgan,18
RF,0.6892082965582007,0.03814525322084745,0.5221142379467837,morgan,18
RF+XGB,0.6890634198840325,0.0446821462483409,0.5200636134157332,morgan,18
RF+ET,0.6883633617807394,0.039361561580423116,0.5257689385241073,morgan,18
ET+kNN,0.68512809425495,0.031172388804570808,0.5441510889964685,morgan,18
ET+XGB,0.6824246796415212,0.04876767938021543,0.531051286674328,morgan,18
XGB,0.6750155970570317,0.05990030484444619,0.5297608081764466,morgan,18
kNN,0.6654748556542497,0.029804467301472827,0.5537934347758677,morgan,18
ET,0.5380945484783826,0.07281146467870186,0.5976398560726314,morgan,18
RF+XGB+SVM,0.7611294354654229,0.04868115847493946,0.4685354546417547,morgan,19
XGB+SVM+kNN,0.7593954950382974,0.054641853949238935,0.4728785005196565,morgan,19
RF+XGB+kNN,0.758769231845948,0.05476262139051557,0.47311176309782627,morgan,19
XGB+SVM,0.7584842244861545,0.0445083478851702,0.47230928067914935,morgan,19
RF+LGBM+XGB,0.7582618130776542,0.05005793179631689,0.4716295060482566,morgan,19
LGBM+XGB+kNN,0.7579463112265132,0.05394788707994027,0.4758430810907798,morgan,19
RF+XGB,0.7575777593041387,0.0491936182567385,0.47036014898448153,morgan,19
XGB+kNN,0.7571069442288767,0.05432304455735949,0.4773322381550969,morgan,19
RF+ET+XGB,0.7569314339054076,0.04858993776110258,0.47119076743226207,morgan,19
ET+XGB+SVM,0.7551255819408366,0.04542828187452056,0.4735745289445008,morgan,19
LGBM+XGB+SVM,0.7540422932074642,0.04220415793575914,0.4749229603386219,morgan,19
RF+SVM,0.7529414320789369,0.04774862470873544,0.47783694815815647,morgan,19
LGBM+XGB,0.7524962983658657,0.047291424493801956,0.480973599085305,morgan,19
RF+ET+SVM,0.7517369309537851,0.04671693311169412,0.4793343745485955,morgan,19
ET+LGBM+XGB,0.7511957808898106,0.04654626685042964,0.48113305275661356,morgan,19
ET+XGB+kNN,0.7507741343357448,0.05584112475328502,0.47960392679516045,morgan,19
RF+LGBM+SVM,0.7499628903447207,0.04304544199328103,0.48024179831254327,morgan,19
RF+SVM+kNN,0.7494136833679583,0.053680847594839945,0.4826534514371845,morgan,19
SVM,0.745980077034768,0.03862898353099962,0.48920375218035445,morgan,19
XGB,0.7439513756676472,0.058991455057795746,0.4825519817372597,morgan,19
ET+XGB,0.7435515212684658,0.04727202822902648,0.48816137674069876,morgan,19
ET+SVM,0.7435405258795866,0.040117656226822014,0.486280263588986,morgan,19
RF+LGBM+kNN,0.7432763125160895,0.0531837132010545,0.4886559103332321,morgan,19
SVM+kNN,0.7428915468179078,0.051217332022412056,0.490938525449351,morgan,19
LGBM+SVM+kNN,0.7425656361416683,0.04494134502149274,0.49130103601681324,morgan,19
LGBM+SVM,0.7420297220738223,0.03006857516156038,0.49140418942455694,morgan,19
RF+LGBM,0.7420153235666153,0.05027859345061671,0.483355276586001,morgan,19
RF+ET+LGBM,0.7418150616705352,0.04945931631517589,0.484758187918504,morgan,19
ET+LGBM+SVM,0.7414182752216385,0.03476312909617587,0.48855665117394365,morgan,19
ET+SVM+kNN,0.7412757455379859,0.05144918290457626,0.48850163113697287,morgan,19
RF+kNN,0.7390524999097555,0.05639090118540656,0.490710649318828,morgan,19
RF,0.7372662437294765,0.05291812216727688,0.4860824546980151,morgan,19
RF+ET+kNN,0.7355204344890528,0.056803147961529306,0.49212770087542823,morgan,19
RF+ET,0.7351579288113229,0.05354434834228827,0.4873469609405888,morgan,19
ET+LGBM+kNN,0.7312219123709083,0.05079212915982969,0.501111251809332,morgan,19
LGBM+kNN,0.7291004540589759,0.047916279000998645,0.5085879084707161,morgan,19
LGBM,0.7272564844312548,0.03440921246486247,0.5047289572054783,morgan,19
ET+LGBM,0.7248193105433609,0.037055895936482806,0.5056637063101976,morgan,19
ET+kNN,0.7095468221890112,0.05696898226214669,0.5180064489743368,morgan,19
kNN,0.670846827160539,0.06571715581661208,0.5541601948971902,morgan,19
ET,0.6112529574268674,0.07900042840286216,0.568321746604285,morgan,19
RF+SVM,0.755389173968316,0.055880159313428227,0.4706308023134368,morgan,20
RF+LGBM+SVM,0.7550546647878316,0.05691509119768229,0.4725684443995212,morgan,20
XGB+SVM,0.7546792371586244,0.048732182944903446,0.4801190865362458,morgan,20
LGBM+XGB+SVM,0.7546075463652593,0.04963754193021734,0.4803894013092173,morgan,20
RF+XGB+SVM,0.7531525870583896,0.05166064053741399,0.4743582853341241,morgan,20
SVM,0.7525104539288383,0.051613699164753085,0.480349391122496,morgan,20
LGBM+SVM,0.7519453815890629,0.05376721282924636,0.48135861680110487,morgan,20
XGB+SVM+kNN,0.7518130541242155,0.049053584197623484,0.47972394412757813,morgan,20
RF+ET+SVM,0.751691169876452,0.057122160500825823,0.4716498505391028,morgan,20
RF+SVM+kNN,0.7507651050010453,0.0565802557249815,0.4749431509935792,morgan,20
LGBM+SVM+kNN,0.7497751582706098,0.05670781650735807,0.48038331038227833,morgan,20
ET+XGB+SVM,0.7491114180227599,0.04958189328378333,0.48490820345577806,morgan,20
ET+SVM,0.7487805088245032,0.05158167096529445,0.48287083214825505,morgan,20
ET+LGBM+SVM,0.7487714501909365,0.05459755053291798,0.4832575439505532,morgan,20
SVM+kNN,0.7476213512292684,0.05317065979040557,0.4828154942459301,morgan,20
LGBM+XGB+kNN,0.7468567522002052,0.05339004915286863,0.4870610965387815,morgan,20
ET+SVM+kNN,0.7460297062348213,0.05328847638440757,0.48342205873260813,morgan,20
RF+XGB+kNN,0.7426793303983737,0.053578097838232114,0.4842164746847768,morgan,20
RF+LGBM+kNN,0.7425265790859854,0.06221190453774456,0.48519193619845086,morgan,20
RF+LGBM+XGB,0.7407727158388171,0.055826438002681354,0.48671367186031056,morgan,20
XGB+kNN,0.7400656651159098,0.048667449811488815,0.4946670313335657,morgan,20
RF+LGBM,0.73901572340675,0.059952775868664356,0.48774880417574307,morgan,20
RF+ET+LGBM,0.737699478269749,0.06069688671274621,0.48692082312117646,morgan,20
RF+kNN,0.7374509863529101,0.06028235914078246,0.4882743467563304,morgan,20
RF+ET+kNN,0.7362140904861949,0.06172785665321684,0.48992790739044345,morgan,20
LGBM+kNN,0.7350424756528888,0.06395397624338976,0.4988639427066806,morgan,20
ET+XGB+kNN,0.7347617833378036,0.050134060490289616,0.49736134795859843,morgan,20
LGBM+XGB,0.7346021423552469,0.051974627656079395,0.5009442041828011,morgan,20
RF+ET+XGB,0.7341673473632533,0.05372083696688825,0.48839032702444457,morgan,20
RF+XGB,0.7338477086515824,0.05333738690490727,0.48852603568743075,morgan,20
RF,0.7328835732519299,0.05900218982352164,0.48687893076967576,morgan,20
ET+LGBM+kNN,0.7325275014893352,0.06431664586798129,0.49848519117209805,morgan,20
RF+ET,0.729450061296206,0.058385139120632486,0.4916169457029344,morgan,20
ET+LGBM+XGB,0.7294277365572829,0.05475673786668383,0.5040902714040452,morgan,20
LGBM,0.7191077075938793,0.06309255423415619,0.5162964778707437,morgan,20
ET+LGBM,0.7130360251113484,0.06313198290102902,0.5219769349439466,morgan,20
XGB,0.7116605067567171,0.05862991324405937,0.510692577047577,morgan,20
ET+kNN,0.7034711780994126,0.059604015438747944,0.5295178075249464,morgan,20
ET+XGB,0.7032695469701218,0.050404518491026194,0.5244773865532019,morgan,20
kNN,0.6925195915404597,0.06319462311914757,0.5284589651109972,morgan,20
ET,0.5447468559533322,0.041839358476341564,0.6084203862144584,morgan,20
XGB+SVM+kNN,0.7246197832658035,0.04773840773670037,0.5128939236547657,morgan,21
LGBM+SVM+kNN,0.7225846215375361,0.05027556094164678,0.5158556402962551,morgan,21
LGBM+XGB+SVM,0.7214141868037254,0.040920696733288006,0.5133211197225342,morgan,21
SVM+kNN,0.7213059682043836,0.046946734506527796,0.5173707534134573,morgan,21
XGB+SVM,0.720308035013393,0.035946923947933654,0.5138080015427251,morgan,21
RF+SVM+kNN,0.7194395895663316,0.054344793803246465,0.5127780117951506,morgan,21
LGBM+SVM,0.7193276892807227,0.03986730276973941,0.5168167098473491,morgan,21
RF+SVM,0.7182262303215367,0.05183978108581463,0.5068279262463761,morgan,21
RF+LGBM+SVM,0.717911471730233,0.05257017750126296,0.5074638713592969,morgan,21
SVM,0.7178183096220152,0.03606104002676345,0.5195291810654495,morgan,21
LGBM+XGB+kNN,0.7170176143794196,0.05522370869343664,0.5229297311627956,morgan,21
RF+XGB+SVM,0.7157261624182167,0.05509544378124864,0.5080046255232288,morgan,21
ET+SVM+kNN,0.7149469032326543,0.05117333669149339,0.5209893931201679,morgan,21
RF+LGBM+kNN,0.7139839596876885,0.05766454666867395,0.5186969504145086,morgan,21
RF+ET+SVM,0.711604424227622,0.054668733890276856,0.5132287907869758,morgan,21
ET+LGBM+SVM,0.7109981409440853,0.0456724581304352,0.5192859201130106,morgan,21
ET+XGB+SVM,0.7094464981577007,0.043544791960349286,0.5204381745387345,morgan,21
RF+XGB+kNN,0.7086789446356377,0.06160934097976586,0.5214871274762969,morgan,21
XGB+kNN,0.7081042317886507,0.05483575123828509,0.5330201954749046,morgan,21
ET+SVM,0.7079940492671158,0.0426620480672981,0.5227628181333387,morgan,21
RF+kNN,0.7075098180568362,0.05940548602271312,0.5231477724766171,morgan,21
LGBM+kNN,0.7071461879615996,0.056223208500360215,0.5351187221154161,morgan,21
RF+LGBM,0.7062001766243903,0.058577209749893604,0.5157494995236055,morgan,21
RF+LGBM+XGB,0.705342973389736,0.06090480474017527,0.515331803602218,morgan,21
ET+LGBM+kNN,0.704998599628869,0.0583166969536399,0.5345267371553684,morgan,21
LGBM+XGB,0.7031232307871149,0.04617618524928673,0.5324216443191381,morgan,21
RF+ET+kNN,0.7020715101860315,0.061785543618752554,0.5304439998017122,morgan,21
ET+XGB+kNN,0.7016380761995225,0.05847360052400505,0.5371769469524537,morgan,21
RF,0.7013726271965242,0.06254682163586545,0.5144970564644933,morgan,21
RF+XGB,0.6996254847377934,0.06316584464015561,0.519788660094723,morgan,21
RF+ET+LGBM,0.6995571391527768,0.060196565882807036,0.5235632531964616,morgan,21
ET+LGBM+XGB,0.6955081045058586,0.0522931898220462,0.5347701773084383,morgan,21
RF+ET+XGB,0.6932289086825293,0.06553125820219602,0.527791933006822,morgan,21
RF+ET,0.6927688568890856,0.0635312749362565,0.5262014944246589,morgan,21
LGBM,0.6901331755507283,0.05185474945132599,0.5438434439197672,morgan,21
ET+LGBM,0.6825114153078462,0.05240489587094807,0.552215998391079,morgan,21
ET+kNN,0.678692599863638,0.062001907832017054,0.5615311019333831,morgan,21
XGB,0.6683920327171708,0.04999694854293809,0.5450294497659014,morgan,21
ET+XGB,0.667914308715327,0.04902180633333251,0.5638721511469924,morgan,21
kNN,0.6577077488429619,0.056884737057865925,0.5722614872390083,morgan,21
ET,0.5332915117772338,0.08548483982382711,0.619306761881574,morgan,21
ET+LGBM+SVM,0.7626334553117398,0.022456600095713677,0.4884526837264712,morgan,22
LGBM+SVM,0.7607143537095759,0.02113921294951185,0.491256569781308,morgan,22
ET+SVM,0.7598270604593307,0.02283299108185187,0.4884204857498906,morgan,22
LGBM+XGB+SVM,0.7585802358119567,0.021857267505472445,0.4971615103585106,morgan,22
SVM,0.7579226996639753,0.01915579512063263,0.4908337444512495,morgan,22
ET+XGB+SVM,0.7577253151543332,0.023444496729873348,0.4957925555559216,morgan,22
RF+LGBM+SVM,0.7572868420141461,0.026141430394275942,0.4885980638303806,morgan,22
RF+SVM,0.7562285027769022,0.02564472829776286,0.4889296984963406,morgan,22
XGB+SVM,0.7562029831545087,0.021591178003573953,0.4977810464072362,morgan,22
RF+ET+SVM,0.7555931156698252,0.025083182984669702,0.4899629963762255,morgan,22
RF+XGB+SVM,0.7500000917871892,0.024440693537541615,0.5017790943508265,morgan,22
ET+SVM+kNN,0.7485053478934445,0.030449763189597624,0.4998573381517901,morgan,22
RF+SVM+kNN,0.7471373432747237,0.029891218623242018,0.5002346791668878,morgan,22
LGBM+SVM+kNN,0.7463952636478208,0.029398056417879175,0.5016742261519124,morgan,22
XGB+SVM+kNN,0.7456255554715925,0.029316219926756006,0.5089312260775312,morgan,22
SVM+kNN,0.7442900966577609,0.030541759415701843,0.5020630891287741,morgan,22
ET+LGBM+XGB,0.7438314073133451,0.020524654467235063,0.5046768658420759,morgan,22
LGBM+XGB,0.7435675710980476,0.019823932580945364,0.5099549175078106,morgan,22
XGB,0.7410766120132455,0.027182116386529707,0.5110468393337174,morgan,22
RF+LGBM,0.7390667035488474,0.02634624786679686,0.5004510515492562,morgan,22
RF+ET+LGBM,0.7354921081332051,0.026826716972693048,0.5041277248455924,morgan,22
RF+LGBM+kNN,0.7352601464503492,0.028795397244033367,0.5090728147656487,morgan,22
LGBM+XGB+kNN,0.7348575879784202,0.03201043225354164,0.5162607709203009,morgan,22
ET+LGBM,0.734665323363028,0.02010968790681399,0.5082990390648099,morgan,22
LGBM,0.7339137234275878,0.02392882333546882,0.5100070862238161,morgan,22
RF+LGBM+XGB,0.7335758302539948,0.02665373458341688,0.5090996235486588,morgan,22
ET+XGB+kNN,0.7320474500230565,0.03782865915866966,0.5188335184313912,morgan,22
ET+LGBM+kNN,0.7308696012694995,0.029122135251299086,0.5171136457335198,morgan,22
RF+XGB+kNN,0.7307102505553142,0.02880785713488244,0.5147462144201416,morgan,22
RF+kNN,0.7300579846672566,0.031670757500912465,0.5125174819050582,morgan,22
RF+XGB,0.7296827975087123,0.026386653373381832,0.5099691314232816,morgan,22
RF,0.7290460539106896,0.027147422712473702,0.506020229816198,morgan,22
RF+ET+kNN,0.7288061612837282,0.0304950943330207,0.5136959317081601,morgan,22
RF+ET+XGB,0.7285039887583926,0.02756883936207098,0.5113161198041644,morgan,22
XGB+kNN,0.7282440479866403,0.039114380366646176,0.5228548898021341,morgan,22
RF+ET,0.7274063038033364,0.02802804275701632,0.5088619922221913,morgan,22
ET+XGB,0.724144029460182,0.02256169516459571,0.5328217340125804,morgan,22
LGBM+kNN,0.7214128747020211,0.026850365327567783,0.5254106487965007,morgan,22
ET+kNN,0.7098658904666119,0.03643845091227448,0.5387080580812318,morgan,22
kNN,0.6627999330823452,0.04739590695826602,0.5658030234049587,morgan,22
ET,0.6476705603522392,0.052421594565141665,0.5534207958386667,morgan,22
SVM,0.6927955441211148,0.08341362295705629,0.5228278167773805,morgan,23
XGB+SVM,0.6916558841410335,0.08152215799190468,0.5213704997279549,morgan,23
ET+XGB+SVM,0.6884951590494437,0.08009011365915286,0.5243845036187016,morgan,23
ET+SVM,0.68816129531857,0.07835662738089783,0.5249838946472598,morgan,23
LGBM+SVM,0.6868867548136454,0.09169611154737513,0.5232810018438516,morgan,23
LGBM+XGB+SVM,0.6863005469080257,0.0876430676823616,0.5246199075581313,morgan,23
XGB+SVM+kNN,0.6860115198905029,0.08019376378966799,0.5208205371692142,morgan,23
SVM+kNN,0.6856586566983363,0.08057204350798391,0.5241469079136135,morgan,23
ET+LGBM+SVM,0.6842913964869345,0.08722745949714136,0.5232676899979616,morgan,23
RF+SVM,0.683834947041014,0.07902786941581204,0.5229368618272588,morgan,23
ET+SVM+kNN,0.6831644359875314,0.07817564962712106,0.5252824240855378,morgan,23
LGBM+SVM+kNN,0.6814668675903545,0.08978503723678082,0.5219356583396481,morgan,23
RF+ET+SVM,0.6809927593721143,0.07800044056275321,0.5223490615637283,morgan,23
RF+SVM+kNN,0.6809481463115754,0.07461906085737541,0.5244481355491075,morgan,23
RF+XGB+SVM,0.6794079577984927,0.07715744565501587,0.5265309830547167,morgan,23
RF+LGBM+SVM,0.6773479459357474,0.08249624260462875,0.5281750091801141,morgan,23
LGBM+XGB+kNN,0.668158948247764,0.0819316301769983,0.530790383160385,morgan,23
ET+LGBM+kNN,0.6672375563874197,0.08528574570808774,0.5303953616825942,morgan,23
ET+LGBM+XGB,0.666141718941128,0.08298126765471545,0.532176911052788,morgan,23
LGBM+XGB,0.6657856222112611,0.08386035951326691,0.5369108559714333,morgan,23
RF+LGBM+kNN,0.6650678949827837,0.07947711326488681,0.5325726527007957,morgan,23
LGBM+kNN,0.6643785219724062,0.08977530770314604,0.5336089894152422,morgan,23
ET+XGB+kNN,0.66272538284831,0.0739360905838736,0.5442274667250848,morgan,23
RF+ET+LGBM,0.6620442869577527,0.08447773606119634,0.5297769465980942,morgan,23
XGB+kNN,0.6617943567473434,0.07387355914058401,0.5442002559441914,morgan,23
RF+ET+kNN,0.6614742698591908,0.07781051989743791,0.5332793335075194,morgan,23
ET+LGBM,0.6613732171891158,0.09082938155744635,0.5355369419926023,morgan,23
RF+LGBM,0.6612218099606271,0.08427305666869364,0.5316893987648947,morgan,23
RF+kNN,0.6596202977470291,0.07843429710608785,0.5382027629360132,morgan,23
RF+XGB+kNN,0.6591760481517936,0.07106357662426548,0.5401485476259958,morgan,23
RF+LGBM+XGB,0.6579844930368193,0.07840599095239223,0.5365118202130601,morgan,23
RF,0.6546368949625481,0.09073596997997321,0.531784808373271,morgan,23
RF+XGB,0.654221338211397,0.08272141960386113,0.5357845512167974,morgan,23
RF+ET+XGB,0.6516391811132671,0.08314823219246269,0.5347142004695351,morgan,23
LGBM,0.6512539779918514,0.11015319710493318,0.5441061773199983,morgan,23
RF+ET,0.6487408793395284,0.09364196774888951,0.5318334635387453,morgan,23
ET+kNN,0.6472257323224274,0.07918431956885406,0.5657515012076264,morgan,23
ET+XGB,0.6459752334905838,0.0754700784957862,0.5577947905575582,morgan,23
XGB,0.6287350233084077,0.07404953652352726,0.5639868167642443,morgan,23
kNN,0.6105422962275349,0.08484819955790014,0.5849862307404958,morgan,23
ET,0.5378425196737222,0.11610785269665248,0.616085502352832,morgan,23
RF+SVM,0.7234892512387477,0.02569204824676599,0.48802800786614764,morgan,24
RF+SVM+kNN,0.7229508094378183,0.02690872631155257,0.48751229451637335,morgan,24
RF+XGB+SVM,0.7217054972528288,0.027331670347483527,0.48983056412428283,morgan,24
RF+LGBM+SVM,0.7209546297149186,0.0288014307206954,0.4897910350303526,morgan,24
XGB+SVM+kNN,0.7194418586854187,0.02843035384796045,0.4945735803414924,morgan,24
RF+ET+SVM,0.7187623662464775,0.028683041736321795,0.49235113980338097,morgan,24
XGB+SVM,0.7185480237074445,0.030184103110157696,0.495820068027617,morgan,24
SVM,0.7175145843838404,0.027634166816772457,0.501562071228933,morgan,24
ET+SVM+kNN,0.7169480050133431,0.030184534948975095,0.49792489646489246,morgan,24
SVM+kNN,0.7165834639618684,0.02694628884449743,0.4984056094020664,morgan,24
LGBM+XGB+SVM,0.7165284214356895,0.03377814015175996,0.49776199023749257,morgan,24
RF+XGB,0.7162658379420536,0.028427411362172455,0.49473220855115674,morgan,24
ET+XGB+SVM,0.7161408489264547,0.030378735743194673,0.4967744206992541,morgan,24
ET+LGBM+SVM,0.7158766185709361,0.031772993273483305,0.49876813774939344,morgan,24
RF+XGB+kNN,0.7156413250405567,0.029828401597514053,0.4960275472811421,morgan,24
LGBM+SVM,0.7153818418870801,0.03077203673498886,0.49953202622917203,morgan,24
ET+SVM,0.715289450225637,0.031101373348372024,0.5003111117790271,morgan,24
LGBM+SVM+kNN,0.7152421280357587,0.029768983544306727,0.4966651044928486,morgan,24
RF+LGBM+XGB,0.7151314461768616,0.03186314443126006,0.49459335956546713,morgan,24
LGBM+XGB,0.7091269920844946,0.0337162431991493,0.5068797822436955,morgan,24
RF+ET+XGB,0.7090016858339002,0.034136884801458704,0.5014625752192192,morgan,24
XGB+kNN,0.7083996239659893,0.03092790763592302,0.5096412707267183,morgan,24
RF+LGBM,0.7082104820167627,0.03393324907885899,0.502239988850779,morgan,24
LGBM+XGB+kNN,0.707734036989384,0.03376798710451766,0.5033471636009279,morgan,24
RF+LGBM+kNN,0.706727046618735,0.03495747673230235,0.5001984967695853,morgan,24
ET+XGB+kNN,0.7054567387586118,0.033044808621232026,0.5089925244034126,morgan,24
ET+LGBM+XGB,0.7054220370468451,0.036145844592301524,0.5068951606830188,morgan,24
XGB,0.7048832601795454,0.044105012104718413,0.5040785490364342,morgan,24
RF+kNN,0.7046628570604888,0.03022756434949747,0.5082506451478659,morgan,24
RF,0.7040493077445275,0.028544671880300927,0.5074589665226485,morgan,24
RF+ET+LGBM,0.7016069936854187,0.03794628160972765,0.507839067950062,morgan,24
ET+XGB,0.6984167962883494,0.03561021348029975,0.5157084346462024,morgan,24
RF+ET+kNN,0.6972825684942826,0.036012569366527115,0.5154131603066597,morgan,24
RF+ET,0.6962725720356776,0.034918700850718624,0.5169094184181913,morgan,24
ET+LGBM+kNN,0.692913489002905,0.0378762318625522,0.5194261232161084,morgan,24
LGBM+kNN,0.6886771333857256,0.03531738481917824,0.5228851906834404,morgan,24
ET+LGBM,0.6867390455373943,0.04218740435745684,0.5285198060948416,morgan,24
LGBM,0.672581578404917,0.05581491367463332,0.534221933909609,morgan,24
ET+kNN,0.6641877010100075,0.035641040099801485,0.5577692960169756,morgan,24
kNN,0.6289814215192949,0.04212316689361838,0.5673019443633056,morgan,24
ET,0.550966913263102,0.08802266151375189,0.5942262425487504,morgan,24
RF+ET+SVM,0.6607215269717825,0.0654849842212319,0.5460073580369468,rdkit2d,0
ET+LGBM+SVM,0.6562991685781684,0.06763471198791077,0.5492505236942719,rdkit2d,0
RF+LGBM+SVM,0.6561561821780233,0.06578999137616619,0.5492156785066638,rdkit2d,0
RF+SVM+kNN,0.6553246961407817,0.06192206280383291,0.5521614801639767,rdkit2d,0
RF+XGB+SVM,0.6550879533595991,0.06229802919882111,0.5519970083256498,rdkit2d,0
RF+SVM,0.6538163747957013,0.06349757413899322,0.5524595497088194,rdkit2d,0
RF+ET+LGBM,0.6532794324433351,0.06777538828022522,0.5518944543100945,rdkit2d,0
RF+ET+kNN,0.6532629289493492,0.06538755349931126,0.5567859594184468,rdkit2d,0
LGBM+SVM+kNN,0.6521029839975975,0.06548782594886973,0.5584456095590158,rdkit2d,0
ET+SVM+kNN,0.6520041430665866,0.06614786095773405,0.5564006893424799,rdkit2d,0
LGBM+XGB+SVM,0.6512690257998286,0.06898796390442974,0.5560219661566752,rdkit2d,0
RF+ET+XGB,0.6510018878598679,0.06438799854525236,0.5579467702424652,rdkit2d,0
ET+LGBM+kNN,0.6509134533648833,0.0692714224353126,0.5542792731417917,rdkit2d,0
RF+ET,0.6507773624358792,0.06607782126584599,0.5578208255372039,rdkit2d,0
ET+XGB+SVM,0.6504297763872923,0.06737493767564882,0.552869328737485,rdkit2d,0
LGBM+SVM,0.6498447682705267,0.06720697025654156,0.5604313196469246,rdkit2d,0
ET+SVM,0.6498026425769848,0.0657733587808426,0.5575253190868199,rdkit2d,0
ET,0.6483378162516835,0.07762682799587806,0.545440829096344,rdkit2d,0
ET+LGBM,0.6474476991321376,0.06955376613205783,0.5573904237401527,rdkit2d,0
ET+LGBM+XGB,0.6467443628896727,0.0707421568717941,0.5566055497795047,rdkit2d,0
RF+LGBM+kNN,0.6439336016989399,0.06535328311624894,0.564715684594108,rdkit2d,0
RF+LGBM+XGB,0.6428096818685799,0.06648733383259366,0.5668323010656403,rdkit2d,0
LGBM,0.6421725696698111,0.08141244208770781,0.5616352306673913,rdkit2d,0
ET+XGB+kNN,0.6413583984599831,0.06976610046380079,0.5638466842730365,rdkit2d,0
ET+kNN,0.6407739758730477,0.06865727228388446,0.5683867900339257,rdkit2d,0
RF+LGBM,0.640528706386761,0.06682663264005317,0.567912242698459,rdkit2d,0
RF,0.6391433832052448,0.06896736563942292,0.5627093133032355,rdkit2d,0
XGB+SVM+kNN,0.6379499851825013,0.0647951821800098,0.5692804950648896,rdkit2d,0
LGBM+XGB+kNN,0.6355802864662665,0.06993888794800487,0.5758401994446032,rdkit2d,0
ET+XGB,0.6354724608479525,0.06800405644256684,0.5672596030520569,rdkit2d,0
RF+XGB+kNN,0.6346868056020634,0.06149228628366095,0.5757898089846606,rdkit2d,0
RF+kNN,0.634615672959518,0.063768828610212,0.5740534753395122,rdkit2d,0
XGB+SVM,0.6342506580099365,0.06616032466178444,0.5715023107305063,rdkit2d,0
LGBM+kNN,0.6338043277560516,0.0672901526897232,0.5818336999509871,rdkit2d,0
RF+XGB,0.6319330677818499,0.06442976078892185,0.576359539502684,rdkit2d,0
LGBM+XGB,0.6260731526993422,0.07385465352152111,0.5844903650589582,rdkit2d,0
SVM,0.6207423577380913,0.06379377606522987,0.5811085441337711,rdkit2d,0
SVM+kNN,0.6188410403087223,0.05839628432761843,0.5937954108240071,rdkit2d,0
XGB+kNN,0.5923014277519848,0.0701944931739436,0.6204671971046016,rdkit2d,0
XGB,0.5675660057864448,0.08329642354504953,0.6056948392521688,rdkit2d,0
kNN,0.4817011433972784,0.08523056725135943,0.6891641994129835,rdkit2d,0
RF+ET+SVM,0.66368249711042,0.0978119177953117,0.5439002833011591,rdkit2d,1
ET+LGBM+SVM,0.661552626122796,0.08602902099247106,0.5512808071234498,rdkit2d,1
ET+SVM,0.6606734069586236,0.07878428778254651,0.5502747763951755,rdkit2d,1
ET+SVM+kNN,0.6598490490364513,0.07730070956267696,0.5523872143941724,rdkit2d,1
ET+XGB+SVM,0.6586293092782385,0.08264278528582668,0.5539754678408432,rdkit2d,1
RF+SVM,0.6568806496645632,0.09946384033302523,0.5546564323422715,rdkit2d,1
RF+ET,0.6568055580868641,0.10235365939939152,0.548236327763272,rdkit2d,1
RF+ET+kNN,0.656276043155756,0.10144062176163046,0.5495033616459206,rdkit2d,1
ET+LGBM,0.6559161244056624,0.08892147578695404,0.5564549335262787,rdkit2d,1
RF+ET+LGBM,0.6556218730203287,0.10114736461558184,0.5524081850113112,rdkit2d,1
ET+LGBM+kNN,0.6555753653264308,0.08795670463406316,0.5575169356383974,rdkit2d,1
RF+SVM+kNN,0.655305943208268,0.09912064715288954,0.557149149592872,rdkit2d,1
RF+LGBM+SVM,0.6546045027985716,0.10025744933683683,0.5588108720447782,rdkit2d,1
ET+LGBM+XGB,0.653279625302762,0.08811854136868424,0.5579748879571128,rdkit2d,1
LGBM+SVM,0.6520316506288133,0.08315434508106524,0.5708692453422376,rdkit2d,1
ET,0.6514504702810072,0.09158190854871377,0.5526486848472438,rdkit2d,1
LGBM+SVM+kNN,0.6508945808264055,0.08217370266371125,0.5725829358614732,rdkit2d,1
ET+kNN,0.6507836687566132,0.08463730743158086,0.5589732130107725,rdkit2d,1
LGBM+XGB+SVM,0.6504755543314577,0.08188975939323005,0.5701039278709445,rdkit2d,1
ET+XGB,0.6494889783451104,0.08827930454307553,0.561371056706646,rdkit2d,1
RF+XGB+SVM,0.6491105787277135,0.10052852576048041,0.5638354745542571,rdkit2d,1
ET+XGB+kNN,0.6490515897758122,0.08582754716942566,0.5629673809100421,rdkit2d,1
RF+ET+XGB,0.6468763380836137,0.10595559053747403,0.558828575969884,rdkit2d,1
XGB+SVM,0.6431470626592392,0.07460032600168486,0.576943838229405,rdkit2d,1
RF,0.6429654247767743,0.10375702582859168,0.5673130611214953,rdkit2d,1
XGB+SVM+kNN,0.6421448915353325,0.07283649170142087,0.580123006659216,rdkit2d,1
RF+kNN,0.6414485821634544,0.10346347245665356,0.5685430369833041,rdkit2d,1
RF+LGBM+kNN,0.6413470144106028,0.103132761873868,0.5718637260020148,rdkit2d,1
RF+LGBM,0.6408803573289978,0.10376944432584907,0.5708686038598382,rdkit2d,1
LGBM+kNN,0.63440395752369,0.08557373251003932,0.5866225129777719,rdkit2d,1
RF+LGBM+XGB,0.6343485430664011,0.1050654458371466,0.577211522657684,rdkit2d,1
LGBM+XGB+kNN,0.6332793349330161,0.08420995989147519,0.5856332159811002,rdkit2d,1
LGBM,0.6329850451905938,0.09114189019618825,0.5831572303308521,rdkit2d,1
RF+XGB+kNN,0.6307393239400291,0.10423212271568161,0.5796377889140529,rdkit2d,1
LGBM+XGB,0.6306903869969277,0.0859497116938315,0.5880283731535245,rdkit2d,1
RF+XGB,0.6295078018334842,0.1057924954442325,0.5800894284942755,rdkit2d,1
SVM+kNN,0.6241970874630327,0.05977052848602629,0.6083784675064019,rdkit2d,1
SVM,0.6239499216232465,0.06859201159074012,0.5939235057553051,rdkit2d,1
XGB+kNN,0.6088651492577142,0.07532736079808766,0.6097373298918888,rdkit2d,1
XGB,0.5909910854782797,0.09341255627059974,0.609948291669945,rdkit2d,1
kNN,0.4903442848103706,0.07643811774082632,0.7102889629692561,rdkit2d,1
ET+LGBM+SVM,0.6598486178322384,0.0522508371854668,0.5605243770370805,rdkit2d,2
ET+LGBM,0.6583994403848491,0.057619613176722304,0.562961651669598,rdkit2d,2
ET+LGBM+kNN,0.6583701955775406,0.05720829180787093,0.5622770749999986,rdkit2d,2
RF+ET+LGBM,0.6576612360943697,0.054243239327957264,0.5616728821528627,rdkit2d,2
RF+ET+SVM,0.6575774987196604,0.05425134075791345,0.5541923117428978,rdkit2d,2
ET+SVM+kNN,0.6549400939358653,0.061289587328420214,0.5606388103568702,rdkit2d,2
ET+SVM,0.6548381429778773,0.061238991300731384,0.561019241099389,rdkit2d,2
ET+LGBM+XGB,0.6535978357012298,0.05448171444098558,0.5661962934348953,rdkit2d,2
RF+LGBM+SVM,0.653159122739613,0.03892790368632274,0.566035407649594,rdkit2d,2
RF+ET+kNN,0.6525912070386402,0.06087967544864102,0.5588691493345592,rdkit2d,2
RF+ET,0.6521535917921838,0.060701918088745734,0.5598696710977443,rdkit2d,2
ET,0.6516946543101094,0.0747875777133836,0.5495636404279918,rdkit2d,2
ET+XGB+SVM,0.65129331686102,0.05335361882843116,0.5627003373775398,rdkit2d,2
ET+kNN,0.6477889699665005,0.07492007739696349,0.5648789020121924,rdkit2d,2
RF+ET+XGB,0.6473993936058564,0.057147391973988916,0.5636954759663453,rdkit2d,2
RF+LGBM+kNN,0.6473120707041495,0.03995577011568224,0.575206144557144,rdkit2d,2
LGBM+SVM+kNN,0.6470584257336116,0.03527656963945783,0.5740209746702201,rdkit2d,2
RF+LGBM,0.6465025584560143,0.0399235818369845,0.5768979242624775,rdkit2d,2
RF+SVM+kNN,0.6463481800810262,0.03917580823001633,0.5643865339164331,rdkit2d,2
LGBM+SVM,0.6461190405746128,0.0363513359675511,0.5755521812820484,rdkit2d,2
ET+XGB,0.6455931501439476,0.061726649863052374,0.5675843056897654,rdkit2d,2
RF+SVM,0.6453656085717547,0.040385318394455035,0.5663495796285772,rdkit2d,2
ET+XGB+kNN,0.6449082535743355,0.0616841174483411,0.5676114223130971,rdkit2d,2
LGBM,0.644501902678393,0.0306103082217119,0.5692789413214714,rdkit2d,2
LGBM+XGB+SVM,0.6435468580078583,0.03570225218214184,0.5763321598244476,rdkit2d,2
RF+XGB+SVM,0.6428837609621135,0.03787809407001636,0.5669486416113023,rdkit2d,2
RF+LGBM+XGB,0.6418598089614754,0.03862745401087379,0.5796045287299941,rdkit2d,2
LGBM+kNN,0.6390050751592069,0.0377584137874602,0.5882460294578744,rdkit2d,2
LGBM+XGB+kNN,0.6349907414413375,0.03753648856473029,0.5885769603414044,rdkit2d,2
RF,0.6347946661642433,0.03787886676176857,0.5740255757721647,rdkit2d,2
LGBM+XGB,0.6338884844209401,0.037992158158594136,0.590715221445978,rdkit2d,2
XGB+SVM,0.6295305840797744,0.03470538977546793,0.5777158244129665,rdkit2d,2
XGB+SVM+kNN,0.6291428421607548,0.03503114499340189,0.5772790940950433,rdkit2d,2
RF+kNN,0.6288762700410012,0.04393832602904841,0.5841970387002654,rdkit2d,2
RF+XGB+kNN,0.6260532826296181,0.04067266296999783,0.58549931100242,rdkit2d,2
RF+XGB,0.6242234235556122,0.04009494247386016,0.5872457681703466,rdkit2d,2
SVM,0.6124539395916923,0.028496085356517424,0.590452493925888,rdkit2d,2
SVM+kNN,0.6057828616313894,0.03683400402781755,0.6075734764974557,rdkit2d,2
XGB+kNN,0.5950642349672656,0.03766957905349441,0.6146090329502153,rdkit2d,2
XGB,0.5853232091549867,0.0262813593959673,0.6012060078671522,rdkit2d,2
kNN,0.4658172345139522,0.061972373690937596,0.7108484996981816,rdkit2d,2
ET+LGBM+SVM,0.6652833916571612,0.03693628655292696,0.5460790278359922,rdkit2d,3
RF+LGBM+SVM,0.6629173626037751,0.03491385423219324,0.5510485134913965,rdkit2d,3
ET+LGBM+kNN,0.6623914183288423,0.0347714607638905,0.5480191362870281,rdkit2d,3
ET+LGBM,0.6620337133705518,0.03458634733644518,0.5471300570045389,rdkit2d,3
ET+LGBM+XGB,0.661327011804763,0.031464124029821676,0.54543329870215,rdkit2d,3
RF+ET+LGBM,0.6612435055465316,0.03402181823972785,0.5434350257758895,rdkit2d,3
LGBM+SVM,0.6607832668240989,0.0345149493237178,0.5606947341125317,rdkit2d,3
LGBM+SVM+kNN,0.6606507341111282,0.03455079494192261,0.5609073819934391,rdkit2d,3
LGBM,0.6605983168531958,0.0375168338007815,0.5506283344597257,rdkit2d,3
LGBM+XGB+SVM,0.6603606414093152,0.029572702399500363,0.5544207429841288,rdkit2d,3
RF+ET+SVM,0.6573749655150438,0.036886270998527,0.5475488007268258,rdkit2d,3
RF+XGB+SVM,0.6564491461817543,0.033716474633229326,0.5549621616667245,rdkit2d,3
ET+XGB+SVM,0.6550318247716452,0.030597484395343655,0.5512039252210416,rdkit2d,3
RF+LGBM,0.653731376165975,0.03286209648600825,0.5591324101929102,rdkit2d,3
RF+ET+XGB,0.6535065987798296,0.03079175231948399,0.5485517266586989,rdkit2d,3
RF+LGBM+XGB,0.6534619678828474,0.030250089661104256,0.5574292058193178,rdkit2d,3
RF+SVM+kNN,0.653378489023165,0.035312524515865064,0.5599609123695617,rdkit2d,3
RF+SVM,0.6529869537626574,0.03664121044300119,0.5605192083964685,rdkit2d,3
RF+LGBM+kNN,0.6527207900656417,0.03311062509314816,0.5594828635243371,rdkit2d,3
RF+ET+kNN,0.6516850668929461,0.03353708908624657,0.5522531237701479,rdkit2d,3
RF+ET,0.6514759693774386,0.033520865864990826,0.551551909036904,rdkit2d,3
LGBM+kNN,0.6497583249977955,0.03687340517547014,0.5697287552461286,rdkit2d,3
LGBM+XGB+kNN,0.648662618343968,0.02883381708883485,0.5622933008514,rdkit2d,3
ET+XGB+kNN,0.6478922929723085,0.026674338194404706,0.5560808209497512,rdkit2d,3
ET+XGB,0.6474735884570763,0.02625063835646625,0.5560299412914226,rdkit2d,3
LGBM+XGB,0.6473810428949603,0.027722905433094882,0.56667477472602,rdkit2d,3
XGB+SVM,0.6456252225104427,0.027428129777678844,0.5667665547449358,rdkit2d,3
XGB+SVM+kNN,0.6455741524123904,0.026354127721258228,0.5659711746489442,rdkit2d,3
ET+SVM+kNN,0.6450457760678419,0.037367259359561526,0.5620672268580976,rdkit2d,3
ET+SVM,0.6446706339476098,0.037428897492596126,0.5616259395361155,rdkit2d,3
RF,0.6390364715125184,0.027741537410135353,0.5723209866342075,rdkit2d,3
ET,0.6385987089280556,0.026981464711305907,0.550425802142727,rdkit2d,3
RF+XGB,0.6379225893634926,0.02815212623763067,0.5735909695430205,rdkit2d,3
RF+XGB+kNN,0.6375031899455179,0.027309902765606797,0.5739104372306955,rdkit2d,3
ET+kNN,0.6343785840569378,0.03243916943534197,0.5664532563437346,rdkit2d,3
RF+kNN,0.6340814074103718,0.03093867975530551,0.5791979603289141,rdkit2d,3
SVM,0.6231593605064033,0.04122565989515299,0.5799400773296409,rdkit2d,3
XGB,0.6158905008069248,0.0214375856871335,0.581022322160842,rdkit2d,3
XGB+kNN,0.612092526889134,0.02001718126716243,0.5974890711016834,rdkit2d,3
SVM+kNN,0.609078229640929,0.04122719334348813,0.6083227285057361,rdkit2d,3
kNN,0.4565407682329566,0.04050867445606908,0.7181121655401652,rdkit2d,3
RF+ET+SVM,0.6722347382979066,0.04866803967232324,0.5649015480937388,rdkit2d,4
RF+ET+LGBM,0.6694166033443804,0.053387856380379566,0.5676483961613812,rdkit2d,4
RF+ET,0.6693751375628689,0.04781362902219708,0.5678254542176269,rdkit2d,4
ET+LGBM+SVM,0.6672650697593164,0.05529668679720413,0.5716518913497183,rdkit2d,4
RF+ET+kNN,0.6663766014701645,0.04762339389250978,0.5704703258118107,rdkit2d,4
ET+LGBM,0.6654297798595856,0.05325352586656089,0.5729158057316892,rdkit2d,4
RF+ET+XGB,0.6635668261894074,0.0565380936317268,0.5708998649622378,rdkit2d,4
RF+LGBM+SVM,0.6635552839946863,0.05520845064169815,0.5747326604891236,rdkit2d,4
ET+SVM,0.6634227126084445,0.04656836235162666,0.5740705834790689,rdkit2d,4
ET+LGBM+XGB,0.6626753079231016,0.057227991141536295,0.5751110387515075,rdkit2d,4
ET+LGBM+kNN,0.6625215445598622,0.05234438807356445,0.5759463747241271,rdkit2d,4
RF+SVM,0.661161434186784,0.049515739080271966,0.5761007736180128,rdkit2d,4
ET+SVM+kNN,0.6597605880788946,0.04568946030589306,0.5781428665664585,rdkit2d,4
ET,0.6595892677795644,0.04834143844728959,0.5652670900020579,rdkit2d,4
RF+SVM+kNN,0.6576944134860497,0.0493896953611939,0.5792362190416457,rdkit2d,4
ET+XGB+SVM,0.6574870940685639,0.05964874163196132,0.5752249408086895,rdkit2d,4
ET+kNN,0.656533309472316,0.04570778636210142,0.5841203863824173,rdkit2d,4
RF+LGBM,0.6563243749092106,0.053579224960643566,0.5807654120418007,rdkit2d,4
ET+XGB,0.6543251254586917,0.05926720843934991,0.5808114738735887,rdkit2d,4
LGBM+SVM,0.65400923415276,0.05700119903559484,0.5861809997509216,rdkit2d,4
RF+LGBM+kNN,0.653662883467249,0.05450171534854411,0.583710676592923,rdkit2d,4
RF+XGB+SVM,0.6535319568641468,0.05980865890756776,0.5787932053999992,rdkit2d,4
RF+LGBM+XGB,0.6531799237151589,0.05810833645527794,0.5845179061537003,rdkit2d,4
ET+XGB+kNN,0.65165526289373,0.0598264913784374,0.5836594298105763,rdkit2d,4
LGBM+XGB+SVM,0.6515028350269993,0.06019050428622215,0.5865428606639594,rdkit2d,4
LGBM+SVM+kNN,0.6501905787620835,0.056745344641703666,0.5891122507111698,rdkit2d,4
RF,0.6490925935502292,0.051826897364750386,0.580848857709116,rdkit2d,4
RF+kNN,0.6445283368124871,0.05318518742696985,0.5916841277611882,rdkit2d,4
LGBM+kNN,0.6417508764825715,0.053160898235671716,0.5982535895756563,rdkit2d,4
LGBM,0.6413537327490071,0.05237506060701139,0.5868496693796049,rdkit2d,4
LGBM+XGB,0.6404590864779388,0.054541779967731206,0.5976007773776741,rdkit2d,4
LGBM+XGB+kNN,0.6395219709515226,0.056163207236997276,0.5978058373059623,rdkit2d,4
RF+XGB,0.6393318719176786,0.060486125763311194,0.5906894317823188,rdkit2d,4
RF+XGB+kNN,0.6365276212613592,0.06243077013156192,0.5947492143347801,rdkit2d,4
XGB+SVM,0.6268958828400766,0.062314147781405,0.6061842228166308,rdkit2d,4
XGB+SVM+kNN,0.6218550376174361,0.06270475027132945,0.6106769348335819,rdkit2d,4
SVM,0.6196937608027309,0.05368609450268792,0.6032842275652588,rdkit2d,4
SVM+kNN,0.6061334524443699,0.05207235856078411,0.6323903387110611,rdkit2d,4
XGB+kNN,0.5944714804372426,0.06446128174190757,0.640960381223629,rdkit2d,4
XGB,0.5814416122691529,0.06826587335110366,0.6151872028264973,rdkit2d,4
kNN,0.4799254970708177,0.08154877552791714,0.727956032321653,rdkit2d,4
RF+ET,0.6613923317817738,0.038717683011177964,0.5441527626067194,rdkit2d,5
RF+ET+kNN,0.6609638453056398,0.03721741063812335,0.5468285177688085,rdkit2d,5
ET,0.6580709284561942,0.039519899797933,0.538167596670676,rdkit2d,5
RF+ET+SVM,0.6574760710480225,0.03295217192231957,0.5469574197999284,rdkit2d,5
RF+ET+LGBM,0.6570257431018831,0.03837457836559953,0.5487917985663688,rdkit2d,5
RF+ET+XGB,0.6556522033551224,0.03828313683428327,0.549221151839452,rdkit2d,5
ET+kNN,0.6540662988347952,0.032121906114286274,0.5531691285204857,rdkit2d,5
ET+LGBM+kNN,0.6533372962150031,0.035082986211173076,0.555747709922034,rdkit2d,5
ET+LGBM,0.652960556513779,0.035193477390466625,0.5533641912918202,rdkit2d,5
ET+LGBM+SVM,0.6513102551980102,0.03262690811036881,0.5543806606840928,rdkit2d,5
ET+LGBM+XGB,0.650824781696835,0.03697928557656021,0.5549243419299597,rdkit2d,5
ET+XGB+kNN,0.6500237626244398,0.03418636360344342,0.5555012910794265,rdkit2d,5
ET+XGB,0.648412837826529,0.03516764961536986,0.55506988800025,rdkit2d,5
ET+SVM+kNN,0.6483185384605885,0.025420864189236874,0.5580518835574143,rdkit2d,5
ET+SVM,0.6478858334732568,0.025421555434096924,0.5566082457719171,rdkit2d,5
ET+XGB+SVM,0.6478271833551293,0.031221727582547848,0.5557815271251523,rdkit2d,5
RF+LGBM+SVM,0.6448331342799237,0.036065266830462246,0.5625505145451801,rdkit2d,5
RF+SVM,0.6430596097048042,0.033177229619225514,0.5628263730719971,rdkit2d,5
RF+LGBM+kNN,0.6424721914968226,0.03801389283119925,0.570204261434146,rdkit2d,5
RF+SVM+kNN,0.6420756077994589,0.032103593899125385,0.5654960041135384,rdkit2d,5
RF+XGB+SVM,0.641571576077408,0.03370895041054698,0.5644526193657816,rdkit2d,5
RF+LGBM,0.6412767534420979,0.03881829715793756,0.568047701127611,rdkit2d,5
RF+kNN,0.6408425301247135,0.039888924712271207,0.5690075410757832,rdkit2d,5
RF,0.6395016602011496,0.041991651546081046,0.565356426003609,rdkit2d,5
RF+XGB+kNN,0.637739112967734,0.03800996192117279,0.5731063296490608,rdkit2d,5
RF+LGBM+XGB,0.6372017824051348,0.03819129152988015,0.5723482733083318,rdkit2d,5
RF+XGB,0.6350046782537906,0.03996844074200145,0.572739108045574,rdkit2d,5
LGBM+XGB+SVM,0.6342739177140923,0.03578248200834598,0.5733588510747885,rdkit2d,5
LGBM+SVM+kNN,0.6329655274810516,0.030562266047680628,0.581174166236665,rdkit2d,5
LGBM+XGB+kNN,0.6317283283942874,0.03712729801184381,0.5841114151497182,rdkit2d,5
LGBM+SVM,0.631296061517368,0.030633139249771665,0.5774755322726355,rdkit2d,5
LGBM+kNN,0.6280358861450057,0.03269555908067584,0.5895712586046323,rdkit2d,5
LGBM+XGB,0.6262069753556772,0.037819426932453167,0.5851675357104786,rdkit2d,5
LGBM,0.6248041310481396,0.04115511491761889,0.5756546592821106,rdkit2d,5
XGB+SVM+kNN,0.6240692612380561,0.029417455959274967,0.5874143230845187,rdkit2d,5
XGB+SVM,0.6217551891852594,0.03082625741897784,0.5860974423296232,rdkit2d,5
XGB+kNN,0.6078794509447024,0.03355178692652035,0.610919515281126,rdkit2d,5
XGB,0.5931001427404153,0.051889784829626376,0.5841811103499781,rdkit2d,5
SVM+kNN,0.579621959085264,0.010151532961291876,0.6371718376536061,rdkit2d,5
SVM,0.5789840515916982,0.03196163968357549,0.6199242076071945,rdkit2d,5
kNN,0.4895375415470424,0.03639048689374156,0.7149569466525042,rdkit2d,5
RF+ET+SVM,0.676529210730249,0.05621551618935983,0.5413479565713464,rdkit2d,6
ET+LGBM+SVM,0.6748345525093727,0.051933556006036066,0.5452131639056289,rdkit2d,6
RF+LGBM+SVM,0.673480620263453,0.06247110189749646,0.5483181965746249,rdkit2d,6
RF+SVM,0.6717953716313118,0.06400104498021975,0.5488826381466594,rdkit2d,6
RF+SVM+kNN,0.6692280268904701,0.06524875326312428,0.549852974348638,rdkit2d,6
RF+ET+LGBM,0.6689076254916511,0.0594165420347502,0.5508201533752741,rdkit2d,6
RF+XGB+SVM,0.6670979707107635,0.07081762824128142,0.5494430293087922,rdkit2d,6
RF+ET,0.6668548005879859,0.058214654288014436,0.5505862111360502,rdkit2d,6
LGBM+SVM,0.6664202563671462,0.056132347851690724,0.559223813997046,rdkit2d,6
ET+LGBM,0.6652457627789083,0.05348826194624524,0.557369940191385,rdkit2d,6
LGBM+SVM+kNN,0.6651093237826491,0.055949922386839455,0.5605991713239531,rdkit2d,6
RF+ET+kNN,0.6648447735828855,0.05835146410714896,0.5526203290253281,rdkit2d,6
LGBM+XGB+SVM,0.6646544248558304,0.05765378959475955,0.5594542374742302,rdkit2d,6
ET+SVM,0.6646134331047571,0.039513165523468424,0.5546617570425485,rdkit2d,6
ET+LGBM+XGB,0.664457711365779,0.05465668723943589,0.5573610249419646,rdkit2d,6
ET+LGBM+kNN,0.6640441613495127,0.05286108743357791,0.5577836377407512,rdkit2d,6
RF+ET+XGB,0.6631320833480017,0.06154007262221149,0.5540595049551291,rdkit2d,6
ET+XGB+SVM,0.6620442931456804,0.04623533647511166,0.556057838175607,rdkit2d,6
ET+SVM+kNN,0.6619071721617843,0.03981868801563874,0.5576294411314646,rdkit2d,6
ET,0.6607963660525429,0.03993722887909275,0.5391771573026325,rdkit2d,6
RF,0.6580517197842352,0.08101276394460925,0.5590719032279426,rdkit2d,6
RF+LGBM+kNN,0.6576704973978138,0.07036201764211093,0.5678835156739289,rdkit2d,6
RF+LGBM,0.6563932137095951,0.0714755895572392,0.5695902256990466,rdkit2d,6
RF+LGBM+XGB,0.6522792851638092,0.07669335507676396,0.5713307079460141,rdkit2d,6
RF+kNN,0.6517088964176179,0.07968195608415507,0.569813053673912,rdkit2d,6
LGBM,0.6462171757665957,0.06537363223979363,0.5660587038173901,rdkit2d,6
LGBM+kNN,0.645976989089001,0.06170853313277448,0.5862580708533262,rdkit2d,6
ET+kNN,0.6448727968898942,0.03381125035473201,0.5755811522985487,rdkit2d,6
RF+XGB,0.6438947821721388,0.08407051953605654,0.5779833539840908,rdkit2d,6
LGBM+XGB+kNN,0.6436896642013197,0.06461824719582573,0.587082938541277,rdkit2d,6
RF+XGB+kNN,0.6434956143059731,0.08408555654635032,0.5786712098889352,rdkit2d,6
ET+XGB+kNN,0.6429239379938896,0.04712256118916115,0.5761056539877851,rdkit2d,6
ET+XGB,0.6420428293943542,0.0484288460525824,0.5768882903295595,rdkit2d,6
XGB+SVM,0.6406962402220137,0.05131739834034103,0.5854296741691561,rdkit2d,6
XGB+SVM+kNN,0.6394581362836822,0.05149873789235207,0.5881483424045856,rdkit2d,6
LGBM+XGB,0.6391171509249733,0.06621983072163926,0.5934116709609277,rdkit2d,6
SVM,0.636932461761847,0.050742904423215454,0.5805164884200075,rdkit2d,6
SVM+kNN,0.6274224001709012,0.04272351896759896,0.6035549939283871,rdkit2d,6
XGB+kNN,0.5928181166639739,0.058183898088880144,0.6442511901185752,rdkit2d,6
XGB,0.574804251489905,0.07679728427117498,0.6309341053962069,rdkit2d,6
kNN,0.5066327951045808,0.05816437669857182,0.700658172585124,rdkit2d,6
RF+ET+SVM,0.6522932183952931,0.06689045762297671,0.555565483597326,rdkit2d,7
ET+LGBM+SVM,0.6489329742101332,0.06694714300404861,0.5599634491501579,rdkit2d,7
RF+ET+LGBM,0.6460520682204377,0.06693447359436769,0.5614819064324406,rdkit2d,7
ET+SVM+kNN,0.6459541482787208,0.06957236314370015,0.5650859000189357,rdkit2d,7
ET+SVM,0.6458215947477244,0.0708266349629722,0.5639803527918951,rdkit2d,7
RF+ET,0.6457197748895709,0.06777036344885559,0.5635116058292639,rdkit2d,7
RF+ET+kNN,0.6456884517203572,0.06706988566235517,0.5633601505104059,rdkit2d,7
RF+LGBM+SVM,0.6441538730162343,0.05587152603272276,0.5651482469267025,rdkit2d,7
ET+LGBM,0.6431142736908879,0.06811777852842946,0.5672459680066287,rdkit2d,7
RF+SVM+kNN,0.6430359208342237,0.05465157493546137,0.567204066602381,rdkit2d,7
RF+SVM,0.6427948499071784,0.05701785255391981,0.5673027333562373,rdkit2d,7
ET+LGBM+kNN,0.6423662166036569,0.06892914194916887,0.5669595100128941,rdkit2d,7
ET+XGB+SVM,0.6419477322902336,0.07175295406184679,0.5597868683151657,rdkit2d,7
RF+ET+XGB,0.6406364208229156,0.06950740162453196,0.5640259144283645,rdkit2d,7
RF+XGB+SVM,0.6403196010243021,0.05924545128141368,0.5647642117967628,rdkit2d,7
LGBM+SVM,0.6382979996045307,0.053113546439029734,0.5787164268052475,rdkit2d,7
ET+kNN,0.6381506762438851,0.07241487279166427,0.5732516921703341,rdkit2d,7
ET+LGBM+XGB,0.6381420725209531,0.07108944135606046,0.5663978205463663,rdkit2d,7
LGBM+SVM+kNN,0.6380123263655804,0.052543182953992115,0.5790333135327166,rdkit2d,7
ET,0.6372073888277108,0.07301800686115774,0.5595742693980831,rdkit2d,7
LGBM+XGB+SVM,0.6350103111274292,0.06010212167144835,0.5733805050528692,rdkit2d,7
ET+XGB+kNN,0.632680006839448,0.073415254800265,0.5703789417007646,rdkit2d,7
ET+XGB,0.6321162741963319,0.07298494506616841,0.5707162916388032,rdkit2d,7
RF+LGBM+kNN,0.631722456952844,0.05363081689353409,0.5796956351996249,rdkit2d,7
RF+LGBM,0.6305493189392921,0.0531593814271781,0.5808773401851681,rdkit2d,7
RF+LGBM+XGB,0.6277059652491979,0.05596324646590393,0.5802328533960471,rdkit2d,7
XGB+SVM+kNN,0.6247758346236769,0.06379539176334591,0.5804005453446491,rdkit2d,7
RF+kNN,0.6237980317010046,0.053635582276865254,0.5881351859479079,rdkit2d,7
XGB+SVM,0.6237583690097152,0.06368606459418903,0.5805108098090375,rdkit2d,7
RF,0.6230521357095253,0.055032479288703376,0.582794836698616,rdkit2d,7
RF+XGB+kNN,0.622670195319466,0.05649312593949724,0.5860380884416496,rdkit2d,7
LGBM+kNN,0.6220235839048536,0.051168419873473474,0.6008991505382905,rdkit2d,7
LGBM,0.6196689834424767,0.05320812607928169,0.5893976100186267,rdkit2d,7
LGBM+XGB+kNN,0.6192211078609553,0.059456615098336975,0.5936900852886167,rdkit2d,7
RF+XGB,0.619133926308749,0.05598835408693844,0.58795371763903,rdkit2d,7
LGBM+XGB,0.6153481802787205,0.05815927036589333,0.5976959828467083,rdkit2d,7
SVM+kNN,0.6059671253086762,0.05895865575308309,0.6145063817452425,rdkit2d,7
SVM,0.6013129512327569,0.06727411912196031,0.6067346869797035,rdkit2d,7
XGB+kNN,0.589434215978946,0.07023355720114925,0.6192435935680389,rdkit2d,7
XGB,0.5536363843009854,0.0734220980267893,0.6199338418798045,rdkit2d,7
kNN,0.49308563909029396,0.06431289552775278,0.704997574648595,rdkit2d,7
RF+ET,0.6420237502788305,0.041891042495685225,0.5743198563627017,rdkit2d,8
RF+ET+XGB,0.6414613737780639,0.04097966417311884,0.5746760337195307,rdkit2d,8
RF+ET+SVM,0.6410439733359199,0.03705736093016364,0.573913665741222,rdkit2d,8
RF+ET+kNN,0.6394758523262281,0.03973142642762266,0.577453456090123,rdkit2d,8
RF+ET+LGBM,0.6380284568330343,0.03954947969246481,0.5759152955976764,rdkit2d,8
ET+XGB,0.6368742688667961,0.03296993326489714,0.5801504857410087,rdkit2d,8
RF+SVM,0.6364978169614691,0.04740576300931522,0.5796791773811414,rdkit2d,8
ET+XGB+SVM,0.6363657623123011,0.024413809258735535,0.5802613460561213,rdkit2d,8
ET+XGB+kNN,0.6351227089067756,0.031026151373626583,0.5828004861156542,rdkit2d,8
RF+SVM+kNN,0.6348445730095973,0.04784797863182298,0.5813630287882395,rdkit2d,8
RF+XGB+SVM,0.634392374062482,0.05002303706089051,0.5804759718914796,rdkit2d,8
ET+LGBM+XGB,0.6343233269281852,0.03481231715726477,0.5817470749155012,rdkit2d,8
ET+LGBM,0.6342727218606982,0.03464991535936927,0.5825412113764996,rdkit2d,8
ET+LGBM+SVM,0.6340968814159277,0.027102708265171128,0.5808597020277187,rdkit2d,8
ET,0.6338066215809535,0.03918439073004393,0.5764576546435869,rdkit2d,8
ET+LGBM+kNN,0.6332878445595456,0.0340323296717206,0.5829626672378361,rdkit2d,8
RF+LGBM+SVM,0.6324267053748126,0.0440881861703272,0.5809772982861097,rdkit2d,8
ET+SVM,0.6320749200105402,0.02527841708108652,0.5812249480181887,rdkit2d,8
ET+SVM+kNN,0.6300279729085336,0.02468335891001946,0.5832636706728968,rdkit2d,8
ET+kNN,0.6300106757649463,0.034495138288989535,0.5841794925040975,rdkit2d,8
RF,0.6297098669340759,0.05845025212715746,0.5880253061450189,rdkit2d,8
RF+XGB,0.6284909814555671,0.061066876666829494,0.5874306900808202,rdkit2d,8
RF+kNN,0.6263062092435948,0.05715357711418076,0.5910752598797366,rdkit2d,8
RF+XGB+kNN,0.6253908449106907,0.057474907255381597,0.5918657461611595,rdkit2d,8
RF+LGBM,0.6252865625832511,0.05080826028412107,0.5886975254645945,rdkit2d,8
RF+LGBM+XGB,0.6238451695530316,0.05174761073173973,0.5889231092460967,rdkit2d,8
RF+LGBM+kNN,0.6230242132136887,0.048592289555239004,0.5918836742455003,rdkit2d,8
LGBM+XGB+SVM,0.618944626353572,0.03242027183876663,0.5998377566504545,rdkit2d,8
LGBM+SVM,0.6148066865746189,0.031838972443954505,0.6028451986543975,rdkit2d,8
XGB+SVM,0.6144268691289938,0.03287401524960515,0.6072052473769892,rdkit2d,8
LGBM+SVM+kNN,0.6132890875582395,0.031596810426473054,0.6036418373671518,rdkit2d,8
XGB+SVM+kNN,0.6127168130384637,0.030749195472914468,0.6103080239746541,rdkit2d,8
LGBM+XGB+kNN,0.6061967728646629,0.03759671445431627,0.6153803413975634,rdkit2d,8
LGBM+XGB,0.6033798283881646,0.039903869340594,0.6193779569869797,rdkit2d,8
LGBM+kNN,0.601778577122863,0.03879533446714975,0.6165887473832259,rdkit2d,8
LGBM,0.5971438674780118,0.04675489334584463,0.6089423093191139,rdkit2d,8
XGB+kNN,0.5827006594588318,0.032833347762790184,0.6474112364354845,rdkit2d,8
SVM,0.5747536655794467,0.04164458484882361,0.6293362476647284,rdkit2d,8
SVM+kNN,0.5720094412305616,0.031101603849884512,0.6369232447282043,rdkit2d,8
XGB,0.5712633832477602,0.057612834464222565,0.6360571415771188,rdkit2d,8
kNN,0.4197429845824603,0.05714089935089978,0.7488152092780165,rdkit2d,8
RF+LGBM+XGB,0.6922750528182077,0.054086885281811624,0.5330514847004507,rdkit2d,9
RF+LGBM,0.6917236955531972,0.054844362044703436,0.5333322770282095,rdkit2d,9
RF+ET+LGBM,0.6912515636550823,0.07052676200704851,0.5188480667552213,rdkit2d,9
RF+LGBM+SVM,0.6909590121355329,0.0601955417722296,0.5328581602430177,rdkit2d,9
RF+LGBM+kNN,0.6903757099122363,0.05634321050373614,0.5335599518057375,rdkit2d,9
ET+LGBM+XGB,0.6896989848008006,0.0672573281105261,0.5218455923586272,rdkit2d,9
LGBM+XGB+SVM,0.6894760048952461,0.05159599145787941,0.5392672096135379,rdkit2d,9
ET+LGBM,0.6891149924525509,0.0677159613799853,0.5217501514008762,rdkit2d,9
LGBM,0.6888057253789563,0.049730456575858284,0.541143346410125,rdkit2d,9
LGBM+XGB+kNN,0.6885913870653225,0.04573128698276074,0.5421808067714841,rdkit2d,9
ET+LGBM+SVM,0.6883641720336829,0.07040844420133667,0.5226078710300822,rdkit2d,9
LGBM+XGB,0.688337674194463,0.044559730051027646,0.5421603500269089,rdkit2d,9
ET+LGBM+kNN,0.6877535253329319,0.06941650668666106,0.522941912003066,rdkit2d,9
LGBM+kNN,0.6867425030988421,0.045098937545668974,0.5463455107566274,rdkit2d,9
LGBM+SVM+kNN,0.6866306217887944,0.05104566105396072,0.543821592601138,rdkit2d,9
LGBM+SVM,0.68651421726713,0.051097162256814016,0.5435845259961816,rdkit2d,9
RF+ET+XGB,0.6850708782817372,0.07584512130960486,0.521887797008516,rdkit2d,9
RF+ET+SVM,0.6850051329861461,0.07732695357677405,0.5257989715144067,rdkit2d,9
RF+ET,0.6833742625241624,0.07706970150818232,0.5233219209808401,rdkit2d,9
RF+XGB+SVM,0.6822889700792351,0.06410648223744436,0.5389731740591481,rdkit2d,9
ET+XGB+SVM,0.6820212987761787,0.07406716382046491,0.5265230245247782,rdkit2d,9
RF+ET+kNN,0.68162522253715,0.07912786296553477,0.5244378698934344,rdkit2d,9
RF+SVM,0.6797098657126677,0.06610487112670613,0.5416769245738804,rdkit2d,9
RF+SVM+kNN,0.679646333577523,0.06666055934331655,0.5414607358927694,rdkit2d,9
ET,0.6767260548405558,0.07680256202936626,0.5233478006022771,rdkit2d,9
ET+XGB,0.6766192190455659,0.07613117221490137,0.5261709002150782,rdkit2d,9
ET+SVM,0.6756282118998124,0.08032385395757244,0.5282880617202872,rdkit2d,9
RF+XGB,0.6754485166147723,0.06566791863647539,0.5444310195666594,rdkit2d,9
ET+XGB+kNN,0.6753109573144715,0.07736682907911627,0.528453478264199,rdkit2d,9
RF+XGB+kNN,0.6746733649881892,0.06604096208580938,0.5436568602915066,rdkit2d,9
ET+SVM+kNN,0.6744631588717478,0.08034070809144146,0.529722550581135,rdkit2d,9
RF,0.6737478172598069,0.06559130062708894,0.5456021665090919,rdkit2d,9
ET+kNN,0.6703672115632808,0.08117943091902308,0.5302784515120684,rdkit2d,9
RF+kNN,0.6692156507952729,0.07060030186338939,0.5466842957259096,rdkit2d,9
XGB+SVM+kNN,0.6687538390835771,0.05350713584526144,0.5576362974852358,rdkit2d,9
XGB+SVM,0.6686310898769345,0.0533553572860527,0.5570549299935947,rdkit2d,9
XGB,0.6495331721737273,0.0624087570482031,0.5608408561725835,rdkit2d,9
XGB+kNN,0.6490092441842525,0.0480093879782318,0.5783920700925614,rdkit2d,9
SVM+kNN,0.6220615157661664,0.05317512640270781,0.6087936562506713,rdkit2d,9
SVM,0.6215583356854739,0.06176073332099317,0.6014939626505791,rdkit2d,9
kNN,0.5019227297762956,0.058034862715354796,0.7061799344092561,rdkit2d,9
ET+LGBM+SVM,0.689442459286669,0.08785705946908903,0.5223975099027183,rdkit2d,10
ET+SVM,0.6876050488460816,0.08495636761724328,0.5267264794020342,rdkit2d,10
ET+SVM+kNN,0.6854417785660221,0.08601679810132776,0.5284162709768703,rdkit2d,10
RF+ET+SVM,0.6849716706980696,0.08480514896354462,0.5248844205773053,rdkit2d,10
ET+XGB+SVM,0.6830202281956586,0.08435226408023769,0.5269254778777325,rdkit2d,10
ET+LGBM,0.6829237212557044,0.08911450056982721,0.5278191300927653,rdkit2d,10
ET+LGBM+kNN,0.6812491774184521,0.09014383985011737,0.5285086922582121,rdkit2d,10
ET+LGBM+XGB,0.6811497411415675,0.08695955321665257,0.5276373354519479,rdkit2d,10
RF+ET+LGBM,0.6792119037069583,0.0835848687789804,0.5284396316755402,rdkit2d,10
RF+ET+XGB,0.6768651856044057,0.08400099943681667,0.5331496986874361,rdkit2d,10
RF+LGBM+SVM,0.6767991814602748,0.07777928718179658,0.535982643414824,rdkit2d,10
RF+ET,0.676669195065104,0.08494312569541457,0.5331543674128347,rdkit2d,10
ET,0.6754932134877247,0.08801797182802851,0.5290928978765934,rdkit2d,10
LGBM+SVM,0.6754296362182367,0.07896416255888324,0.5457184408229719,rdkit2d,10
RF+ET+kNN,0.6754035287134598,0.08595802755068525,0.5335220315804939,rdkit2d,10
ET+kNN,0.6752798849064422,0.08772970069238488,0.5361280758616176,rdkit2d,10
RF+XGB+SVM,0.6750709014298497,0.07840379453681659,0.5396215122962229,rdkit2d,10
RF+SVM,0.6748188929865968,0.07910877353760999,0.5388158273116626,rdkit2d,10
LGBM+XGB+SVM,0.6742822546948851,0.07802765894852748,0.5430340781203431,rdkit2d,10
RF+SVM+kNN,0.6731006423550203,0.08105185283076045,0.5385730429613984,rdkit2d,10
LGBM+SVM+kNN,0.6727482948610695,0.08110838184606088,0.5468298978103705,rdkit2d,10
ET+XGB,0.6712914323865597,0.086871659859142,0.5366123951910312,rdkit2d,10
ET+XGB+kNN,0.671062208804834,0.08667450395597301,0.5366301292383084,rdkit2d,10
LGBM,0.6636125386369051,0.08404442807420338,0.5501421814204048,rdkit2d,10
RF+LGBM,0.6625387875502756,0.07653548099245182,0.5518844460841434,rdkit2d,10
RF+LGBM+XGB,0.6620775328472998,0.07603992249780672,0.5523524065221732,rdkit2d,10
RF+LGBM+kNN,0.660964947183009,0.07853392631357657,0.5525299391691497,rdkit2d,10
XGB+SVM,0.6605501647377625,0.07450560790859688,0.5571662665900673,rdkit2d,10
XGB+SVM+kNN,0.6574648845517761,0.07670068374920672,0.5593790577472585,rdkit2d,10
LGBM+XGB,0.65569217248245,0.07654793125816602,0.5637091322371481,rdkit2d,10
LGBM+kNN,0.6543033861201181,0.08149594506088186,0.5647350000208252,rdkit2d,10
LGBM+XGB+kNN,0.6541010783474462,0.07919428798737804,0.5618091906918643,rdkit2d,10
RF,0.6523504854086888,0.07962603568643019,0.565792734020557,rdkit2d,10
RF+XGB,0.6519440226513182,0.07563115243633257,0.5638906931116457,rdkit2d,10
RF+kNN,0.6514844560618249,0.07797446124329416,0.5628818589893805,rdkit2d,10
RF+XGB+kNN,0.6512294162701463,0.07760862972430553,0.5634890399238272,rdkit2d,10
SVM,0.6468228290803951,0.0801177001333729,0.5642663127957516,rdkit2d,10
SVM+kNN,0.6376997345657354,0.07655430535867995,0.585563916421903,rdkit2d,10
XGB+kNN,0.6135693801928045,0.07142539676716339,0.6046987406371851,rdkit2d,10
XGB,0.6108750432081387,0.07944708149686942,0.5917009081885772,rdkit2d,10
kNN,0.4954993664651809,0.10619275708406184,0.6995964263912589,rdkit2d,10
RF+LGBM+SVM,0.6287053125443279,0.04871402274737263,0.5815099637951923,rdkit2d,11
RF+LGBM+kNN,0.6257943633485205,0.04552023498881849,0.5805901997278384,rdkit2d,11
RF+ET+LGBM,0.6256642086783326,0.04316869813563953,0.5768099599115591,rdkit2d,11
ET+LGBM+SVM,0.6251823756527312,0.047999972458062784,0.5876390788278246,rdkit2d,11
RF+SVM+kNN,0.6244957961387725,0.04759285877554033,0.5817022254666676,rdkit2d,11
RF+XGB+SVM,0.624246558277752,0.04910107030568935,0.5826058409733054,rdkit2d,11
RF+LGBM,0.6239190234094811,0.04234083321706803,0.5817848401425993,rdkit2d,11
RF+LGBM+XGB,0.6237506422879027,0.04285978809745705,0.5817793645810196,rdkit2d,11
RF+ET+SVM,0.6234524511624727,0.04798165492314156,0.5820259561186306,rdkit2d,11
ET+LGBM+kNN,0.6233906668408477,0.04681627430879871,0.586120851380745,rdkit2d,11
LGBM+SVM+kNN,0.6231443726407674,0.04949595622109061,0.5953419871539575,rdkit2d,11
RF+SVM,0.6229586299712757,0.049947776289288745,0.5850695193789892,rdkit2d,11
LGBM+XGB+SVM,0.6224607909693012,0.04266471042245216,0.5971377280173021,rdkit2d,11
LGBM+SVM,0.620939717042344,0.04792389642307634,0.5979599240929565,rdkit2d,11
ET+LGBM,0.6197417791135151,0.04112226999137427,0.5894353334292232,rdkit2d,11
LGBM,0.6196323633358679,0.05764290483131809,0.586181497711972,rdkit2d,11
RF,0.619281815912444,0.04979147355940026,0.5797016684996599,rdkit2d,11
ET+LGBM+XGB,0.6192680494326723,0.03853294210563053,0.589613812315833,rdkit2d,11
LGBM+XGB+kNN,0.618975165816775,0.04231594722353373,0.6011621168702423,rdkit2d,11
RF+ET+kNN,0.6182109099812646,0.04399134846843832,0.5810041105830728,rdkit2d,11
RF+ET+XGB,0.6170368552480433,0.04168992377786334,0.5821433020349758,rdkit2d,11
RF+ET,0.6167766175590191,0.042086910889649935,0.5820485679160485,rdkit2d,11
LGBM+kNN,0.6165189928421536,0.04786180602219542,0.6030126145414815,rdkit2d,11
RF+XGB+kNN,0.6145305018068195,0.04533646023241392,0.585866575551238,rdkit2d,11
RF+kNN,0.6145027871580122,0.045628449597793545,0.5860807680189313,rdkit2d,11
LGBM+XGB,0.6133919043796527,0.03246797116715278,0.604866456644429,rdkit2d,11
ET+XGB+SVM,0.6130647792276,0.040145893367208044,0.5990262868506788,rdkit2d,11
RF+XGB,0.613049690575898,0.04220604988182223,0.5873455704900871,rdkit2d,11
XGB+SVM+kNN,0.6099156288840921,0.037698979960925395,0.6100601541846957,rdkit2d,11
ET+SVM+kNN,0.6085463429400457,0.047685905802478085,0.5998192324463567,rdkit2d,11
XGB+SVM,0.6066285948113149,0.034649994832451146,0.6130707533958597,rdkit2d,11
ET+XGB+kNN,0.6063285520281769,0.04055723578177627,0.5991346184397222,rdkit2d,11
ET+SVM,0.6055411424058716,0.04596243930454437,0.6038921935621049,rdkit2d,11
ET,0.6005062581652533,0.055904585073088556,0.5791990473819383,rdkit2d,11
ET+XGB,0.5995385455160237,0.03137843508339808,0.6051054991150181,rdkit2d,11
ET+kNN,0.5948210553615675,0.048811331329471706,0.6073674746710083,rdkit2d,11
XGB+kNN,0.5845487111187447,0.04287360023791431,0.6372544065027247,rdkit2d,11
SVM,0.5803113828362674,0.07166807504329394,0.629207239485776,rdkit2d,11
SVM+kNN,0.5778016010673199,0.05260893982754356,0.6396937932386402,rdkit2d,11
XGB,0.5702772620666575,0.045973389305634715,0.6278285947798441,rdkit2d,11
kNN,0.4447139187733418,0.13559042384304137,0.7302525625140495,rdkit2d,11
RF+ET+SVM,0.6582209956020767,0.049984489103589554,0.556271358255466,rdkit2d,12
ET+XGB+SVM,0.6580111326721159,0.04437269272808671,0.560732026546773,rdkit2d,12
ET+SVM,0.6558066797822166,0.05198951593623456,0.5599413016577187,rdkit2d,12
ET+LGBM+SVM,0.6551658994444383,0.04810502136371624,0.56347343126646,rdkit2d,12
RF+ET,0.6545095624149588,0.04583937166140185,0.5565098785889722,rdkit2d,12
ET+XGB,0.6540481171385663,0.03845204367097445,0.5616558905243066,rdkit2d,12
RF+ET+LGBM,0.6535640001169992,0.045229709516987966,0.5625937384755647,rdkit2d,12
ET+XGB+kNN,0.6534960602178982,0.0397781520867953,0.5611508697090547,rdkit2d,12
RF+ET+kNN,0.6530374531405281,0.04662835088598224,0.5573274726662587,rdkit2d,12
ET+LGBM,0.6524988021250534,0.04587833155312037,0.5647237778568577,rdkit2d,12
ET+SVM+kNN,0.6520328416443912,0.05315196434077933,0.5613787266889139,rdkit2d,12
RF+ET+XGB,0.6514446280921666,0.03904589512757779,0.5602594177780053,rdkit2d,12
ET+kNN,0.6514278844214655,0.04828559890112624,0.5581139026923542,rdkit2d,12
ET+LGBM+kNN,0.6511451072336094,0.04661385445320863,0.5643903228633838,rdkit2d,12
ET,0.651073281484054,0.050776725614982254,0.5550105221079835,rdkit2d,12
ET+LGBM+XGB,0.650234758391963,0.03785259561546424,0.5679383153177029,rdkit2d,12
RF+LGBM+SVM,0.642967404650153,0.04232218797547894,0.5777168100853708,rdkit2d,12
RF+SVM,0.6428094596727005,0.04768622647643371,0.573573773694176,rdkit2d,12
RF+XGB+SVM,0.6417953866893059,0.04162272335714803,0.5758211160720992,rdkit2d,12
XGB+SVM,0.6391082333147449,0.04143032234597097,0.5882767499000137,rdkit2d,12
RF+SVM+kNN,0.6385608505886238,0.04924633328824585,0.5760261098301543,rdkit2d,12
LGBM+XGB+SVM,0.6384116629663252,0.03502925629360446,0.5903361122255276,rdkit2d,12
XGB+SVM+kNN,0.6372438499293908,0.04208888642196805,0.5895243617529063,rdkit2d,12
LGBM+SVM,0.635948539267055,0.042664662936165686,0.5923536574977945,rdkit2d,12
LGBM+SVM+kNN,0.6332896110171974,0.04276092030652318,0.5922295452247728,rdkit2d,12
RF+LGBM,0.6306523538252671,0.03861894724081288,0.5897940264906896,rdkit2d,12
RF+LGBM+kNN,0.6305381294700207,0.04122794195221243,0.5868622452861445,rdkit2d,12
RF+LGBM+XGB,0.6286815900874501,0.03361422434701868,0.5931415706701015,rdkit2d,12
LGBM+XGB+kNN,0.6248205692160547,0.03508740599991972,0.6018071867220078,rdkit2d,12
RF,0.6236238813314273,0.04595131499752769,0.5904936745880534,rdkit2d,12
RF+XGB+kNN,0.6230320525880086,0.03720319246038985,0.5917312023261209,rdkit2d,12
RF+kNN,0.6230283127646498,0.04396340697492659,0.5895109109488891,rdkit2d,12
LGBM+XGB,0.622493891226451,0.02944165617038899,0.6076835101210336,rdkit2d,12
RF+XGB,0.6209469139440907,0.03428929370116223,0.5951565805267469,rdkit2d,12
LGBM+kNN,0.6197227267920936,0.043908200505663644,0.6062701098464724,rdkit2d,12
LGBM,0.613562364922016,0.04848228809821169,0.6057632651472996,rdkit2d,12
XGB+kNN,0.6118205027080947,0.030001318487643144,0.6174854385837414,rdkit2d,12
SVM,0.6083644270186687,0.06310315245461467,0.6107511625853748,rdkit2d,12
SVM+kNN,0.6050158291581947,0.05392516818525265,0.6297978440665222,rdkit2d,12
XGB,0.5923672773617492,0.04145832875822348,0.6128190128023363,rdkit2d,12
kNN,0.48433084238462365,0.05843121920416345,0.7283174041755373,rdkit2d,12
ET+LGBM+SVM,0.6602603154254896,0.04227449825963763,0.5630589935832782,rdkit2d,13
ET+SVM+kNN,0.6556656022203633,0.04810739906500303,0.5647955931568822,rdkit2d,13
RF+LGBM+SVM,0.6549134496582194,0.04529311685641564,0.5665007696489257,rdkit2d,13
ET+SVM,0.6547179928860186,0.04860970086477713,0.5650354055879956,rdkit2d,13
ET+LGBM+kNN,0.6544764088116706,0.04331467978713332,0.5677806594719084,rdkit2d,13
RF+ET+SVM,0.6542196806698877,0.04597157665642251,0.5635138931936796,rdkit2d,13
LGBM+SVM+kNN,0.6539596087962884,0.04028917262417912,0.5762850558061925,rdkit2d,13
LGBM+SVM,0.6530244424757363,0.039849313543881895,0.5763850702334545,rdkit2d,13
ET+LGBM,0.6518291459502867,0.043369893787804877,0.5696642050987402,rdkit2d,13
RF+ET+LGBM,0.6507804952388154,0.0445948447440822,0.5677251705696038,rdkit2d,13
RF+SVM+kNN,0.6481702811611284,0.047914208296649295,0.5716041112627087,rdkit2d,13
ET+LGBM+XGB,0.6481517739109043,0.04632504924255377,0.5732375103847438,rdkit2d,13
RF+SVM,0.6479113482184543,0.04846651897600742,0.5720390700278216,rdkit2d,13
ET+XGB+SVM,0.6474066983165134,0.04938022493152009,0.5698453994879529,rdkit2d,13
LGBM+XGB+SVM,0.6465059948703331,0.04432178194415234,0.5800059804633788,rdkit2d,13
RF+ET+kNN,0.6456374125849995,0.04710505669772807,0.5730072056209192,rdkit2d,13
RF+XGB+SVM,0.6447234534773069,0.04700185230310684,0.5765312485325758,rdkit2d,13
RF+ET,0.6439745582354404,0.04745015661797518,0.5741867337166504,rdkit2d,13
RF+LGBM+kNN,0.6434691431820443,0.04598372318916223,0.5775477944344855,rdkit2d,13
RF+ET+XGB,0.642024165644506,0.04683223675862016,0.5762070995274413,rdkit2d,13
ET+kNN,0.6419403843463443,0.04822529780400223,0.5756512377458853,rdkit2d,13
ET,0.6413230026014334,0.04847618785731615,0.5710187480826653,rdkit2d,13
RF+LGBM,0.6411537159355312,0.04688164121077934,0.5790986656334028,rdkit2d,13
RF+LGBM+XGB,0.6385875198380768,0.04792334572550489,0.5817053403849997,rdkit2d,13
LGBM+kNN,0.6366473479054691,0.03820934307689675,0.5904465853894719,rdkit2d,13
ET+XGB+kNN,0.6360523510200908,0.04866088734772193,0.5804403553056782,rdkit2d,13
ET+XGB,0.6322854674097337,0.04881244491010484,0.5828506861297182,rdkit2d,13
LGBM+XGB+kNN,0.6303290068681688,0.04349188869744677,0.5949707907284885,rdkit2d,13
LGBM,0.6302343412819678,0.036964745319449786,0.5921517030218322,rdkit2d,13
RF,0.6251119728431467,0.05090864819797171,0.5933120559732364,rdkit2d,13
RF+kNN,0.6248611154017,0.04951994518355063,0.5942759049773036,rdkit2d,13
LGBM+XGB,0.6237276765177268,0.04466102660845062,0.5996945614658638,rdkit2d,13
XGB+SVM+kNN,0.6236756851604829,0.048829869500852496,0.5974586924800042,rdkit2d,13
RF+XGB+kNN,0.6230221758891524,0.0483250368223258,0.5967620670807972,rdkit2d,13
XGB+SVM,0.6227697085601471,0.04938304246846673,0.596843937292896,rdkit2d,13
RF+XGB,0.6216344319719387,0.05028522002704878,0.5972643984517318,rdkit2d,13
SVM,0.6182785431338554,0.05751589735311237,0.6062243715241218,rdkit2d,13
SVM+kNN,0.6141001724447777,0.05356094773130423,0.6176498908503713,rdkit2d,13
XGB+kNN,0.5736009405483935,0.04245010911669562,0.6393499503018981,rdkit2d,13
XGB,0.5475842452797591,0.04606377621061701,0.639548925784104,rdkit2d,13
kNN,0.4493309670119466,0.08650693786834819,0.7322035574790082,rdkit2d,13
RF+LGBM+SVM,0.6882763587835867,0.032606776702011814,0.5295315867327686,rdkit2d,14
RF+ET+SVM,0.6844789681094905,0.024742183655771816,0.5256907805159554,rdkit2d,14
RF+ET+LGBM,0.6836885251798523,0.024239395149963264,0.5267233480972484,rdkit2d,14
RF+SVM+kNN,0.6835800763921627,0.02736783720759406,0.5322125347747557,rdkit2d,14
RF+SVM,0.6833489592101492,0.0288239123248963,0.53267180618259,rdkit2d,14
RF+LGBM+kNN,0.6829837223948287,0.028959824036746146,0.5415989683062459,rdkit2d,14
RF+LGBM,0.6821457750328452,0.028764408114595078,0.5419526916102957,rdkit2d,14
ET+LGBM+SVM,0.6810290918332825,0.02903220776926153,0.5287214960020835,rdkit2d,14
RF+ET,0.6808449880643368,0.02025069395108366,0.5283724360260671,rdkit2d,14
RF+ET+kNN,0.6804573340485487,0.019191190427365206,0.5287060274920485,rdkit2d,14
RF+XGB+SVM,0.680389648295292,0.026460155966817413,0.5336310558385658,rdkit2d,14
LGBM+XGB+SVM,0.6796644039205505,0.03766030035179025,0.5451630242779901,rdkit2d,14
ET+LGBM+XGB,0.6793735988362636,0.025868907243946918,0.5312124113510033,rdkit2d,14
RF+ET+XGB,0.6789102858733268,0.019842195593111855,0.5315608349759324,rdkit2d,14
ET+LGBM,0.6786253057614797,0.026135547007091926,0.5304233630961537,rdkit2d,14
RF+LGBM+XGB,0.6781673233043448,0.026638558847318215,0.5476885165279975,rdkit2d,14
ET+LGBM+kNN,0.6776488390024229,0.02502135592153035,0.5315094035486336,rdkit2d,14
ET+XGB+SVM,0.676190331541723,0.024007941330046544,0.5319240882962687,rdkit2d,14
LGBM+SVM,0.6757432047345291,0.03928954533860705,0.5488838695522921,rdkit2d,14
LGBM+SVM+kNN,0.6749913649131758,0.03843880050072519,0.5492226729689941,rdkit2d,14
RF,0.6736761469837204,0.022817688645991322,0.5443852336162595,rdkit2d,14
RF+kNN,0.6727060275357086,0.022038404010621515,0.54757089146156,rdkit2d,14
ET+XGB,0.6714613462218143,0.020832213555579532,0.5345911761298127,rdkit2d,14
ET+SVM,0.6714139262608417,0.024326066814373107,0.5343625522339444,rdkit2d,14
LGBM+XGB+kNN,0.6711631777989454,0.0341969915108864,0.5620730654699841,rdkit2d,14
ET+XGB+kNN,0.6708703339176382,0.018743278774747296,0.5352598179257696,rdkit2d,14
XGB+SVM+kNN,0.670790294106409,0.03491153482562179,0.554647837148367,rdkit2d,14
ET+SVM+kNN,0.6705279664245504,0.023116523879545724,0.5353187883076791,rdkit2d,14
XGB+SVM,0.6700599021884738,0.03617817246413951,0.5546462315978096,rdkit2d,14
ET,0.6697317968352969,0.022668153954676543,0.5276774104679675,rdkit2d,14
RF+XGB+kNN,0.6678440372986069,0.018308662369416098,0.5529373753854618,rdkit2d,14
LGBM+XGB,0.6676110343978934,0.03395515163150755,0.5636467162726149,rdkit2d,14
ET+kNN,0.6662989683309695,0.019275313802960256,0.5363918098696605,rdkit2d,14
RF+XGB,0.6662252361529699,0.017413213503111424,0.5537422617267145,rdkit2d,14
LGBM+kNN,0.6661556165362598,0.037974709417291606,0.5654073118678321,rdkit2d,14
LGBM,0.6660890702764092,0.04069877243082492,0.5527544874126121,rdkit2d,14
XGB+kNN,0.6461333735635693,0.026778342775989165,0.5888670072951949,rdkit2d,14
XGB,0.6430156210191553,0.033792688268442575,0.5598350847998228,rdkit2d,14
SVM,0.6379070395020363,0.04372977822653811,0.5743426446585047,rdkit2d,14
SVM+kNN,0.6343068186293654,0.03925019890524769,0.592253495596436,rdkit2d,14
kNN,0.49451278807801147,0.03932036014127659,0.7078647695233057,rdkit2d,14
RF+ET+SVM,0.6572437097082993,0.021698399722449375,0.5583236192167631,rdkit2d,15
ET+XGB+SVM,0.6561437772266782,0.024269358608422838,0.557176761154069,rdkit2d,15
RF+ET,0.6549118534425575,0.024985281860246438,0.5599884781574981,rdkit2d,15
ET,0.6547565171645731,0.035644452396580636,0.5462900817109478,rdkit2d,15
ET+LGBM+SVM,0.6544874343287791,0.015104531394547158,0.5646126714163705,rdkit2d,15
RF+ET+XGB,0.653839226273153,0.02277295473105563,0.5606294264527272,rdkit2d,15
RF+ET+kNN,0.6533405839887603,0.022161517706762612,0.5618687919619134,rdkit2d,15
RF+ET+LGBM,0.6528243531388611,0.02094095445642992,0.5630062058998409,rdkit2d,15
ET+SVM,0.6527922479130929,0.029631121213112333,0.5635990239441657,rdkit2d,15
ET+SVM+kNN,0.6518331735287914,0.026899886980441656,0.5648304410172599,rdkit2d,15
ET+LGBM,0.6506013049752319,0.018406264389543153,0.5707007894229401,rdkit2d,15
ET+XGB,0.6502093952463319,0.026864887528291557,0.5623676897598257,rdkit2d,15
ET+LGBM+kNN,0.650105082901107,0.015405850570367427,0.5704494255807397,rdkit2d,15
ET+XGB+kNN,0.6500167134134094,0.020920721707095063,0.5633006151617084,rdkit2d,15
ET+LGBM+XGB,0.6498420967488181,0.018814013821965663,0.569938415400767,rdkit2d,15
ET+kNN,0.6460236327098492,0.029019480865505275,0.5719918180409773,rdkit2d,15
RF+LGBM+SVM,0.6441981051986804,0.017817176346483367,0.5704227270925417,rdkit2d,15
RF+SVM,0.6436615314555435,0.02065599413939733,0.5709465990660535,rdkit2d,15
RF+SVM+kNN,0.6431966220878175,0.019334474401040875,0.5706699241256354,rdkit2d,15
RF+XGB+SVM,0.6423752088165552,0.01961520828440723,0.5719404143925125,rdkit2d,15
LGBM+XGB+SVM,0.6383746730806029,0.01617198264339748,0.5816531032399032,rdkit2d,15
LGBM+SVM,0.6361952856478365,0.015041052077769039,0.5859112453799485,rdkit2d,15
LGBM+SVM+kNN,0.6361826036772247,0.013910973865282178,0.586031775393367,rdkit2d,15
RF+LGBM,0.6345943716890579,0.024072279895702365,0.5817763544801907,rdkit2d,15
RF+LGBM+kNN,0.633568501503337,0.023310951133445775,0.5826815826085882,rdkit2d,15
RF+LGBM+XGB,0.6334110064455103,0.026221280170500332,0.5837428545210451,rdkit2d,15
RF,0.6325243982611326,0.026855559778140324,0.5829359934657521,rdkit2d,15
XGB+SVM+kNN,0.6308346883263647,0.024565728762041737,0.5812001965806962,rdkit2d,15
XGB+SVM,0.6305825558702554,0.02519149276764458,0.5811393470468589,rdkit2d,15
RF+XGB,0.6304714662952016,0.02707417245916871,0.5824208186388811,rdkit2d,15
RF+kNN,0.6296872595376191,0.02593731621652716,0.5829187839920589,rdkit2d,15
RF+XGB+kNN,0.6284505058750789,0.025642389600604967,0.5842098596584696,rdkit2d,15
LGBM,0.6234952902295593,0.031740381902505097,0.5916257770257634,rdkit2d,15
LGBM+XGB+kNN,0.6220540136505058,0.023952882670303325,0.5997966220971764,rdkit2d,15
LGBM+XGB,0.6197379352596537,0.022163632770733657,0.6027805686045047,rdkit2d,15
LGBM+kNN,0.6191087334743914,0.02374029578751703,0.606043688269224,rdkit2d,15
XGB,0.5983099560995192,0.02464628681074284,0.59688127468964,rdkit2d,15
XGB+kNN,0.5976239606519061,0.02002599994531931,0.6163235515577656,rdkit2d,15
SVM,0.5962929459578915,0.043829312750032226,0.6076622970443006,rdkit2d,15
SVM+kNN,0.5937818496145035,0.02859457689618015,0.6236167740652723,rdkit2d,15
kNN,0.4536125119597587,0.05873921694170939,0.7310984107888457,rdkit2d,15
ET+LGBM+XGB,0.6559831006470076,0.041571934444717615,0.565267970540436,rdkit2d,16
ET+LGBM,0.6533274328034794,0.042204118379895864,0.5688215199580686,rdkit2d,16
ET+LGBM+SVM,0.6533082531395762,0.04181774563837157,0.5662170443104133,rdkit2d,16
RF+ET+LGBM,0.6531386373218415,0.04522762481945991,0.5661230151821293,rdkit2d,16
ET+LGBM+kNN,0.6524508892166468,0.04098896446411452,0.5700025202965381,rdkit2d,16
LGBM+XGB+SVM,0.6490359861918769,0.035206899125794194,0.5771741269178581,rdkit2d,16
ET+XGB+SVM,0.6487318424801872,0.04369889188107001,0.5683039083832011,rdkit2d,16
RF+ET+SVM,0.6487134746688683,0.04895600310637262,0.5661395466881992,rdkit2d,16
ET+XGB,0.6476817444707311,0.043968265077649255,0.5719296684283917,rdkit2d,16
ET+XGB+kNN,0.6468302218533745,0.04317692840607685,0.5722170019214337,rdkit2d,16
RF+ET,0.6467536782031518,0.05046332131418539,0.5701163054451232,rdkit2d,16
RF+LGBM+SVM,0.6463956641007339,0.046584848699053064,0.5762340509323483,rdkit2d,16
LGBM+XGB+kNN,0.6461702475144729,0.030882723068074925,0.5834616593921634,rdkit2d,16
LGBM,0.6456661166449476,0.04118164567344439,0.5711595237583039,rdkit2d,16
RF+LGBM+kNN,0.6455769815159416,0.03976657836640416,0.5795805948974976,rdkit2d,16
RF+ET+kNN,0.6453723743027884,0.04926599252556346,0.5714815777205831,rdkit2d,16
RF+ET+XGB,0.6448720775512254,0.052247454119764114,0.5690050651049079,rdkit2d,16
LGBM+XGB,0.6448197699585367,0.03149650934466373,0.585830141430326,rdkit2d,16
RF+LGBM,0.6447185394702241,0.041660037155488105,0.5794026394836219,rdkit2d,16
LGBM+SVM,0.6438208024406044,0.03699351626935586,0.585011277579319,rdkit2d,16
LGBM+SVM+kNN,0.6426607323879019,0.03483848860862477,0.5869153506927153,rdkit2d,16
RF+SVM,0.6424704122132127,0.046124319975736704,0.5798462932279487,rdkit2d,16
RF+LGBM+XGB,0.6419484575963789,0.04774220165588989,0.5775698836768932,rdkit2d,16
RF+SVM+kNN,0.6405627013190843,0.04485157347637467,0.5822082508447493,rdkit2d,16
RF,0.6403340390463119,0.052150151642993164,0.5710922716989709,rdkit2d,16
LGBM+kNN,0.6399954461160887,0.03323529465203879,0.594065500023052,rdkit2d,16
RF+XGB+SVM,0.6399698538758637,0.05285444849452368,0.5759660442910818,rdkit2d,16
ET+SVM,0.6384288059765149,0.047669905951381056,0.5784869414042071,rdkit2d,16
ET,0.6378222159298323,0.05767119501848395,0.561641381859694,rdkit2d,16
ET+SVM+kNN,0.6360877711648583,0.04605123291041434,0.5824038664761746,rdkit2d,16
ET+kNN,0.6345114883101158,0.048185731817532274,0.582856171080006,rdkit2d,16
XGB+SVM,0.6343038576612933,0.03465912802779583,0.5908746927435742,rdkit2d,16
XGB+SVM+kNN,0.6318708376439358,0.03406290801166592,0.5942787612336643,rdkit2d,16
RF+kNN,0.6310634930260356,0.04339129251434622,0.5901939698379519,rdkit2d,16
RF+XGB+kNN,0.6295118148569302,0.04700448577031906,0.5877026713601378,rdkit2d,16
RF+XGB,0.6292348990569178,0.04815762527229939,0.5874157802407064,rdkit2d,16
XGB,0.6247014795846931,0.04767517433056743,0.579526947511028,rdkit2d,16
XGB+kNN,0.6179304611356843,0.022294623809186086,0.615408929462794,rdkit2d,16
SVM,0.5905241443150755,0.0549227545161936,0.6164131283681652,rdkit2d,16
SVM+kNN,0.5843172263715416,0.04327177327233126,0.6409331689491566,rdkit2d,16
kNN,0.4528929884994758,0.07653211124276987,0.7202595795395041,rdkit2d,16
RF+ET+SVM,0.658700447043351,0.058682619147949644,0.553682346574545,rdkit2d,17
RF+ET+LGBM,0.6563118100744408,0.05329165035372696,0.557504803841866,rdkit2d,17
RF+ET,0.6561460584710846,0.055395394797035195,0.5577712372557798,rdkit2d,17
RF+ET+kNN,0.6559320881407995,0.054425092859388714,0.5574256586998151,rdkit2d,17
RF+ET+XGB,0.6551039938034561,0.05607266722715859,0.5573744971782073,rdkit2d,17
RF+SVM,0.6550914331399136,0.06663529986724631,0.557105803926982,rdkit2d,17
RF+SVM+kNN,0.6531478076379997,0.066267533909697,0.5553139236658626,rdkit2d,17
RF+LGBM+SVM,0.6526528197266355,0.06140183545676512,0.5593246956716877,rdkit2d,17
RF+XGB+SVM,0.651907915504699,0.06867621521762726,0.5594875996634696,rdkit2d,17
RF+LGBM+kNN,0.6476357297297035,0.056596298095885275,0.5653428820346763,rdkit2d,17
RF+LGBM,0.6475060134531763,0.056480609021431274,0.5660351902914506,rdkit2d,17
ET+LGBM+SVM,0.6472366032830612,0.05563209299519129,0.5659517106559926,rdkit2d,17
ET+LGBM+kNN,0.6470751978889913,0.05388386201173792,0.5667227175797218,rdkit2d,17
ET+LGBM,0.6468641621317697,0.05365173862926481,0.5669378045067833,rdkit2d,17
ET+LGBM+XGB,0.6460713364804294,0.05486068060699939,0.5675927194309306,rdkit2d,17
RF,0.646030986528557,0.06210832679057235,0.5683116763696471,rdkit2d,17
RF+LGBM+XGB,0.6458916636447484,0.05943277477572455,0.5658260792867876,rdkit2d,17
RF+kNN,0.6455389486208827,0.0646445401123173,0.5671905343080604,rdkit2d,17
RF+XGB,0.6453195866717015,0.06518695857332502,0.5680167038977713,rdkit2d,17
RF+XGB+kNN,0.6452148809524274,0.06498171142180179,0.567293687917809,rdkit2d,17
ET+XGB+SVM,0.6422962286595097,0.05757050478563488,0.5693588021061802,rdkit2d,17
ET+XGB+kNN,0.6383680916670096,0.05624755732101531,0.5736640781265789,rdkit2d,17
ET+SVM,0.6381265612268792,0.058943408625020934,0.5714091278544021,rdkit2d,17
LGBM+XGB+SVM,0.6380920075416213,0.05861918009420562,0.5765825199856988,rdkit2d,17
ET+XGB,0.6378146266315975,0.05493127746212308,0.5738393906812314,rdkit2d,17
ET+SVM+kNN,0.6363279627077073,0.05864034991414977,0.5720826583170548,rdkit2d,17
ET,0.6349138129685509,0.06789061098906903,0.562749871712339,rdkit2d,17
LGBM+SVM,0.6344042933284795,0.05804913319848083,0.5799836110886346,rdkit2d,17
LGBM+XGB+kNN,0.6342321566790907,0.05117335227061709,0.5846995437379102,rdkit2d,17
ET+kNN,0.6337741308273647,0.06192732038121668,0.5740482774735138,rdkit2d,17
LGBM+SVM+kNN,0.6329005690625923,0.05717364292998729,0.5803625425525962,rdkit2d,17
LGBM+XGB,0.6312554554969129,0.04808789425043244,0.5873369761491134,rdkit2d,17
XGB+SVM,0.6311521179456018,0.05155654294549463,0.5883649902508526,rdkit2d,17
LGBM+kNN,0.6288846232061506,0.054707406953499835,0.5882159971883227,rdkit2d,17
XGB+SVM+kNN,0.6283723095941671,0.05282215943467198,0.5887429875673368,rdkit2d,17
LGBM,0.6275806390694958,0.060087707271809954,0.5774177746369384,rdkit2d,17
XGB,0.6100567214266871,0.04467546262477703,0.6001960502295764,rdkit2d,17
XGB+kNN,0.6099015078405247,0.04308086391572663,0.6152895753115251,rdkit2d,17
SVM,0.5985921884217108,0.06448817526262592,0.6105267286293581,rdkit2d,17
SVM+kNN,0.5907838848638456,0.05899273480848789,0.6293521687224526,rdkit2d,17
kNN,0.47206440556477014,0.06945591590581543,0.7228660526363637,rdkit2d,17
ET+LGBM+kNN,0.6544423330343999,0.036992270441297014,0.5427857400426805,rdkit2d,18
ET+LGBM,0.6531150639422804,0.03745177634309695,0.5426463055693321,rdkit2d,18
ET+LGBM+SVM,0.6523599437270309,0.03577606922280099,0.5420768799579817,rdkit2d,18
ET+LGBM+XGB,0.651333720755566,0.03625764881130952,0.542568395680447,rdkit2d,18
RF+ET+LGBM,0.6471450308397395,0.03617286081453689,0.5452786466698667,rdkit2d,18
LGBM+kNN,0.6446627959859066,0.02858739501080394,0.5692894676343814,rdkit2d,18
RF+ET+SVM,0.6445734102832971,0.03565599275247005,0.5473135874097622,rdkit2d,18
LGBM+SVM+kNN,0.6442679360821153,0.021950711578672875,0.568188319119171,rdkit2d,18
LGBM+SVM,0.643406598775343,0.024283389818205964,0.5675352528515077,rdkit2d,18
RF+ET+kNN,0.6432448589991522,0.03491361601065865,0.5499315041613745,rdkit2d,18
ET+kNN,0.6429168794127202,0.04036424477113342,0.5527215108991228,rdkit2d,18
RF+ET,0.6425980413416872,0.035829021736307795,0.5487883930339204,rdkit2d,18
ET+SVM,0.6419701746460819,0.036926966773926706,0.5502484551589929,rdkit2d,18
RF+ET+XGB,0.6417707051897417,0.03606485015681623,0.5482739146945598,rdkit2d,18
ET,0.6416666879717968,0.03900739760828101,0.5457068683000083,rdkit2d,18
ET+SVM+kNN,0.6414361662565171,0.034379473570623695,0.5535059691305022,rdkit2d,18
RF+LGBM+SVM,0.6408680603053645,0.038742203949656356,0.5573832837760642,rdkit2d,18
ET+XGB+SVM,0.6396524905221799,0.03637379109461935,0.5502631248434855,rdkit2d,18
ET+XGB+kNN,0.6392735430410634,0.037176386374254404,0.55379976138798,rdkit2d,18
LGBM+XGB+SVM,0.6379046494127262,0.027518534234261226,0.5667819343174842,rdkit2d,18
ET+XGB,0.6374297687487818,0.03799117100998814,0.5528094558292512,rdkit2d,18
LGBM,0.6367934970781206,0.03649730205237845,0.565765736127936,rdkit2d,18
RF+LGBM+kNN,0.6366988605580445,0.04383765365289048,0.5618519095087005,rdkit2d,18
LGBM+XGB+kNN,0.6351491128836302,0.031795485679160726,0.5725218514168484,rdkit2d,18
RF+LGBM+XGB,0.6349201312235687,0.04216191430912199,0.5615327148680656,rdkit2d,18
RF+LGBM,0.6347298087489228,0.04504380134493945,0.5614958404282602,rdkit2d,18
RF+SVM+kNN,0.6337421836614336,0.037205826388740634,0.5620191175630433,rdkit2d,18
RF+SVM,0.6336653665038642,0.03874901987225513,0.561234540005213,rdkit2d,18
RF+XGB+SVM,0.6323292580035853,0.03672725455571828,0.5606045492708377,rdkit2d,18
LGBM+XGB,0.6269094712219365,0.03637835372242488,0.5776176467226893,rdkit2d,18
RF+kNN,0.6212754038812035,0.04160780686273741,0.5722682781465712,rdkit2d,18
RF,0.6199236496083578,0.04294894143241847,0.572063100731169,rdkit2d,18
RF+XGB+kNN,0.6191291350295507,0.04063388234351013,0.5727381082560902,rdkit2d,18
RF+XGB,0.6150999255969177,0.042367866218148136,0.5747855904468413,rdkit2d,18
XGB+SVM+kNN,0.607986825282057,0.021017004379240912,0.595619124255502,rdkit2d,18
XGB+SVM,0.6073950508824926,0.024299644686188917,0.5937565646992802,rdkit2d,18
SVM+kNN,0.5893793412237065,0.022737239486557537,0.6266569895348236,rdkit2d,18
SVM,0.5846281696884912,0.013177094809222963,0.6263870982500104,rdkit2d,18
XGB+kNN,0.5825850569988923,0.027324598405552014,0.6194647743140069,rdkit2d,18
XGB,0.5426639820337266,0.03555535401846757,0.6231585196069165,rdkit2d,18
kNN,0.5201865413298776,0.0649880724313422,0.6815617733699173,rdkit2d,18
RF+ET+SVM,0.6951471319122107,0.05437890837908172,0.5190476105019857,rdkit2d,19
RF+ET+XGB,0.6949432161254142,0.05672008699409559,0.5193261547677,rdkit2d,19
ET+XGB+SVM,0.6945038985514405,0.05944739055666312,0.51696238009822,rdkit2d,19
RF+ET,0.6934158487609505,0.05467254444002378,0.5201518138578581,rdkit2d,19
ET+LGBM+XGB,0.6933498808945604,0.05741006800597303,0.5217960651055025,rdkit2d,19
RF+ET+LGBM,0.6928053400717793,0.053940693382112534,0.5239601912793027,rdkit2d,19
ET+LGBM+SVM,0.6927941957661098,0.05323063318255592,0.5223870372402788,rdkit2d,19
ET+XGB,0.6924417917491246,0.0599452725468071,0.5184643410486727,rdkit2d,19
ET,0.6916322410017088,0.06083943092652733,0.5135387288189833,rdkit2d,19
RF+ET+kNN,0.6910203051423445,0.05494363168526513,0.5231538886411038,rdkit2d,19
ET+XGB+kNN,0.6901706346136574,0.05965191670591335,0.5215515782170764,rdkit2d,19
ET+LGBM,0.6901044141845023,0.054640777951373856,0.5237783243469807,rdkit2d,19
ET+SVM,0.6895516244638883,0.05750795980130678,0.5198325492672918,rdkit2d,19
ET+LGBM+kNN,0.6876844766579189,0.05445961751791974,0.5267791697139461,rdkit2d,19
ET+SVM+kNN,0.6872319993344842,0.05636313381126395,0.5244990195493026,rdkit2d,19
ET+kNN,0.6856601772495992,0.05665251037243626,0.5243795134747182,rdkit2d,19
RF+XGB+SVM,0.6799096521449803,0.056002666825859616,0.5398603718488851,rdkit2d,19
RF+LGBM+SVM,0.6785133004678877,0.04900589909037188,0.5446412963859483,rdkit2d,19
RF+SVM,0.6760319811695104,0.050312926207353316,0.5445287088646921,rdkit2d,19
LGBM+XGB+SVM,0.6746807579188225,0.05419910315602752,0.5507064907751169,rdkit2d,19
RF+LGBM+XGB,0.6744125497797825,0.05479551618486925,0.5474046638847281,rdkit2d,19
RF+SVM+kNN,0.6739153707438706,0.05141767264936221,0.5474490328806234,rdkit2d,19
RF+LGBM,0.6713112009051796,0.04801414403787668,0.5522287841819741,rdkit2d,19
RF+LGBM+kNN,0.6709395828683131,0.049715014448502674,0.5535111232035638,rdkit2d,19
RF+XGB,0.669992134628623,0.05811688902492334,0.5444277430720098,rdkit2d,19
RF+XGB+kNN,0.6698185808337931,0.05919029048162837,0.5483091617044533,rdkit2d,19
RF,0.6676276131326194,0.055766048738659646,0.5459556216450854,rdkit2d,19
LGBM+XGB+kNN,0.6661232764256302,0.05591435580233357,0.5612277504412178,rdkit2d,19
RF+kNN,0.6657558065124041,0.05362620870982868,0.5509274712666621,rdkit2d,19
LGBM+SVM,0.6651614899257957,0.03933364821532474,0.5655686740274362,rdkit2d,19
LGBM+SVM+kNN,0.6646992467318082,0.04290330288177452,0.5661995924389983,rdkit2d,19
XGB+SVM+kNN,0.6641510628549194,0.06057788069725768,0.56096446984525,rdkit2d,19
XGB+SVM,0.6641221852756403,0.05985785685691352,0.5598522333165903,rdkit2d,19
LGBM+XGB,0.6636552852987452,0.05392206015782799,0.5641352737719405,rdkit2d,19
LGBM,0.6624473898411696,0.05302919643222301,0.5614973313875046,rdkit2d,19
LGBM+kNN,0.6537478282338632,0.04081767726661608,0.579986774177622,rdkit2d,19
XGB+kNN,0.6474339204367011,0.0654120469926314,0.5751371864174943,rdkit2d,19
XGB,0.6434986743619677,0.07515929244376397,0.5528661791960046,rdkit2d,19
SVM,0.6204825861841079,0.0569083722696586,0.588026313051977,rdkit2d,19
SVM+kNN,0.6182647672039241,0.04684923800598323,0.6106841980231834,rdkit2d,19
kNN,0.514493345024053,0.11353423685744528,0.6788752131216528,rdkit2d,19
ET,0.7032194009732159,0.058613766429657314,0.5137588182784086,rdkit2d,20
ET+LGBM+XGB,0.7024651346528711,0.06386644282039834,0.524408774179037,rdkit2d,20
ET+LGBM+SVM,0.7022704157484723,0.06422610821184813,0.5244872345511634,rdkit2d,20
ET+LGBM+kNN,0.7011245295750962,0.06449698755461301,0.5261748251899196,rdkit2d,20
ET+LGBM,0.7010909143494101,0.06332370862473335,0.5265270962612345,rdkit2d,20
RF+ET+LGBM,0.7001297158738208,0.06302872913202436,0.5253772800408423,rdkit2d,20
RF+ET+SVM,0.6998798714225329,0.061685495333428736,0.5243507807858566,rdkit2d,20
RF+ET+XGB,0.6991280910983138,0.05967897951809218,0.5244092230048172,rdkit2d,20
ET+SVM,0.699062736791108,0.06031775894699552,0.5284101080820651,rdkit2d,20
ET+SVM+kNN,0.6989561205761778,0.06172559313618003,0.5290678783518535,rdkit2d,20
RF+ET+kNN,0.6983663374315866,0.06009551013151008,0.5257054158375625,rdkit2d,20
RF+ET,0.6982203689257944,0.059229381246751714,0.5264932253661879,rdkit2d,20
ET+kNN,0.6977534324413768,0.05848557571005563,0.5307270871913337,rdkit2d,20
ET+XGB+SVM,0.6965514944069833,0.060967930783457865,0.5308929494815773,rdkit2d,20
ET+XGB+kNN,0.6944295916401393,0.05900699865203918,0.5342873204528668,rdkit2d,20
ET+XGB,0.6935267035312074,0.057258764754323885,0.5361292549511444,rdkit2d,20
RF+LGBM+SVM,0.6901493003669401,0.0682391763318373,0.5345056505554491,rdkit2d,20
RF+SVM+kNN,0.6856973565414817,0.06616346110151461,0.5379220152493718,rdkit2d,20
RF+SVM,0.6850063881806675,0.06623881621629334,0.5382445201743277,rdkit2d,20
RF+XGB+SVM,0.6847491397842591,0.06500517964671634,0.5370962638222231,rdkit2d,20
LGBM+XGB+SVM,0.6843393304993204,0.06834125907744953,0.5420699123543418,rdkit2d,20
LGBM+SVM+kNN,0.6842993140178122,0.07116918020500851,0.5447760417243593,rdkit2d,20
LGBM+SVM,0.6837036214652492,0.07016196241544943,0.5448883484677282,rdkit2d,20
RF+LGBM+kNN,0.6836553037980327,0.06940468946084412,0.542773856444391,rdkit2d,20
RF+LGBM+XGB,0.6832078530742624,0.06794584577304516,0.5408779034400663,rdkit2d,20
RF+LGBM,0.682198859405736,0.06783078512160035,0.5447593491581997,rdkit2d,20
LGBM+XGB+kNN,0.6763471850870274,0.06958186298754049,0.5548176862176936,rdkit2d,20
LGBM+kNN,0.6751858421440837,0.07249172412838853,0.5588745806993869,rdkit2d,20
RF+kNN,0.6738296852782131,0.06630185039478247,0.5484461813600399,rdkit2d,20
RF,0.6733662170943197,0.06453374944548351,0.5470453900791119,rdkit2d,20
LGBM,0.6722653599028082,0.07294226651105273,0.5512873883502382,rdkit2d,20
RF+XGB+kNN,0.6719029617787585,0.06523517954912562,0.5484616528483964,rdkit2d,20
LGBM+XGB,0.6709921135822868,0.06676157545203462,0.5612373867959153,rdkit2d,20
RF+XGB,0.6693390847281172,0.06356586531038778,0.5504629529919198,rdkit2d,20
XGB+SVM+kNN,0.6581184787239199,0.0702791176899363,0.5678358563098544,rdkit2d,20
XGB+SVM,0.6568550122803009,0.06893845517336102,0.5689285831977132,rdkit2d,20
SVM,0.6410279254600354,0.08224371483003515,0.5799029862012324,rdkit2d,20
SVM+kNN,0.6346360144747579,0.07783938796055345,0.5948772381294154,rdkit2d,20
XGB+kNN,0.6239950711647406,0.06550227221159467,0.602041759887841,rdkit2d,20
XGB,0.6095015527639737,0.06416833961081075,0.5930389685261697,rdkit2d,20
kNN,0.520480846291644,0.0864568579014752,0.6790160707368016,rdkit2d,20
ET+LGBM+SVM,0.6599572890655765,0.027270456433227903,0.5592680080862011,rdkit2d,21
ET+LGBM,0.6582967557397663,0.020662815195849202,0.5637794585124768,rdkit2d,21
ET+LGBM+kNN,0.657608308404076,0.022050584731050343,0.5649294695990021,rdkit2d,21
ET+LGBM+XGB,0.6548296977631682,0.026003851668258093,0.5607599973059285,rdkit2d,21
ET+SVM,0.6517151518686622,0.03465404063099526,0.557986188672591,rdkit2d,21
ET+SVM+kNN,0.6510599189292853,0.03431837996385961,0.5591231148099713,rdkit2d,21
ET,0.650994132754402,0.021564008121570978,0.5506736934633594,rdkit2d,21
RF+ET+LGBM,0.6508357382924638,0.027994233061052715,0.5629013995528627,rdkit2d,21
ET+XGB+SVM,0.6507684569761599,0.03786790448124576,0.5566783028619733,rdkit2d,21
LGBM+SVM,0.6504630223923695,0.03175891047245948,0.5804211640614145,rdkit2d,21
LGBM+XGB+SVM,0.6496467743599483,0.0342284014800026,0.5715329246505821,rdkit2d,21
LGBM+SVM+kNN,0.6495369673882152,0.030511526791164232,0.5814711685931268,rdkit2d,21
RF+ET+SVM,0.6487862863092563,0.038366581190236185,0.5577700898084976,rdkit2d,21
ET+kNN,0.6474631380917628,0.025233316294733122,0.5635836691163538,rdkit2d,21
ET+XGB+kNN,0.646479193867642,0.034218621266569514,0.5632860322854573,rdkit2d,21
RF+LGBM+SVM,0.6459774576687798,0.03768326416226507,0.5674219274400292,rdkit2d,21
ET+XGB,0.6459415752463455,0.03252024903591373,0.5628133891155278,rdkit2d,21
RF+ET,0.6449692922688625,0.03158936439586165,0.562687044560265,rdkit2d,21
RF+ET+kNN,0.6432182667936409,0.03204734789960682,0.5642810254542358,rdkit2d,21
LGBM+kNN,0.6421675916740304,0.023099631813060493,0.5969178696106084,rdkit2d,21
RF+ET+XGB,0.6420454333650439,0.03084407170774207,0.5641009774284026,rdkit2d,21
LGBM+XGB+kNN,0.641772222573063,0.030217760339823173,0.5869270558145574,rdkit2d,21
LGBM,0.641683223008647,0.01874277843900334,0.5883981562268366,rdkit2d,21
LGBM+XGB,0.6399899087516596,0.02781396892341097,0.5868590304227117,rdkit2d,21
RF+LGBM,0.6381157641095216,0.03266606045622171,0.5815694631913149,rdkit2d,21
RF+LGBM+kNN,0.6375220093598071,0.03186513636058713,0.5829994824763001,rdkit2d,21
RF+LGBM+XGB,0.6374357478033496,0.03150526075282725,0.578135536195804,rdkit2d,21
RF+XGB+SVM,0.6368889839513223,0.040941670903534136,0.5686371261884482,rdkit2d,21
RF+SVM,0.6356388663530117,0.045441398763815755,0.5705502861052839,rdkit2d,21
RF+SVM+kNN,0.6330062169938374,0.045386570828264174,0.5717581068417463,rdkit2d,21
XGB+SVM,0.6310413687072384,0.0475456245066195,0.5835959888978717,rdkit2d,21
XGB+SVM+kNN,0.6305648074517984,0.04606901603832523,0.58491542306779,rdkit2d,21
RF+XGB,0.6229767357409917,0.03704709849540532,0.5846282031598355,rdkit2d,21
RF+XGB+kNN,0.6227506471369816,0.03684867744385738,0.5854776903057504,rdkit2d,21
RF,0.6218963210751959,0.042641823658350286,0.5862693660993334,rdkit2d,21
RF+kNN,0.6190143525290434,0.040957671671890065,0.5910185406059084,rdkit2d,21
XGB+kNN,0.6075410848426872,0.047910781552533636,0.6144427072397691,rdkit2d,21
XGB,0.6004761477032575,0.046540092344629067,0.5932021078902151,rdkit2d,21
SVM+kNN,0.6000315562265307,0.05657605351903708,0.6189455906848066,rdkit2d,21
SVM,0.5985982121784901,0.06291737133372613,0.5989001124592007,rdkit2d,21
kNN,0.47834487666642184,0.05404562080944998,0.7223124610333885,rdkit2d,21
ET+LGBM+SVM,0.7134391674521179,0.04248623751596004,0.5315662531606578,rdkit2d,22
ET+LGBM,0.7099910216005997,0.046466697715117,0.5363904719654261,rdkit2d,22
RF+ET+LGBM,0.7097086539958108,0.04771636398250906,0.5328733140051088,rdkit2d,22
ET+LGBM+kNN,0.7093730937597066,0.041191166421907545,0.5376261951085216,rdkit2d,22
ET+LGBM+XGB,0.7084883613228602,0.04484349855305774,0.5373120149548398,rdkit2d,22
RF+LGBM+SVM,0.708409682737794,0.042382823292927294,0.5351747376118177,rdkit2d,22
LGBM+XGB+SVM,0.7068996930401151,0.038225466653233627,0.5425962257052745,rdkit2d,22
RF+ET+SVM,0.7057850721710068,0.045217039549603724,0.5252435117475404,rdkit2d,22
LGBM,0.7054923781497114,0.04309303706711366,0.5436768326801451,rdkit2d,22
LGBM+SVM,0.7048772012015025,0.03954463469099902,0.5480672526334097,rdkit2d,22
LGBM+SVM+kNN,0.7046511814193644,0.03707916622049933,0.5487321624547277,rdkit2d,22
ET+XGB+SVM,0.7044418509513927,0.04115779885484959,0.5326146398356025,rdkit2d,22
RF+LGBM+XGB,0.7021615248126006,0.04458637242610755,0.5467695680620556,rdkit2d,22
RF+LGBM,0.7020829574789839,0.04650334740994832,0.5451967542200776,rdkit2d,22
RF+LGBM+kNN,0.702004248956756,0.04008719979297201,0.5467205316108462,rdkit2d,22
RF+XGB+SVM,0.7018588287732301,0.04358272703619583,0.531934013088658,rdkit2d,22
RF+ET+XGB,0.7018373500045871,0.04729930953077455,0.5342684041460118,rdkit2d,22
RF+ET,0.700713319958157,0.05037544099791051,0.53220979502625,rdkit2d,22
LGBM+kNN,0.7004673027983646,0.03709595314573106,0.5572162305500689,rdkit2d,22
LGBM+XGB+kNN,0.7002199506952945,0.035932140065473406,0.5547331979109119,rdkit2d,22
RF+ET+kNN,0.699063573336635,0.04382403119059634,0.5355393108474967,rdkit2d,22
LGBM+XGB,0.6985479497724384,0.042678073505655,0.555716597475291,rdkit2d,22
RF+SVM,0.6980853958982849,0.04655252330569748,0.533451307516488,rdkit2d,22
ET+SVM,0.6979553824530442,0.045488308077232274,0.5379420372840362,rdkit2d,22
ET+XGB,0.697589746718432,0.046931202916442295,0.5410971891680602,rdkit2d,22
ET+XGB+kNN,0.6970921170383513,0.03937076026765437,0.5438362012540262,rdkit2d,22
ET+SVM+kNN,0.6964753222144486,0.04132082422390317,0.5401472709457777,rdkit2d,22
ET,0.6964073245373178,0.048211405858488016,0.5311001756039511,rdkit2d,22
RF+SVM+kNN,0.6958859782269533,0.045717677912228444,0.5361223735777443,rdkit2d,22
ET+kNN,0.691177845704764,0.04321145948379339,0.5454885236749933,rdkit2d,22
XGB+SVM,0.6900291425212763,0.038253557118305616,0.5505977273573085,rdkit2d,22
XGB+SVM+kNN,0.6888143233874475,0.03577306374732473,0.55267093269931,rdkit2d,22
RF+XGB,0.6877804113993019,0.05032354140247702,0.5489091151054374,rdkit2d,22
RF+XGB+kNN,0.6866688784043987,0.0412908217782527,0.5522565009503699,rdkit2d,22
RF,0.685772072841875,0.05646073581351818,0.5440385511248229,rdkit2d,22
RF+kNN,0.6814854682209862,0.04609561098314179,0.5524679402262732,rdkit2d,22
XGB+kNN,0.664367458239931,0.03545848454889084,0.5858926776119004,rdkit2d,22
XGB,0.661278010161192,0.05140367069898225,0.57095198180076,rdkit2d,22
SVM,0.6549332556302254,0.047924738705309,0.5777782265516246,rdkit2d,22
SVM+kNN,0.6497785013938671,0.0328089318236307,0.5945382619160829,rdkit2d,22
kNN,0.5205450449846765,0.04559133049200884,0.6984445011272726,rdkit2d,22
ET+LGBM+SVM,0.6420014588430649,0.09121985414992119,0.5533887368922107,rdkit2d,23
ET+SVM+kNN,0.6397810074038718,0.09797259047683685,0.5501953398915634,rdkit2d,23
ET+SVM,0.6394929469366356,0.09767362539897591,0.5518487115383641,rdkit2d,23
RF+ET+SVM,0.6387508920719416,0.10085873759167244,0.5519670106145419,rdkit2d,23
RF+ET+LGBM,0.638667702989524,0.09912386558193301,0.5518810548902734,rdkit2d,23
ET+LGBM,0.6370623772337835,0.0941305537210475,0.5553198021595825,rdkit2d,23
ET+LGBM+kNN,0.6366735682549972,0.0950270271716581,0.5548722071186556,rdkit2d,23
ET+LGBM+XGB,0.6344469308012786,0.09533522928751141,0.5566776772465623,rdkit2d,23
ET+XGB+SVM,0.6341684865004618,0.09642519082351922,0.5569911550236534,rdkit2d,23
RF+ET,0.6331872182452292,0.10417527646251147,0.5514589499690169,rdkit2d,23
RF+ET+kNN,0.6331302675155318,0.10547001054194553,0.5503058975828795,rdkit2d,23
RF+LGBM+SVM,0.6326507346511991,0.09313080806188982,0.5688247344212667,rdkit2d,23
RF+ET+XGB,0.6320702050699255,0.10389589613550596,0.5524319588196113,rdkit2d,23
LGBM+SVM,0.6320199357339769,0.08116622498008934,0.5793625324210049,rdkit2d,23
LGBM+SVM+kNN,0.6312031114131438,0.08170660262085812,0.5795095290882685,rdkit2d,23
LGBM+XGB+SVM,0.6285483238314141,0.08375064192175828,0.5791410778623195,rdkit2d,23
ET+kNN,0.6283069464780119,0.10555853559979846,0.5527032122033281,rdkit2d,23
ET,0.6281355800239354,0.10699435552513528,0.5450013960974629,rdkit2d,23
ET+XGB+kNN,0.6263794434499399,0.10033921712737705,0.5564333129358323,rdkit2d,23
ET+XGB,0.6256269760583673,0.10034589317181247,0.55781702156447,rdkit2d,23
RF+SVM+kNN,0.6213475260077098,0.10205548179235673,0.5705099141480066,rdkit2d,23
RF+LGBM+kNN,0.621152280606742,0.09488665728278636,0.5762479361757464,rdkit2d,23
RF+SVM,0.6207229061817976,0.100238303168415,0.5730703424037513,rdkit2d,23
RF+LGBM,0.6204784214352697,0.09484509956567758,0.5770723732937675,rdkit2d,23
RF+XGB+SVM,0.6203743139909553,0.0996864757692644,0.5741929042409833,rdkit2d,23
RF+LGBM+XGB,0.6197035771715043,0.09549889731403781,0.5765578484325194,rdkit2d,23
LGBM+kNN,0.615792618311233,0.08314649155183816,0.5931302266600877,rdkit2d,23
LGBM+XGB+kNN,0.6137828636437112,0.08474311454288891,0.5907209751273219,rdkit2d,23
LGBM,0.6132142616721282,0.09085592737771941,0.5860116998753393,rdkit2d,23
LGBM+XGB,0.6121048651019514,0.0857717974301515,0.5918597952164567,rdkit2d,23
XGB+SVM,0.6065454960695813,0.08524832837300067,0.5946050389363267,rdkit2d,23
XGB+SVM+kNN,0.6061367642355008,0.08488115826536143,0.5949565332788322,rdkit2d,23
RF,0.5972271556948814,0.10602189266063962,0.5838413050694774,rdkit2d,23
RF+XGB+kNN,0.5969185655954103,0.10652476059552746,0.5883912314823532,rdkit2d,23
RF+XGB,0.594883419200608,0.10793801509625274,0.5880638066306227,rdkit2d,23
RF+kNN,0.5946689176057592,0.10918937794309176,0.5892215714205506,rdkit2d,23
SVM,0.5889605021908575,0.08370008878121979,0.6073912968943973,rdkit2d,23
SVM+kNN,0.5851060759703993,0.07368542450437238,0.6230324930706331,rdkit2d,23
XGB+kNN,0.5683768759793539,0.08293529455042044,0.6290367610529766,rdkit2d,23
XGB,0.5562400580253685,0.09872284319142915,0.6096024137880716,rdkit2d,23
kNN,0.4352779293301762,0.10595278245552942,0.749301035378843,rdkit2d,23
RF+ET+LGBM,0.6463686297714943,0.03664750767318724,0.5658318951117081,rdkit2d,24
RF+ET+XGB,0.6442889175514821,0.03715092334414197,0.558839097558484,rdkit2d,24
RF+ET,0.6422241001255443,0.03805391251801994,0.5652855108301059,rdkit2d,24
RF+ET+SVM,0.6410214444827901,0.03810856950343828,0.5670583792318845,rdkit2d,24
ET+LGBM+XGB,0.6409577056546993,0.041353559593274164,0.5686872156098406,rdkit2d,24
RF+ET+kNN,0.6400754151021127,0.035092620792764456,0.5690153175214371,rdkit2d,24
RF+LGBM+XGB,0.6395716066583566,0.03082796733523612,0.576710695566725,rdkit2d,24
RF+LGBM+SVM,0.6387062188108811,0.03278345343654454,0.5793766102968941,rdkit2d,24
RF+LGBM,0.6381419399214042,0.030397308047587866,0.5841428459096385,rdkit2d,24
ET+LGBM,0.6380532465721667,0.041983432732815545,0.5761279760582328,rdkit2d,24
ET+LGBM+SVM,0.6367017144050174,0.039898315654289446,0.5760734459156954,rdkit2d,24
ET+XGB,0.6363910529257687,0.0437952447377883,0.5692764102340382,rdkit2d,24
ET+LGBM+kNN,0.636163059967029,0.03906547554904028,0.5785083468130409,rdkit2d,24
ET+XGB+SVM,0.6357089952619867,0.040876751738133356,0.569929748109442,rdkit2d,24
RF+XGB+SVM,0.6355126729795251,0.03359873175050785,0.5731771827892457,rdkit2d,24
RF+LGBM+kNN,0.6350959513671676,0.02673676995661185,0.5889310045439846,rdkit2d,24
ET+XGB+kNN,0.6344351793005931,0.04077205170320773,0.572346664344486,rdkit2d,24
RF+SVM,0.6328561569885172,0.036808269615386975,0.5806341448601472,rdkit2d,24
RF+SVM+kNN,0.6318632236378849,0.03563032811887605,0.5826879661242687,rdkit2d,24
RF+XGB,0.631787422325204,0.033918337285770955,0.5781822092364692,rdkit2d,24
RF,0.6316013139861568,0.035251849204545174,0.5758294743982653,rdkit2d,24
LGBM+XGB+SVM,0.6312922456960676,0.03491391165896707,0.5876130794445458,rdkit2d,24
RF+XGB+kNN,0.6286703480837024,0.030096628526091566,0.5831990745939516,rdkit2d,24
LGBM+XGB,0.6283115744419059,0.035388182882203,0.6012316734011878,rdkit2d,24
LGBM+XGB+kNN,0.6267926955372193,0.031996764646019304,0.600863370918282,rdkit2d,24
ET+SVM,0.6266740890298532,0.04299863402427519,0.5814350782155684,rdkit2d,24
ET+SVM+kNN,0.6257917174533058,0.04184148655875364,0.5833750931715052,rdkit2d,24
RF+kNN,0.62382339301705,0.030045271962434998,0.5918007578356368,rdkit2d,24
ET+kNN,0.6227627502097326,0.04345892404880004,0.5840108359565618,rdkit2d,24
LGBM+SVM,0.6222187887653965,0.033717721068920216,0.6017657039079914,rdkit2d,24
XGB+SVM,0.6217636944790341,0.03789187923473562,0.5938219953313475,rdkit2d,24
ET,0.6215437253616585,0.056631139527461336,0.5654779376135174,rdkit2d,24
LGBM+SVM+kNN,0.6203254165838141,0.033751910898806484,0.6040408671602918,rdkit2d,24
XGB+SVM+kNN,0.619660027431979,0.03773582837891708,0.5973432389967048,rdkit2d,24
LGBM,0.6188186136745177,0.045524043724726675,0.591939061413644,rdkit2d,24
XGB,0.613966648460063,0.0531825335502612,0.5894111897095691,rdkit2d,24
LGBM+kNN,0.6139269823851526,0.0294527897904832,0.6199086053573624,rdkit2d,24
XGB+kNN,0.6062417118586706,0.035764658771904545,0.6179312101112816,rdkit2d,24
SVM,0.5749604874664784,0.04683438779022324,0.6258841644245183,rdkit2d,24
SVM+kNN,0.5727250804651371,0.04004765365620347,0.642474167419641,rdkit2d,24
kNN,0.43295137301200964,0.05381016005138086,0.7298138384628099,rdkit2d,24
RF+ET+SVM,0.7115931604575859,0.07243346657321637,0.49982085625487427,rdkit2d_fp,0
RF+ET+LGBM,0.7105547122676554,0.06762772281271036,0.5023875363874797,rdkit2d_fp,0
ET+LGBM+SVM,0.7103514777576745,0.07501260256807364,0.49927338117214637,rdkit2d_fp,0
RF+ET,0.708669415254089,0.06777382975466222,0.5062338363309741,rdkit2d_fp,0
RF+ET+XGB,0.7084431638986726,0.06790802587718625,0.5073510074951063,rdkit2d_fp,0
RF+ET+kNN,0.7072122598333889,0.06800270640897717,0.49989750950319223,rdkit2d_fp,0
ET+LGBM+XGB,0.7071139684098746,0.07106914706816664,0.5037570861553178,rdkit2d_fp,0
ET+XGB+SVM,0.7060913843464556,0.07215640203117492,0.50416227421687,rdkit2d_fp,0
ET+LGBM,0.7048522998633783,0.0708634842269627,0.5059740082689419,rdkit2d_fp,0
ET+LGBM+kNN,0.7048217027668849,0.0721916985548413,0.5014647328024238,rdkit2d_fp,0
ET+XGB+kNN,0.7042772444949887,0.07322979630281315,0.5041428601354211,rdkit2d_fp,0
ET+XGB,0.7035648189416982,0.07174126072987275,0.5097285892550834,rdkit2d_fp,0
RF+LGBM+SVM,0.7034492966882793,0.07160540612201273,0.5109118432125579,rdkit2d_fp,0
ET+SVM,0.7026591343149674,0.074579066749056,0.5075888345725875,rdkit2d_fp,0
ET+SVM+kNN,0.7019990375836999,0.07576530878005988,0.5059113108929238,rdkit2d_fp,0
RF+XGB+SVM,0.7018403320016067,0.07076872674082806,0.5128293696171591,rdkit2d_fp,0
RF+SVM,0.7007573850164655,0.07173691861543816,0.512367639222311,rdkit2d_fp,0
RF+SVM+kNN,0.6971140426007042,0.07369963786869181,0.512381214127935,rdkit2d_fp,0
LGBM+XGB+SVM,0.6962575430354595,0.0770991752429479,0.5180760481424204,rdkit2d_fp,0
ET+kNN,0.695653109570366,0.07488068697338136,0.5145143980504044,rdkit2d_fp,0
RF+LGBM+XGB,0.6926396713182391,0.06224317508070584,0.5260964098340948,rdkit2d_fp,0
ET,0.6918601473159324,0.07811075044105355,0.5031658080919732,rdkit2d_fp,0
LGBM+SVM+kNN,0.6907058031660177,0.07862699938442384,0.5204851095174927,rdkit2d_fp,0
RF+LGBM+kNN,0.6900956299997707,0.0641149746713428,0.5218501263969391,rdkit2d_fp,0
RF+LGBM,0.6899946727705462,0.06205466770682157,0.527310416814566,rdkit2d_fp,0
LGBM+SVM,0.6896154118851371,0.07839015086578943,0.527544515064114,rdkit2d_fp,0
RF,0.689297594832748,0.06353379831144727,0.5244352045495188,rdkit2d_fp,0
RF+XGB,0.6886108469333445,0.06211264904651688,0.5319449494863321,rdkit2d_fp,0
RF+XGB+kNN,0.6874837662184786,0.06326149993806582,0.5250933312869801,rdkit2d_fp,0
XGB+SVM+kNN,0.6848629648324976,0.07661200740663282,0.5284329491769272,rdkit2d_fp,0
RF+kNN,0.6843435418782982,0.06385624961508225,0.527825234178039,rdkit2d_fp,0
XGB+SVM,0.6811857185374551,0.07745659875848222,0.5338653521454926,rdkit2d_fp,0
LGBM+XGB+kNN,0.6802565043165643,0.07236676988192123,0.5355176998964666,rdkit2d_fp,0
LGBM+XGB,0.6754190838446341,0.07102982561283229,0.5423522852989079,rdkit2d_fp,0
LGBM+kNN,0.6685893767297213,0.07225243941936799,0.5473686982384197,rdkit2d_fp,0
LGBM,0.668350291452988,0.07381349972951605,0.5437330823755909,rdkit2d_fp,0
XGB+kNN,0.6678367658838953,0.07482463363952968,0.5538928016975648,rdkit2d_fp,0
XGB,0.6669878021035263,0.074078376978419,0.5324445286813191,rdkit2d_fp,0
SVM,0.6599381129973102,0.07700201821279763,0.5572047748016157,rdkit2d_fp,0
SVM+kNN,0.6592024425239383,0.08586547805539735,0.5559084878488418,rdkit2d_fp,0
kNN,0.5397785752784667,0.08712106929546458,0.6508296971304655,rdkit2d_fp,0
ET+SVM+kNN,0.7236182188453066,0.0434302822794628,0.5046057021888702,rdkit2d_fp,1
ET+LGBM+SVM,0.7231077155738819,0.05162515149551949,0.5025326419373191,rdkit2d_fp,1
ET+XGB+SVM,0.7198323908895428,0.050046226160511194,0.5047798588781174,rdkit2d_fp,1
RF+ET+SVM,0.7190739505604921,0.06770124966745299,0.5039186468809342,rdkit2d_fp,1
LGBM+XGB+SVM,0.7189926696773119,0.06047441294819075,0.5152772765556292,rdkit2d_fp,1
ET+LGBM+kNN,0.7177543817038993,0.05479241552985953,0.5056637037321885,rdkit2d_fp,1
LGBM+SVM+kNN,0.7172290514710433,0.06050933734278767,0.5160260953508892,rdkit2d_fp,1
ET+SVM,0.7171316397903189,0.044140964739732606,0.5099490072234286,rdkit2d_fp,1
XGB+SVM+kNN,0.7169471605195378,0.0525667956473295,0.5199577797628742,rdkit2d_fp,1
RF+SVM+kNN,0.7169417752478793,0.07387351776224783,0.513506800352244,rdkit2d_fp,1
RF+SVM,0.7163977554501857,0.07455405558808641,0.5161544814773937,rdkit2d_fp,1
LGBM+SVM,0.7160075704588138,0.06269936926028499,0.5182224741262206,rdkit2d_fp,1
ET+XGB+kNN,0.7160029057514111,0.051956302124150304,0.5075437670688663,rdkit2d_fp,1
ET+kNN,0.7145471754353148,0.045212857211073605,0.5106445133536862,rdkit2d_fp,1
XGB+SVM,0.7140437216538645,0.05413892621599051,0.5233851339726115,rdkit2d_fp,1
ET+LGBM+XGB,0.7127935498557509,0.055222994213678864,0.5087403137797329,rdkit2d_fp,1
RF+ET+kNN,0.7126748590263868,0.0728162991528855,0.5055816165645891,rdkit2d_fp,1
ET+LGBM,0.7122508130250449,0.0543054861364241,0.5087448271491362,rdkit2d_fp,1
RF+LGBM+SVM,0.7121938133369663,0.07540131358522748,0.5174926453941892,rdkit2d_fp,1
RF+XGB+SVM,0.7109418542258117,0.07451845449879298,0.5211056952279708,rdkit2d_fp,1
ET+XGB,0.7080450533163521,0.051671563387120464,0.5135019737213149,rdkit2d_fp,1
RF+ET,0.707657024545939,0.07239866996492195,0.5093394750407823,rdkit2d_fp,1
RF+ET+LGBM,0.7074690343605574,0.07054485380630596,0.5110146864097274,rdkit2d_fp,1
RF+ET+XGB,0.706441927423036,0.070222636061618,0.5118931049945044,rdkit2d_fp,1
LGBM+XGB+kNN,0.7026471371152466,0.06515946709820818,0.5220646316268669,rdkit2d_fp,1
SVM+kNN,0.6976829712319541,0.048250187066542216,0.5471660964334192,rdkit2d_fp,1
XGB+kNN,0.6968424390294451,0.056356311795980954,0.5380140269950651,rdkit2d_fp,1
RF+kNN,0.6957516549753879,0.08756042982697178,0.5278952572619646,rdkit2d_fp,1
RF+LGBM+kNN,0.6948317264471063,0.08483577124691552,0.5266496942112278,rdkit2d_fp,1
RF+XGB+kNN,0.694291587850115,0.0850421619561833,0.5301263000829795,rdkit2d_fp,1
SVM,0.6938301743525764,0.045522207987278795,0.5555444171633633,rdkit2d_fp,1
LGBM+kNN,0.692604697620971,0.073100065200186,0.5349179152704487,rdkit2d_fp,1
ET,0.692390704935965,0.0468759217769854,0.5217938733252236,rdkit2d_fp,1
LGBM+XGB,0.6861425224618056,0.07193262827248705,0.5377012505122567,rdkit2d_fp,1
RF+LGBM,0.6837004167301297,0.08782584409014833,0.534276642058477,rdkit2d_fp,1
RF+LGBM+XGB,0.6833287029885415,0.08740592491757511,0.5353389215239048,rdkit2d_fp,1
RF+XGB,0.6814977893423246,0.08950016741398185,0.5387999093855981,rdkit2d_fp,1
RF,0.6813422348067688,0.09216200793603321,0.5376829300046281,rdkit2d_fp,1
LGBM,0.6710380180884998,0.08285818634664854,0.5466130524536627,rdkit2d_fp,1
XGB,0.6701220848460734,0.07184109144847325,0.5484733709507723,rdkit2d_fp,1
kNN,0.6161277974413939,0.06171091285829148,0.6167933845533884,rdkit2d_fp,1
ET+LGBM+kNN,0.7211868224817998,0.03953796066369467,0.4871461155390282,rdkit2d_fp,2
ET+LGBM+XGB,0.7197322408800051,0.04026010447384849,0.4872563674739169,rdkit2d_fp,2
ET+XGB+kNN,0.7185086340405396,0.04850561012580905,0.48337743558928326,rdkit2d_fp,2
ET+XGB,0.717835619573448,0.045787308892527294,0.48325926607020014,rdkit2d_fp,2
ET+LGBM,0.7177909660014479,0.03744153778191836,0.49135866998611205,rdkit2d_fp,2
RF+ET+LGBM,0.717038426434218,0.03571240225017235,0.49093461066994803,rdkit2d_fp,2
RF+ET+XGB,0.7165546430178026,0.03980584998642632,0.48541879097223084,rdkit2d_fp,2
RF+ET+kNN,0.7154648953639364,0.03964816398269067,0.4898643109366379,rdkit2d_fp,2
RF+ET,0.7135070910316863,0.035608399759397134,0.4896692614367576,rdkit2d_fp,2
ET+LGBM+SVM,0.7123350223873711,0.029594381585870758,0.5016506673866594,rdkit2d_fp,2
ET+kNN,0.7103369614917795,0.04876057877721277,0.4909770703422665,rdkit2d_fp,2
RF+ET+SVM,0.7072485955046315,0.03197686202154837,0.5050388427685583,rdkit2d_fp,2
ET,0.7064729348232781,0.037841997343811454,0.4890923656659254,rdkit2d_fp,2
ET+XGB+SVM,0.7064527519589012,0.03809444616790273,0.5036721040823989,rdkit2d_fp,2
ET+SVM+kNN,0.7024302539660267,0.04222030848779897,0.506731624013173,rdkit2d_fp,2
RF+LGBM+SVM,0.7016615823653223,0.027011089506876744,0.5209218481541784,rdkit2d_fp,2
RF+LGBM+kNN,0.6998844953760252,0.03427738002663612,0.5189303593973907,rdkit2d_fp,2
LGBM+XGB+kNN,0.6998280182770227,0.041844314997204354,0.520657585017623,rdkit2d_fp,2
ET+SVM,0.6995918540178325,0.037073472743562146,0.5121923212310351,rdkit2d_fp,2
LGBM+XGB+SVM,0.6994929423354166,0.029682306119830432,0.5249018974991706,rdkit2d_fp,2
LGBM+SVM+kNN,0.6982692792366628,0.029872337325741193,0.5238454534364545,rdkit2d_fp,2
RF+XGB+kNN,0.6975155897826584,0.041132229484227165,0.5152822352139259,rdkit2d_fp,2
RF+SVM+kNN,0.6970017714779272,0.03336038688156704,0.5206267249410367,rdkit2d_fp,2
RF+SVM,0.6961184262972859,0.0305504392731745,0.5245048127726819,rdkit2d_fp,2
RF+XGB+SVM,0.6960329277581504,0.03654350927924195,0.5218514589781493,rdkit2d_fp,2
LGBM+SVM,0.6951553710903333,0.02608159344728196,0.5305417199341156,rdkit2d_fp,2
RF+LGBM+XGB,0.6925932810508735,0.03749360802497646,0.5241807562946847,rdkit2d_fp,2
RF+kNN,0.6910569669939219,0.034135104477757645,0.5241288996579387,rdkit2d_fp,2
RF+LGBM,0.6905808805490771,0.0345314972576704,0.5279120663661904,rdkit2d_fp,2
RF+XGB,0.689968425306741,0.04022095798229898,0.5220540066126791,rdkit2d_fp,2
LGBM+kNN,0.6896014301842724,0.03923787040825415,0.5355197133603202,rdkit2d_fp,2
LGBM+XGB,0.6874252909742669,0.04219243272744422,0.5398562729801215,rdkit2d_fp,2
XGB+SVM+kNN,0.6869763464322712,0.04491105330897902,0.531579293515498,rdkit2d_fp,2
XGB+kNN,0.6860707852659017,0.050359196023390625,0.5280603961843224,rdkit2d_fp,2
RF,0.6849850682558263,0.03206972431965962,0.5276448122742237,rdkit2d_fp,2
XGB,0.681723747547937,0.04413870211081017,0.5279184217237503,rdkit2d_fp,2
XGB+SVM,0.6804082792804853,0.04305088510276592,0.5416783997739057,rdkit2d_fp,2
LGBM,0.679155434403827,0.03269993120319687,0.5442027463648191,rdkit2d_fp,2
SVM,0.654127001756982,0.04261401097777742,0.5795696526115415,rdkit2d_fp,2
SVM+kNN,0.6452691807984552,0.05836960034861036,0.5760545814986023,rdkit2d_fp,2
kNN,0.5656764446504415,0.06940157047680966,0.6314977105996694,rdkit2d_fp,2
ET+LGBM+SVM,0.715519207374365,0.04745154419639233,0.5062755726527478,rdkit2d_fp,3
ET+LGBM,0.7150986149204117,0.05007813886105048,0.49845131957061034,rdkit2d_fp,3
ET+LGBM+XGB,0.7144231427303691,0.05132277764571041,0.49769378761783695,rdkit2d_fp,3
RF+ET+LGBM,0.7133078088487231,0.05054155237746288,0.5000900573254671,rdkit2d_fp,3
ET+LGBM+kNN,0.7113327589906876,0.05553000835173564,0.4996173135284578,rdkit2d_fp,3
ET+XGB+SVM,0.7108076535682499,0.054243912870074136,0.5060731956857609,rdkit2d_fp,3
RF+ET+SVM,0.7083193317843441,0.054429167851783956,0.5103450750684922,rdkit2d_fp,3
RF+LGBM+SVM,0.7078735189661358,0.04243269403932095,0.5216935782378853,rdkit2d_fp,3
LGBM+XGB+SVM,0.7063695487018263,0.040974172828410795,0.5223255634302342,rdkit2d_fp,3
RF+ET+XGB,0.7059596985673222,0.05486780588570932,0.505046219484088,rdkit2d_fp,3
ET+XGB,0.7048387022290334,0.05876211112695928,0.5026142263065907,rdkit2d_fp,3
RF+XGB+SVM,0.7047963065606384,0.047744681525453456,0.5246344771702363,rdkit2d_fp,3
ET+XGB+kNN,0.7036434383279901,0.0634861799866079,0.5002643435119764,rdkit2d_fp,3
RF+ET,0.7033971646331516,0.05568405415430237,0.5096411301781648,rdkit2d_fp,3
LGBM+SVM,0.7019159887631521,0.03814160734722288,0.5262975354961983,rdkit2d_fp,3
RF+ET+kNN,0.7013175512737891,0.06117505577183679,0.5084643058192991,rdkit2d_fp,3
LGBM+SVM+kNN,0.7003040080221855,0.04147654069637087,0.5229221417550793,rdkit2d_fp,3
RF+LGBM+XGB,0.7000757675081299,0.037312169347913336,0.515845506960861,rdkit2d_fp,3
RF+LGBM,0.6994208429301101,0.036088532402261626,0.5165681161143455,rdkit2d_fp,3
XGB+SVM,0.6986284077386145,0.045875671418118005,0.5324481708878176,rdkit2d_fp,3
RF+LGBM+kNN,0.6983299397877831,0.048719700600416874,0.5158318126579448,rdkit2d_fp,3
ET+SVM,0.6983211541159948,0.05705412818329202,0.5169241132844602,rdkit2d_fp,3
XGB+SVM+kNN,0.697940103627675,0.04850308448588381,0.527816175120354,rdkit2d_fp,3
RF+SVM,0.6974981048782649,0.0504326953709081,0.5329834368638205,rdkit2d_fp,3
ET+SVM+kNN,0.6962261609013229,0.058729330365703394,0.5157359860464392,rdkit2d_fp,3
LGBM+XGB+kNN,0.69594508859246,0.050343608949320155,0.5193041093567515,rdkit2d_fp,3
RF+SVM+kNN,0.6957081216949244,0.05120226462411047,0.5292704868490785,rdkit2d_fp,3
LGBM+XGB,0.694924337916881,0.03518448876659569,0.5268018539502467,rdkit2d_fp,3
RF+XGB+kNN,0.6926819603351267,0.05192509675892901,0.5212731517357674,rdkit2d_fp,3
RF+XGB,0.6914633104886885,0.04187599664826537,0.5267772685010742,rdkit2d_fp,3
LGBM+kNN,0.6907393481757935,0.04549455349520384,0.5282204068436793,rdkit2d_fp,3
LGBM,0.6896185000586532,0.032102289120738536,0.5261799448729639,rdkit2d_fp,3
XGB,0.6870496785747843,0.04486950543591146,0.5263808333204051,rdkit2d_fp,3
ET+kNN,0.6870346657704853,0.07053143784969179,0.5164071945906137,rdkit2d_fp,3
XGB+kNN,0.6863036929088995,0.0548276601048944,0.5331213321420316,rdkit2d_fp,3
ET,0.685805955950092,0.0625955073087855,0.5146508743843805,rdkit2d_fp,3
RF+kNN,0.6846503625224954,0.05427178805156361,0.5304535298959118,rdkit2d_fp,3
RF,0.6826845301675706,0.03806158407935516,0.5349429007382153,rdkit2d_fp,3
SVM,0.6500606387029577,0.02815337731237858,0.5731863235986598,rdkit2d_fp,3
SVM+kNN,0.6453437580441074,0.04796527206275402,0.5719386279260432,rdkit2d_fp,3
kNN,0.5406923053525605,0.06359256862152216,0.6576683051563637,rdkit2d_fp,3
RF+XGB+SVM,0.706613490143544,0.05840094495164649,0.5489053624871983,rdkit2d_fp,4
RF+ET+SVM,0.7059974844099324,0.054927492126645425,0.5450372084489169,rdkit2d_fp,4
RF+SVM,0.7042084294600871,0.05818382535850741,0.548114220034809,rdkit2d_fp,4
RF+LGBM+SVM,0.7035819140969191,0.05688118106700643,0.5492570622941442,rdkit2d_fp,4
ET+XGB+SVM,0.7016961315710948,0.057421676277068526,0.5459932812420379,rdkit2d_fp,4
RF+SVM+kNN,0.7016423779851626,0.06195340827699165,0.5492069317083232,rdkit2d_fp,4
ET+LGBM+SVM,0.69712419129458,0.05456624889702206,0.5538894668769218,rdkit2d_fp,4
LGBM+XGB+SVM,0.6967378572219542,0.06016348186974778,0.5564878901121534,rdkit2d_fp,4
RF+ET+XGB,0.6965539411869127,0.0465377460714853,0.5428370126387488,rdkit2d_fp,4
XGB+SVM+kNN,0.6942263530594901,0.0684760387171644,0.5567524123141312,rdkit2d_fp,4
LGBM+SVM+kNN,0.6937606447107784,0.06089143574879937,0.5580298501818342,rdkit2d_fp,4
RF+ET+kNN,0.6936964250098415,0.05513587350199706,0.5449777979651783,rdkit2d_fp,4
RF+ET+LGBM,0.692683155349952,0.04320361156438083,0.5447498935769847,rdkit2d_fp,4
ET+SVM+kNN,0.6924916918013097,0.06125085591223885,0.5535797924609311,rdkit2d_fp,4
RF+ET,0.6921240438093434,0.044618426710223535,0.5424790708950044,rdkit2d_fp,4
ET+XGB+kNN,0.6912342135381497,0.05975308884571525,0.5486705573122743,rdkit2d_fp,4
LGBM+SVM,0.6908337672216629,0.05957489713866587,0.5627013406109465,rdkit2d_fp,4
ET+LGBM+XGB,0.6902883138874464,0.04347805826596102,0.5500458413256432,rdkit2d_fp,4
RF+LGBM+XGB,0.6898148308261979,0.04413909160759297,0.5555470996741827,rdkit2d_fp,4
XGB+SVM,0.6891865482594872,0.06809792618014901,0.5636017508127078,rdkit2d_fp,4
ET+SVM,0.6886272752548578,0.05986898724373875,0.5582588815745959,rdkit2d_fp,4
RF+LGBM+kNN,0.6874490949080423,0.05573842750824929,0.5547337169954585,rdkit2d_fp,4
RF+XGB+kNN,0.6873172412874343,0.059459260168394264,0.5552154662803558,rdkit2d_fp,4
ET+LGBM+kNN,0.6860942076730104,0.05335915450132629,0.5536618792155215,rdkit2d_fp,4
ET+XGB,0.6859942713533735,0.04543082240119802,0.5498980939405405,rdkit2d_fp,4
RF+XGB,0.6843563272364055,0.046945419413440444,0.5570802167117277,rdkit2d_fp,4
RF+LGBM,0.6843498047460469,0.04168934884133937,0.5569488844418262,rdkit2d_fp,4
RF+kNN,0.6837327046768429,0.05692236615602251,0.5564584018985607,rdkit2d_fp,4
ET+LGBM,0.6835143860687221,0.04039819464455527,0.5519746691313683,rdkit2d_fp,4
RF,0.6807371173485358,0.04480063160930636,0.553599603860504,rdkit2d_fp,4
LGBM+XGB+kNN,0.6806678111200657,0.05832181944472575,0.5661696686871516,rdkit2d_fp,4
ET+kNN,0.6802905038578684,0.05681907126367263,0.5587280607992533,rdkit2d_fp,4
SVM,0.6762059445569537,0.058929662891191496,0.5841769640309754,rdkit2d_fp,4
LGBM+kNN,0.6728093372143258,0.053310807658620264,0.5734694907428471,rdkit2d_fp,4
LGBM+XGB,0.6701287420114512,0.045110039064009774,0.57664304321831,rdkit2d_fp,4
SVM+kNN,0.6691948816433246,0.07426979055996936,0.5886647577129838,rdkit2d_fp,4
XGB+kNN,0.6667716076799906,0.0653488619824288,0.5770095092318813,rdkit2d_fp,4
ET,0.6560628217387411,0.05086240769609613,0.5525045112086117,rdkit2d_fp,4
LGBM,0.656016857250717,0.03981657073588021,0.5817888100098126,rdkit2d_fp,4
XGB,0.6383615431234257,0.06512580585808735,0.5769582997189249,rdkit2d_fp,4
kNN,0.5799711596299245,0.06494926314706777,0.6531941379755372,rdkit2d_fp,4
ET+LGBM+SVM,0.7262906795805362,0.03463271100280283,0.4981197902681407,rdkit2d_fp,5
RF+ET+SVM,0.7261773455062481,0.03077333735535217,0.4985360902836722,rdkit2d_fp,5
ET+XGB+SVM,0.721853013170512,0.039313990447744404,0.5040856364071515,rdkit2d_fp,5
ET+SVM,0.7210662603417413,0.03559265388829323,0.5060599167722903,rdkit2d_fp,5
RF+LGBM+SVM,0.7210524127775703,0.030169154171571996,0.5063841209646689,rdkit2d_fp,5
RF+SVM,0.71787012435002,0.026693962484415083,0.5132706264908371,rdkit2d_fp,5
LGBM+XGB+SVM,0.7170842983093975,0.031415251324783615,0.5151136302387609,rdkit2d_fp,5
RF+XGB+SVM,0.7164884996031882,0.029421457394151307,0.517429156858501,rdkit2d_fp,5
LGBM+SVM,0.7155851424314889,0.029234698042857925,0.5143239016422192,rdkit2d_fp,5
ET+SVM+kNN,0.7115970134700014,0.04821022308161809,0.510440229033969,rdkit2d_fp,5
RF+ET+LGBM,0.7105748437657731,0.032185492780717445,0.502451128242982,rdkit2d_fp,5
RF+ET,0.708825389624525,0.02661727689381924,0.5035568143457446,rdkit2d_fp,5
LGBM+SVM+kNN,0.7079979724887281,0.041687529618639155,0.5198060486904199,rdkit2d_fp,5
RF+ET+XGB,0.7069996294056211,0.032762906368079284,0.5073098015611286,rdkit2d_fp,5
RF+SVM+kNN,0.7069945531805205,0.038607926733796635,0.5199416414233978,rdkit2d_fp,5
ET+LGBM+XGB,0.7063597807003695,0.03883035647185226,0.5087100835056919,rdkit2d_fp,5
XGB+SVM,0.7061248880466311,0.030065653518349292,0.5298663794860451,rdkit2d_fp,5
RF+ET+kNN,0.7051860030643782,0.04211165665386488,0.5082716155363408,rdkit2d_fp,5
ET+LGBM+kNN,0.7049668348604045,0.0487101086536076,0.5083754923650845,rdkit2d_fp,5
ET+LGBM,0.7046800210491202,0.03650777330938052,0.5090571496575639,rdkit2d_fp,5
ET+XGB+kNN,0.6992787606482115,0.0537732922856564,0.513418705502802,rdkit2d_fp,5
XGB+SVM+kNN,0.6991207295201105,0.04504617639931435,0.5317057806614585,rdkit2d_fp,5
ET+XGB,0.6983318190974115,0.043349747749932256,0.5126508559037283,rdkit2d_fp,5
RF+LGBM+kNN,0.6939287648519267,0.04189666570039375,0.5243123447035775,rdkit2d_fp,5
RF+LGBM+XGB,0.6912945561985028,0.035336934819340346,0.5259253627191858,rdkit2d_fp,5
ET+kNN,0.6911429967468654,0.05521120343454924,0.5194670649743367,rdkit2d_fp,5
RF+LGBM,0.6905628395058228,0.03582193864127042,0.5247359160192304,rdkit2d_fp,5
SVM,0.6899593417439344,0.013049478704907363,0.5448676358482162,rdkit2d_fp,5
LGBM+XGB+kNN,0.6889601858174077,0.04508022825756973,0.5297710553195112,rdkit2d_fp,5
RF+XGB+kNN,0.6887793130442541,0.041841622615012494,0.5334089756482765,rdkit2d_fp,5
RF+XGB,0.688224056321333,0.03216027845884054,0.5313862679126589,rdkit2d_fp,5
RF+kNN,0.6880257440855049,0.037234249708361644,0.5335036728589964,rdkit2d_fp,5
RF,0.6847484680534235,0.030003038712958327,0.5320909339369005,rdkit2d_fp,5
LGBM+kNN,0.6831005448038787,0.045320317308992594,0.5367379839683422,rdkit2d_fp,5
ET,0.6814537276696553,0.056183190682814854,0.5187215331274684,rdkit2d_fp,5
SVM+kNN,0.6767236015101465,0.04200083449827968,0.5585713186040329,rdkit2d_fp,5
LGBM+XGB,0.6763850901986502,0.03675432153005023,0.5409939262012609,rdkit2d_fp,5
XGB+kNN,0.6740369104786477,0.04553574135600424,0.548963788279005,rdkit2d_fp,5
LGBM,0.6672779041045402,0.04216859994455629,0.5453290683253024,rdkit2d_fp,5
XGB,0.652787619701692,0.036134746321003865,0.5467116591057961,rdkit2d_fp,5
kNN,0.5663565942183788,0.05809344637235525,0.6431296476628539,rdkit2d_fp,5
RF+ET+kNN,0.7184549516889627,0.05841521924074634,0.49619794917094984,rdkit2d_fp,6
RF+ET+SVM,0.7183463829588024,0.05426037173018849,0.4963345609525252,rdkit2d_fp,6
RF+ET+XGB,0.7178110399721376,0.06391481159961203,0.49592039655350934,rdkit2d_fp,6
RF+ET,0.7164961098136862,0.06141104606262075,0.4983837959989398,rdkit2d_fp,6
ET+XGB+SVM,0.7151225645210407,0.04456674260523883,0.5007178534267075,rdkit2d_fp,6
ET+XGB+kNN,0.7142746406253743,0.044990940981581566,0.5036880713197525,rdkit2d_fp,6
ET+LGBM+kNN,0.7141632851070582,0.041849791506640255,0.49879985944374816,rdkit2d_fp,6
ET,0.714078283110355,0.05348703638833869,0.48792095252759093,rdkit2d_fp,6
ET+SVM+kNN,0.7134929847877902,0.05176773745215876,0.5034519217645557,rdkit2d_fp,6
ET+LGBM+SVM,0.7130090313406244,0.037397620070869886,0.5011655789382989,rdkit2d_fp,6
ET+SVM,0.7124899452258097,0.05395271847676873,0.5044502633705246,rdkit2d_fp,6
RF+ET+LGBM,0.7114729632981838,0.053995973520784744,0.5015630397911376,rdkit2d_fp,6
ET+kNN,0.7109811174094414,0.03777529457459941,0.5086338991771233,rdkit2d_fp,6
ET+XGB,0.7108620918958357,0.04776033090230621,0.5089869286488031,rdkit2d_fp,6
RF+SVM,0.7106394087041474,0.05511013213586509,0.5061655258102176,rdkit2d_fp,6
RF+SVM+kNN,0.7104063110291812,0.0543032754933608,0.5076327757225431,rdkit2d_fp,6
ET+LGBM+XGB,0.7098551627127672,0.04488200297875034,0.5033582017283428,rdkit2d_fp,6
RF+XGB+SVM,0.7093795520267541,0.05647145225343786,0.5061100580286123,rdkit2d_fp,6
ET+LGBM,0.7089972471802943,0.043885756386467314,0.5044534205970058,rdkit2d_fp,6
RF+LGBM+SVM,0.7064782924292266,0.04515533069161089,0.5100970714345789,rdkit2d_fp,6
LGBM+SVM+kNN,0.704681308781511,0.03634204793089655,0.5107876506516018,rdkit2d_fp,6
LGBM+XGB+SVM,0.701478864674191,0.03330253707864912,0.516019261492993,rdkit2d_fp,6
XGB+SVM+kNN,0.7003871375775323,0.04107415084823426,0.519194355946209,rdkit2d_fp,6
LGBM+SVM,0.6992909152490192,0.036277706389233395,0.5171637751102467,rdkit2d_fp,6
RF+XGB+kNN,0.6970017391763496,0.07487046145244583,0.516979876785576,rdkit2d_fp,6
RF+LGBM+kNN,0.6966773944973438,0.06083775307629308,0.5176680961824045,rdkit2d_fp,6
XGB+SVM,0.6947569526657815,0.04156334544991802,0.5264484823566364,rdkit2d_fp,6
RF+kNN,0.6947427655037641,0.07232479120216306,0.5226624720734488,rdkit2d_fp,6
LGBM+XGB+kNN,0.6914167313059701,0.051318424567084873,0.5250985974449273,rdkit2d_fp,6
LGBM+kNN,0.6872844862912549,0.04938376951499113,0.5315071402011073,rdkit2d_fp,6
RF+XGB,0.686886948073943,0.08464998048386269,0.5317963167731106,rdkit2d_fp,6
RF,0.686599458694209,0.0834876793781236,0.5311200428062296,rdkit2d_fp,6
RF+LGBM+XGB,0.6861990455089743,0.07023318896925562,0.531437617168101,rdkit2d_fp,6
RF+LGBM,0.684968576050857,0.06933427854831235,0.5333642227559359,rdkit2d_fp,6
SVM+kNN,0.679514385053907,0.050292790369237776,0.5493159592432837,rdkit2d_fp,6
SVM,0.6738357745268229,0.043233139956077964,0.5628648506015649,rdkit2d_fp,6
LGBM+XGB,0.6733279105922534,0.06183030591620327,0.5478900746294106,rdkit2d_fp,6
XGB+kNN,0.6728039277921366,0.05502736207368763,0.5525510765467256,rdkit2d_fp,6
LGBM,0.6691779888149986,0.06138760622576933,0.5412034774770075,rdkit2d_fp,6
XGB,0.6496509837617902,0.08123422471763203,0.5643591048679294,rdkit2d_fp,6
kNN,0.5916517593353724,0.04350087598240748,0.6244923574287603,rdkit2d_fp,6
ET+SVM,0.7153073118196034,0.028554461931402843,0.5065441813877621,rdkit2d_fp,7
ET+SVM+kNN,0.715266208872991,0.03196923778779262,0.5048534117630139,rdkit2d_fp,7
ET+LGBM+SVM,0.7129175782392266,0.03451412945681245,0.5068607554236666,rdkit2d_fp,7
RF+ET+SVM,0.7105214537769164,0.03796328793300408,0.5086548366890165,rdkit2d_fp,7
ET+kNN,0.7080096284146611,0.03388183498723475,0.5130792580168526,rdkit2d_fp,7
ET+XGB+SVM,0.7066343663309913,0.05147037494069836,0.5083562433341383,rdkit2d_fp,7
ET+LGBM+kNN,0.7052080265993043,0.03740089984708062,0.5129754401580958,rdkit2d_fp,7
RF+ET+kNN,0.7042372521221713,0.04010794182331838,0.5122412277016494,rdkit2d_fp,7
RF+ET,0.7020809496242023,0.036928178020841196,0.5162498980592017,rdkit2d_fp,7
RF+ET+LGBM,0.7018151234405939,0.03730796595528101,0.5153515614793995,rdkit2d_fp,7
ET+LGBM,0.701736087894651,0.03416988458886553,0.5199775421212609,rdkit2d_fp,7
ET,0.7012612530601386,0.031267606646110224,0.5104246585583102,rdkit2d_fp,7
LGBM+SVM+kNN,0.7009202295130149,0.04053461176208472,0.5249673810488658,rdkit2d_fp,7
RF+LGBM+SVM,0.7000601071640344,0.04049917523478517,0.5224408445618838,rdkit2d_fp,7
ET+XGB+kNN,0.6995358776118096,0.05469680878145049,0.516172665479265,rdkit2d_fp,7
LGBM+SVM,0.6994586321190468,0.03712198463007244,0.5291161618421051,rdkit2d_fp,7
RF+SVM+kNN,0.6991798994190601,0.04439731254555079,0.5225411470202568,rdkit2d_fp,7
RF+SVM,0.6988343844334496,0.04126455903716498,0.524279708097066,rdkit2d_fp,7
RF+ET+XGB,0.6958435898575399,0.048416767970913696,0.5203559470149357,rdkit2d_fp,7
ET+XGB,0.6944568050124864,0.05283332925704581,0.5230827946014317,rdkit2d_fp,7
ET+LGBM+XGB,0.6938536483093793,0.050428831437034895,0.5233883901695324,rdkit2d_fp,7
XGB+SVM+kNN,0.6929090141396076,0.05899263390299367,0.523832942961185,rdkit2d_fp,7
LGBM+XGB+SVM,0.6927044695751812,0.055498008461868926,0.5246615384811808,rdkit2d_fp,7
RF+XGB+SVM,0.6924359300145444,0.052500296041732966,0.5259348479376552,rdkit2d_fp,7
XGB+SVM,0.6901720371258178,0.05768232556688751,0.5288840555478563,rdkit2d_fp,7
SVM+kNN,0.6855857747369043,0.03524771739160297,0.5499043619426084,rdkit2d_fp,7
RF+LGBM+kNN,0.6822934147299473,0.04624963216459549,0.5373017380596122,rdkit2d_fp,7
SVM,0.6791499413709848,0.026306872472493265,0.5633490316195269,rdkit2d_fp,7
RF+kNN,0.6776495847475141,0.04676475458622272,0.541026155561403,rdkit2d_fp,7
RF+XGB+kNN,0.6722436708442198,0.0598218083262574,0.5427062667602612,rdkit2d_fp,7
RF+LGBM,0.6720857526018567,0.042542706133908856,0.547200416380102,rdkit2d_fp,7
LGBM+kNN,0.6702205261379173,0.04023585952845413,0.5540393298911076,rdkit2d_fp,7
LGBM+XGB+kNN,0.6687739761210214,0.06255239896649983,0.5477160058895896,rdkit2d_fp,7
RF,0.6656724970882717,0.041543275593934566,0.5529057125266443,rdkit2d_fp,7
RF+LGBM+XGB,0.664859698853981,0.05779281446845286,0.5518427583397887,rdkit2d_fp,7
RF+XGB,0.6606276663852346,0.058155198291787995,0.5555365088907545,rdkit2d_fp,7
XGB+kNN,0.6597683592122457,0.06966848506940305,0.5551113171672507,rdkit2d_fp,7
LGBM,0.6495857016615852,0.04291655093360641,0.5651788111659002,rdkit2d_fp,7
LGBM+XGB,0.6495462300258532,0.0657149128270928,0.5688038563017253,rdkit2d_fp,7
XGB,0.6256773696583826,0.08639861136044974,0.567467174403341,rdkit2d_fp,7
kNN,0.5890537661045426,0.03442639954167127,0.6205163850743801,rdkit2d_fp,7
ET+LGBM,0.7069640112798717,0.0448857807939634,0.5252462409958569,rdkit2d_fp,8
ET+LGBM+kNN,0.7060675568625483,0.04722953977726857,0.5245171007209999,rdkit2d_fp,8
ET+LGBM+XGB,0.7019639535750548,0.04488763507772876,0.5287445435969287,rdkit2d_fp,8
ET+kNN,0.7018841374535211,0.04539914332772829,0.5289358958621971,rdkit2d_fp,8
ET+LGBM+SVM,0.701422313450576,0.030195453084627673,0.5344987555529865,rdkit2d_fp,8
RF+ET+LGBM,0.7008005701676268,0.05010140385157827,0.5273077118572471,rdkit2d_fp,8
RF+ET,0.6996393932370795,0.052693544210116176,0.5300289769450538,rdkit2d_fp,8
ET,0.6995044489173463,0.04402806749009012,0.5284267263811574,rdkit2d_fp,8
RF+ET+kNN,0.6969448213869688,0.05236002426336125,0.5299486114506505,rdkit2d_fp,8
RF+ET+XGB,0.6951099248294963,0.056078868630562204,0.5335696735516161,rdkit2d_fp,8
ET+SVM+kNN,0.694831497397686,0.034653720316814976,0.5362081586999208,rdkit2d_fp,8
ET+XGB,0.6946119909141839,0.04711295809287487,0.5369604677376969,rdkit2d_fp,8
RF+ET+SVM,0.6939002592646218,0.0341188444560373,0.5420758390205835,rdkit2d_fp,8
ET+XGB+kNN,0.6938512928445247,0.05133847560346112,0.5342206856452855,rdkit2d_fp,8
ET+SVM,0.69309281657805,0.0326398741578933,0.5388867592309442,rdkit2d_fp,8
ET+XGB+SVM,0.6887490972607931,0.03132648300114071,0.5448686279985578,rdkit2d_fp,8
LGBM+SVM+kNN,0.6821995041850373,0.03028408082146378,0.5496318520587486,rdkit2d_fp,8
LGBM+SVM,0.6795992927512755,0.019737964622501762,0.5559722432856191,rdkit2d_fp,8
RF+LGBM+SVM,0.6790599530115746,0.027574909977992338,0.5541121882420703,rdkit2d_fp,8
LGBM+XGB+SVM,0.6759990953597715,0.02257643614698871,0.5576264167246968,rdkit2d_fp,8
RF+SVM,0.6747476020178759,0.03125048649615288,0.5603112424075352,rdkit2d_fp,8
RF+SVM+kNN,0.6744806022623644,0.0339533083116211,0.5547381841531277,rdkit2d_fp,8
RF+LGBM+kNN,0.6719165415394368,0.060701191356724284,0.5496587342166546,rdkit2d_fp,8
LGBM+XGB+kNN,0.6675496310379676,0.06146070704910935,0.5584519773422458,rdkit2d_fp,8
RF+kNN,0.6668866036405102,0.06837256923095125,0.5552082987659983,rdkit2d_fp,8
RF+LGBM,0.6664024453790912,0.06443549168243316,0.5516264860535472,rdkit2d_fp,8
RF+XGB+SVM,0.6663975377259571,0.0298208472409417,0.5679394159704148,rdkit2d_fp,8
LGBM+kNN,0.6655457427589957,0.06057323909251178,0.5633182692546104,rdkit2d_fp,8
XGB+SVM+kNN,0.6642142775567992,0.031436756836798946,0.5677014027518398,rdkit2d_fp,8
RF+XGB+kNN,0.6637278739957906,0.06680290643237383,0.5570740474382455,rdkit2d_fp,8
RF+LGBM+XGB,0.6627784166570845,0.06650583882607851,0.5523763309036649,rdkit2d_fp,8
RF,0.6612348301683747,0.0737033647619118,0.5622349328622473,rdkit2d_fp,8
RF+XGB,0.6570567972211189,0.07300558783329408,0.5620354559599658,rdkit2d_fp,8
LGBM+XGB,0.6554322039578648,0.05600364024168888,0.5684129679113241,rdkit2d_fp,8
XGB+SVM,0.654329276576662,0.024510586314288162,0.5805703874878965,rdkit2d_fp,8
XGB+kNN,0.6498325358711676,0.06200377642986775,0.5843110252695943,rdkit2d_fp,8
LGBM,0.6486539178279218,0.05946279237771672,0.5734813531841676,rdkit2d_fp,8
SVM,0.639487148854587,0.036783880389008844,0.588717639686655,rdkit2d_fp,8
SVM+kNN,0.6371451362568068,0.028563400993933428,0.5908333636654197,rdkit2d_fp,8
XGB,0.6242367442860643,0.0656279074914935,0.5910508419112666,rdkit2d_fp,8
kNN,0.5595985321141248,0.07883725152805339,0.6520384138125619,rdkit2d_fp,8
ET+LGBM,0.7634392897013144,0.04817383899925324,0.4618473944263921,rdkit2d_fp,9
ET+LGBM+XGB,0.7617243888893922,0.046297375930897715,0.4624488581043953,rdkit2d_fp,9
RF+ET+LGBM,0.7608986652550046,0.049904429272330186,0.46535898980709484,rdkit2d_fp,9
ET+LGBM+kNN,0.7592956485635258,0.04222061655406151,0.47228492397580835,rdkit2d_fp,9
ET+XGB,0.7591769660789419,0.0463958004013538,0.464779278148329,rdkit2d_fp,9
ET+LGBM+SVM,0.758949483639757,0.056119449261671214,0.47060282594409725,rdkit2d_fp,9
ET,0.7569387863253914,0.05541436446839543,0.46249174288280226,rdkit2d_fp,9
ET+XGB+kNN,0.7569034668022946,0.04153546850362797,0.47490933703876614,rdkit2d_fp,9
RF+ET,0.7561631093280647,0.04979149811434106,0.471077511777389,rdkit2d_fp,9
ET+kNN,0.7547702820205358,0.04276504426808556,0.48019014040227825,rdkit2d_fp,9
ET+XGB+SVM,0.7542519225612843,0.05544982456277841,0.4746251234492916,rdkit2d_fp,9
RF+ET+XGB,0.7533776141345891,0.04347592930391827,0.47134090092741704,rdkit2d_fp,9
RF+ET+SVM,0.7529443255377618,0.05803143380819595,0.47908039193128094,rdkit2d_fp,9
RF+ET+kNN,0.7519947346238072,0.04170896053356258,0.47980167992911227,rdkit2d_fp,9
ET+SVM,0.7498445484154768,0.0623363098516499,0.47982439715557546,rdkit2d_fp,9
ET+SVM+kNN,0.7479490790278898,0.05792044926170525,0.48582211698574157,rdkit2d_fp,9
RF+LGBM+SVM,0.745136876209968,0.0595049936997024,0.4918801922233934,rdkit2d_fp,9
LGBM+XGB+SVM,0.7449250476008437,0.051501777538794195,0.4897794905709489,rdkit2d_fp,9
LGBM+XGB+kNN,0.7412642526606922,0.03714160476931371,0.49404466979563544,rdkit2d_fp,9
LGBM+SVM,0.7407616530067731,0.05857444292710409,0.49679616292851964,rdkit2d_fp,9
RF+LGBM+kNN,0.7392786052484523,0.04524202051659657,0.49200828517729683,rdkit2d_fp,9
RF+LGBM,0.7392631403498476,0.05171418179804881,0.49070559670917013,rdkit2d_fp,9
LGBM+SVM+kNN,0.7376164066305543,0.06004194208772837,0.4999275604318124,rdkit2d_fp,9
LGBM+XGB,0.7366237193949253,0.03876135100373414,0.49441147698364346,rdkit2d_fp,9
RF+LGBM+XGB,0.7352605622589298,0.041793390652711475,0.49453971012001396,rdkit2d_fp,9
XGB+SVM+kNN,0.7350539392894907,0.056072385095085026,0.5048978846625174,rdkit2d_fp,9
RF+SVM,0.7350524918460006,0.061764589642284665,0.5022185839257947,rdkit2d_fp,9
XGB+SVM,0.7350199799202899,0.05442109276875184,0.5047043226381938,rdkit2d_fp,9
LGBM+kNN,0.7343995436648524,0.04411495135310083,0.5016581563990458,rdkit2d_fp,9
RF+XGB+SVM,0.7342512997383415,0.05157058189478588,0.5017730529630289,rdkit2d_fp,9
RF+SVM+kNN,0.7317435926938618,0.05958662337059627,0.5060839509107773,rdkit2d_fp,9
XGB+kNN,0.730600433602526,0.03352933039476257,0.5086267483752179,rdkit2d_fp,9
RF+XGB+kNN,0.7295013718640109,0.03210813205796232,0.5053342990028096,rdkit2d_fp,9
LGBM,0.7285621958116272,0.04986423731872246,0.507857241575262,rdkit2d_fp,9
RF+kNN,0.7253733031745975,0.04326895921897164,0.5086352085867568,rdkit2d_fp,9
RF+XGB,0.7233381049251092,0.03933756164178684,0.5035153048511516,rdkit2d_fp,9
XGB,0.7200482032564783,0.03777932923481825,0.5033365347133272,rdkit2d_fp,9
RF,0.7197871986472791,0.05130370990507932,0.5074764417147295,rdkit2d_fp,9
SVM,0.6881298459433306,0.05063583350422731,0.5610595608163843,rdkit2d_fp,9
SVM+kNN,0.6828174912994603,0.07930540927403709,0.5578890491179742,rdkit2d_fp,9
kNN,0.6309902373855957,0.04847091532418803,0.6110870071018182,rdkit2d_fp,9
ET+LGBM+kNN,0.7412619459079162,0.07530826198513743,0.4733958320250711,rdkit2d_fp,10
ET+LGBM,0.740434240950721,0.07458277976559759,0.4736110834054582,rdkit2d_fp,10
ET+LGBM+SVM,0.7371455537775781,0.06523077209006281,0.48286619955164,rdkit2d_fp,10
RF+ET+LGBM,0.7365394946266359,0.07528443642756923,0.4791434215718534,rdkit2d_fp,10
ET+kNN,0.7317854163853826,0.06728765340735063,0.4818827784870258,rdkit2d_fp,10
ET+SVM+kNN,0.7312059634255377,0.05398947008444804,0.482602414251086,rdkit2d_fp,10
ET+LGBM+XGB,0.7305678223224656,0.07262568936361152,0.48539073025897983,rdkit2d_fp,10
RF+ET+kNN,0.7305616466475843,0.07206072704485258,0.4867618812534781,rdkit2d_fp,10
ET+SVM,0.729075179091504,0.0518397393905601,0.48521195279629453,rdkit2d_fp,10
RF+ET,0.7290422402464454,0.07046322706028484,0.488550596559927,rdkit2d_fp,10
RF+ET+SVM,0.7270795974411282,0.06254112750369638,0.49494329906175505,rdkit2d_fp,10
ET,0.7254189028478797,0.06351001405991571,0.4800671855521377,rdkit2d_fp,10
ET+XGB+kNN,0.7238319625144716,0.07443121365686697,0.4950791058302328,rdkit2d_fp,10
RF+ET+XGB,0.7217841689981918,0.06794388320935368,0.4981424274387122,rdkit2d_fp,10
ET+XGB,0.7207246899249812,0.07207799083709279,0.4957611969271124,rdkit2d_fp,10
ET+XGB+SVM,0.7201079831161239,0.061334589677995426,0.5007899694289641,rdkit2d_fp,10
LGBM+SVM+kNN,0.719160455112046,0.0692383033208071,0.505616816161853,rdkit2d_fp,10
RF+LGBM+kNN,0.7180434008485547,0.08003063954494428,0.5018742970388501,rdkit2d_fp,10
RF+LGBM+SVM,0.7174090261292003,0.06957826291528464,0.5080554772958521,rdkit2d_fp,10
LGBM+SVM,0.7166373120510325,0.06867841978652256,0.5091329085884408,rdkit2d_fp,10
RF+LGBM,0.7143018229671391,0.07842426020022716,0.5062062206124094,rdkit2d_fp,10
LGBM+kNN,0.7111807083373783,0.08252826943600501,0.509030904686652,rdkit2d_fp,10
RF+SVM+kNN,0.7103337033326221,0.06569848584133879,0.5150246919975,rdkit2d_fp,10
RF+SVM,0.7090112932969731,0.06432927971856439,0.5181443021215668,rdkit2d_fp,10
LGBM+XGB+SVM,0.7082171044916008,0.06405109539081101,0.5191920768345929,rdkit2d_fp,10
LGBM+XGB+kNN,0.7081946450067147,0.07863718613020815,0.5138925214604864,rdkit2d_fp,10
RF+LGBM+XGB,0.7062657525652811,0.07332555473081971,0.516228019962873,rdkit2d_fp,10
LGBM,0.7052065466272003,0.08432690227981016,0.5127297581120891,rdkit2d_fp,10
RF+kNN,0.7037751352409634,0.07434035224983414,0.5186244624156056,rdkit2d_fp,10
RF+XGB+SVM,0.702230216328487,0.06078687045032339,0.5252776776718042,rdkit2d_fp,10
LGBM+XGB,0.6996176432988366,0.07609330595022906,0.5233973217770417,rdkit2d_fp,10
RF+XGB+kNN,0.6975869695136074,0.07207435201533068,0.5257978192914222,rdkit2d_fp,10
RF,0.6947741280062829,0.07208898809610338,0.5292479096469143,rdkit2d_fp,10
XGB+SVM+kNN,0.6945860945140316,0.06281696367265181,0.5301592123343155,rdkit2d_fp,10
RF+XGB,0.6912104342937548,0.06770375720326109,0.5319719144151682,rdkit2d_fp,10
XGB+SVM,0.6901455977780111,0.060800198977798856,0.5366914940447194,rdkit2d_fp,10
XGB+kNN,0.6815392526850449,0.07960193947671154,0.5401098068503863,rdkit2d_fp,10
SVM,0.6778788233694526,0.05896532245431122,0.5521894900292794,rdkit2d_fp,10
SVM+kNN,0.6751158988883863,0.06015936010714931,0.5514203116120929,rdkit2d_fp,10
XGB,0.6619591894166303,0.08636827252323788,0.5483229347937205,rdkit2d_fp,10
kNN,0.577225749003801,0.09113958117437213,0.6225107478318954,rdkit2d_fp,10
ET+SVM+kNN,0.7111611705745421,0.06104284701691659,0.4999046689282406,rdkit2d_fp,11
ET+LGBM+SVM,0.7096095767851314,0.054851025927211604,0.5032567005163991,rdkit2d_fp,11
RF+ET+SVM,0.7087818917708029,0.052283057660711146,0.5023651874376016,rdkit2d_fp,11
ET+XGB+SVM,0.7081569214392562,0.05141563733991747,0.506073294091571,rdkit2d_fp,11
RF+SVM+kNN,0.7073770231666217,0.06106456423823333,0.5056549670545631,rdkit2d_fp,11
ET+LGBM+kNN,0.7064541376134208,0.05314202818593067,0.5103282719079576,rdkit2d_fp,11
ET+XGB+kNN,0.7058974199396614,0.048975200184860505,0.5113415573063449,rdkit2d_fp,11
RF+ET+kNN,0.7054778127194534,0.05221481683725408,0.5060701113509025,rdkit2d_fp,11
ET+SVM,0.7036838673959782,0.05524538022920975,0.5092564757106934,rdkit2d_fp,11
LGBM+SVM+kNN,0.7023837820819878,0.06861863214418233,0.5114945990035482,rdkit2d_fp,11
XGB+SVM+kNN,0.7023207205700933,0.062080081624737334,0.5150474252930902,rdkit2d_fp,11
RF+XGB+SVM,0.7005856402280041,0.050982187273713536,0.5120412204186964,rdkit2d_fp,11
RF+SVM,0.6993718532449211,0.052260862667181045,0.5137344932529678,rdkit2d_fp,11
RF+LGBM+SVM,0.6980477160223308,0.05241949507387223,0.5133664798896381,rdkit2d_fp,11
RF+ET+LGBM,0.6969777638283506,0.045860527575178354,0.5157957159299855,rdkit2d_fp,11
ET+LGBM+XGB,0.6959093157446213,0.04591066739721163,0.5195469017449856,rdkit2d_fp,11
ET+kNN,0.6959076290953512,0.05097009438501986,0.518753226910562,rdkit2d_fp,11
RF+ET+XGB,0.695651284126878,0.045026555595744575,0.5159292186529052,rdkit2d_fp,11
RF+ET,0.6943588033575013,0.04500951215072671,0.5164747988419717,rdkit2d_fp,11
ET+LGBM,0.6942852576863021,0.047857887316086124,0.5204110172555618,rdkit2d_fp,11
LGBM+XGB+SVM,0.6931884360162185,0.0548701882127509,0.5194675565921066,rdkit2d_fp,11
ET+XGB,0.6928883250635789,0.043193573601657424,0.5235256132957746,rdkit2d_fp,11
RF+XGB+kNN,0.6921521388194973,0.04948659416956753,0.5236950034331985,rdkit2d_fp,11
RF+LGBM+kNN,0.6916267152617408,0.05117839142695929,0.5243181751772991,rdkit2d_fp,11
LGBM+SVM,0.6913563561677433,0.06376721050399071,0.5220517179069024,rdkit2d_fp,11
XGB+SVM,0.6905575639730877,0.05473899210900214,0.525753790453093,rdkit2d_fp,11
RF+kNN,0.6897629801604859,0.050367816716178584,0.5255381763607317,rdkit2d_fp,11
LGBM+XGB+kNN,0.6849113181025112,0.04750733571698762,0.5382980074720164,rdkit2d_fp,11
ET,0.680269764933296,0.0572289898992786,0.5203938208723888,rdkit2d_fp,11
XGB+kNN,0.6799914494172979,0.03863355465264433,0.5465492479560276,rdkit2d_fp,11
SVM+kNN,0.6791768997189781,0.08659413421467398,0.5382594888012434,rdkit2d_fp,11
LGBM+kNN,0.6775909652579412,0.05249380362938426,0.549101941376462,rdkit2d_fp,11
RF+LGBM+XGB,0.6707280438819996,0.036971914092695055,0.5386824631347207,rdkit2d_fp,11
RF+XGB,0.6706341915158371,0.03367586577467228,0.5390354830749285,rdkit2d_fp,11
RF+LGBM,0.6694137866652575,0.037897179161595594,0.539399832736356,rdkit2d_fp,11
RF,0.6675247772952907,0.03359224052341915,0.5416848413676233,rdkit2d_fp,11
SVM,0.6615681610968668,0.06770437175379218,0.5694095083108047,rdkit2d_fp,11
LGBM+XGB,0.6532955042998797,0.031140322322945623,0.563479064325223,rdkit2d_fp,11
LGBM,0.6418925350016291,0.05488454079331695,0.5666283446162093,rdkit2d_fp,11
XGB,0.6394694463180065,0.0201623125065395,0.5700908124523456,rdkit2d_fp,11
kNN,0.6138363978722314,0.04757384205721221,0.6132049208076034,rdkit2d_fp,11
ET+SVM,0.7083043857090097,0.05056872838607185,0.5236776377342889,rdkit2d_fp,12
RF+ET+SVM,0.7081060333200602,0.050051020422741406,0.52352259132812,rdkit2d_fp,12
ET+SVM+kNN,0.7077344296055177,0.05141192637355058,0.5219995442298127,rdkit2d_fp,12
ET+LGBM+SVM,0.7059964783643157,0.049147504304144725,0.5273588270642585,rdkit2d_fp,12
ET+kNN,0.7053889749864576,0.05142006409303621,0.5195361370668695,rdkit2d_fp,12
ET+XGB+SVM,0.7047897897989815,0.047324257114791,0.5248220304287321,rdkit2d_fp,12
RF+ET+kNN,0.7035720940853631,0.05289270285539534,0.5197021362238043,rdkit2d_fp,12
ET+LGBM+kNN,0.7024621058555377,0.051115186644469485,0.5256350643819361,rdkit2d_fp,12
ET+XGB+kNN,0.7012241997293177,0.0497322065000193,0.5228741194761078,rdkit2d_fp,12
RF+ET+LGBM,0.7010369199404198,0.04847742953851832,0.5219010441329683,rdkit2d_fp,12
RF+ET,0.7009610349050571,0.04983773144221012,0.5185343894287195,rdkit2d_fp,12
ET+LGBM,0.7002673557029258,0.04689096892412397,0.5239800627358128,rdkit2d_fp,12
ET+LGBM+XGB,0.6988555532168735,0.046085308542920436,0.5248406423622183,rdkit2d_fp,12
RF+SVM,0.698218763726759,0.04407018058663906,0.5442222012229434,rdkit2d_fp,12
RF+ET+XGB,0.6981960701033341,0.04919161406376595,0.5204079011763416,rdkit2d_fp,12
RF+LGBM+SVM,0.69755579962869,0.04728249379391654,0.5443682798020191,rdkit2d_fp,12
ET,0.6974083466985368,0.053776213752126864,0.5170304075392771,rdkit2d_fp,12
ET+XGB,0.6972450547167067,0.044651349924665046,0.5227477033824259,rdkit2d_fp,12
RF+SVM+kNN,0.6962393934657408,0.04912052257903354,0.5393148628289618,rdkit2d_fp,12
RF+XGB+SVM,0.6943528090685887,0.04558419963064546,0.5447520004919832,rdkit2d_fp,12
LGBM+XGB+SVM,0.6901984402015351,0.047609453339685255,0.5518814299465686,rdkit2d_fp,12
LGBM+SVM+kNN,0.6897841719260656,0.05608479667120426,0.5522521614492283,rdkit2d_fp,12
LGBM+SVM,0.6893756122202686,0.05111977740313334,0.5564368726602547,rdkit2d_fp,12
XGB+SVM+kNN,0.6889791689896818,0.048068703938708796,0.5484973074272078,rdkit2d_fp,12
XGB+SVM,0.6862610738707565,0.04246173897247851,0.5554175934415888,rdkit2d_fp,12
RF+LGBM+kNN,0.6818282656405025,0.0489151233776599,0.5478846909398382,rdkit2d_fp,12
SVM,0.6786037657307883,0.03667846074540058,0.5804384867265494,rdkit2d_fp,12
RF+kNN,0.6772492538206082,0.04758869781231274,0.549599863266603,rdkit2d_fp,12
SVM+kNN,0.6759995123315171,0.050679776705172555,0.5785349381050893,rdkit2d_fp,12
RF+XGB+kNN,0.6757769177803536,0.047735804525699484,0.5485493360443136,rdkit2d_fp,12
LGBM+XGB+kNN,0.6750144067231066,0.0505148896719129,0.5566668797574014,rdkit2d_fp,12
RF+LGBM,0.6714930225377471,0.04064730536047597,0.5526300276931032,rdkit2d_fp,12
LGBM+kNN,0.669564207694567,0.05454358803956111,0.5643151756611153,rdkit2d_fp,12
RF+LGBM+XGB,0.6686381986642189,0.04258130981495115,0.5538224376712919,rdkit2d_fp,12
RF,0.6645744999306611,0.04589398829571506,0.5545938820576923,rdkit2d_fp,12
XGB+kNN,0.6624627936964591,0.042379053259550596,0.5704925359807399,rdkit2d_fp,12
RF+XGB,0.6622270356430081,0.041595801211610224,0.5558055317528373,rdkit2d_fp,12
LGBM+XGB,0.6585762419187475,0.040063751367578324,0.5654259799619619,rdkit2d_fp,12
LGBM,0.6466991032588698,0.052297732722299026,0.5791518030339181,rdkit2d_fp,12
XGB,0.6262246685763295,0.04303811240439218,0.5763396788810368,rdkit2d_fp,12
kNN,0.5819320715511805,0.044445827398195865,0.6502298384350415,rdkit2d_fp,12
ET+LGBM+SVM,0.6994245652330429,0.03738052626600387,0.5340300780100561,rdkit2d_fp,13
LGBM+XGB+SVM,0.6958831703716875,0.03505738964593125,0.5418630330341975,rdkit2d_fp,13
LGBM+SVM+kNN,0.6949268129659335,0.03786515168689491,0.5424656131688507,rdkit2d_fp,13
RF+LGBM+SVM,0.6943120214969163,0.04271373627556184,0.5417499000775747,rdkit2d_fp,13
LGBM+SVM,0.6942923776578994,0.032789590788146666,0.5457368118397212,rdkit2d_fp,13
ET+XGB+SVM,0.6928051626677717,0.04166341559933238,0.5330057910876167,rdkit2d_fp,13
RF+ET+SVM,0.6910660630339026,0.04388487626951949,0.5375560435589265,rdkit2d_fp,13
XGB+SVM+kNN,0.6906585081787507,0.04639577596163061,0.538968959271911,rdkit2d_fp,13
ET+LGBM+kNN,0.6904743249070789,0.04476652123796109,0.5389374761279885,rdkit2d_fp,13
RF+SVM+kNN,0.6882750824738649,0.05039998161189429,0.5424139832006176,rdkit2d_fp,13
XGB+SVM,0.6876119289555873,0.04020161783212077,0.5437918559450157,rdkit2d_fp,13
RF+SVM,0.6875998981184098,0.047582750572015615,0.5453624093233957,rdkit2d_fp,13
ET+LGBM+XGB,0.6875761004641895,0.04331362727947012,0.5390422884776841,rdkit2d_fp,13
ET+XGB+kNN,0.686699575047841,0.04900626774021558,0.531407502119865,rdkit2d_fp,13
ET+LGBM,0.6857241908368411,0.043153480993682033,0.5419102355349964,rdkit2d_fp,13
RF+ET+LGBM,0.6851954730974049,0.048513760212260386,0.5407978277210234,rdkit2d_fp,13
ET+SVM+kNN,0.6846408206413731,0.0454779614893076,0.5388666433231435,rdkit2d_fp,13
RF+XGB+SVM,0.6842491154993374,0.045281329913920705,0.5462918845173863,rdkit2d_fp,13
RF+ET+kNN,0.6837672197086725,0.0539221469043125,0.5367939548684236,rdkit2d_fp,13
ET+SVM,0.6801046894527485,0.04783616389933391,0.5430987973543976,rdkit2d_fp,13
ET+XGB,0.679408043587401,0.04730242130931675,0.5374763971110365,rdkit2d_fp,13
RF+ET,0.6782095604999062,0.052682343319026666,0.5403564411987472,rdkit2d_fp,13
RF+ET+XGB,0.6775036017203913,0.05391987666259416,0.5397994091247014,rdkit2d_fp,13
RF+LGBM+kNN,0.6773207640674582,0.05757386630599395,0.5526025345550456,rdkit2d_fp,13
LGBM+XGB+kNN,0.6752033347041573,0.04885239161980969,0.5570713750150101,rdkit2d_fp,13
RF+LGBM+XGB,0.670016536824219,0.055331520092053665,0.5575352780601484,rdkit2d_fp,13
RF+XGB+kNN,0.6699732193103892,0.06614101836975954,0.5488370020417052,rdkit2d_fp,13
ET+kNN,0.6690610753401771,0.04630329710055279,0.5394571673868905,rdkit2d_fp,13
RF+LGBM,0.6686946497389553,0.056372376263929234,0.5598785803906635,rdkit2d_fp,13
LGBM+kNN,0.6683401372358809,0.04830135641983646,0.5681517615717263,rdkit2d_fp,13
RF+kNN,0.6674199248765139,0.0672588521652015,0.553144990486994,rdkit2d_fp,13
XGB+kNN,0.6621403888673669,0.056393395243493585,0.5636356873852687,rdkit2d_fp,13
SVM,0.6613394446799478,0.04475685453233433,0.5840856463074757,rdkit2d_fp,13
LGBM+XGB,0.6608575030672849,0.04300824218196633,0.5718440162512268,rdkit2d_fp,13
SVM+kNN,0.6602702380581548,0.045193415318367264,0.5807746132907033,rdkit2d_fp,13
RF+XGB,0.6601990526096784,0.06956765387437955,0.5569332969337888,rdkit2d_fp,13
RF,0.6584005002960097,0.06955625967396693,0.5604282106827159,rdkit2d_fp,13
LGBM,0.6530307843996381,0.04285265377624045,0.5832744391869525,rdkit2d_fp,13
ET,0.6524693809675085,0.052735818747530125,0.5445492484518806,rdkit2d_fp,13
XGB,0.6361359557494355,0.05495347219766037,0.5749754429710988,rdkit2d_fp,13
kNN,0.5569138128469413,0.08045755982955875,0.6621520145966941,rdkit2d_fp,13
ET+LGBM+XGB,0.7392858640282247,0.029386505073021423,0.4835798480168614,rdkit2d_fp,14
RF+ET+LGBM,0.7386653489017936,0.024858964993391103,0.4825096789408246,rdkit2d_fp,14
ET+LGBM,0.7378389043895567,0.027717561568137775,0.4857832446011786,rdkit2d_fp,14
ET+LGBM+kNN,0.7344395798217345,0.04379111304027756,0.49079069416457805,rdkit2d_fp,14
ET+LGBM+SVM,0.734229337191923,0.03446849557077429,0.4906981304080305,rdkit2d_fp,14
RF+ET+XGB,0.7340924725911446,0.02417076874454078,0.4842147971426381,rdkit2d_fp,14
RF+ET,0.7325721555809867,0.021991392513718056,0.48647590060336876,rdkit2d_fp,14
ET+XGB,0.7315406028740856,0.028017633920103976,0.4879678286805566,rdkit2d_fp,14
ET+XGB+kNN,0.7309749567134466,0.04403292832608596,0.4887040141631848,rdkit2d_fp,14
RF+ET+kNN,0.7296833493898488,0.03657820036286705,0.4893931902385752,rdkit2d_fp,14
RF+ET+SVM,0.7292581749398475,0.02806973221231889,0.4933543675992432,rdkit2d_fp,14
ET+XGB+SVM,0.7279786705659113,0.03189956328243329,0.49588288113419504,rdkit2d_fp,14
RF+LGBM+SVM,0.7248766511742397,0.039830843991003125,0.5015604683078408,rdkit2d_fp,14
LGBM+XGB+SVM,0.7239401580354791,0.04709847461940071,0.5034601773904008,rdkit2d_fp,14
ET+kNN,0.7234443553121219,0.04050222113179913,0.4979826667699797,rdkit2d_fp,14
ET+SVM,0.7199978677315603,0.028463957738436567,0.5027239309447806,rdkit2d_fp,14
RF+XGB+SVM,0.7199436269270443,0.03750350058617035,0.5074947240296519,rdkit2d_fp,14
ET,0.7194566454048104,0.017830619969941952,0.493283597655228,rdkit2d_fp,14
RF+LGBM+XGB,0.7183889694841484,0.027328278045754845,0.506775283873057,rdkit2d_fp,14
ET+SVM+kNN,0.718366276493425,0.04465636369781229,0.5009910317164644,rdkit2d_fp,14
RF+SVM,0.7166221553164069,0.036573799572388536,0.5101750321055609,rdkit2d_fp,14
RF+LGBM+kNN,0.7164472839082237,0.04680241299649363,0.5107779947382161,rdkit2d_fp,14
LGBM+XGB+kNN,0.7159646021755288,0.05770100965832546,0.5145053708842904,rdkit2d_fp,14
RF+LGBM,0.715959518357067,0.025104738377549903,0.510141439688146,rdkit2d_fp,14
LGBM+SVM,0.7152405697914705,0.05028346216131902,0.5109322511422265,rdkit2d_fp,14
LGBM+SVM+kNN,0.714464343205455,0.06287934784127831,0.5105526707645758,rdkit2d_fp,14
RF+XGB+kNN,0.7121470306149227,0.04639832024484368,0.5124011365484569,rdkit2d_fp,14
RF+SVM+kNN,0.7111375355111345,0.050358870524292276,0.5120955614196301,rdkit2d_fp,14
LGBM+XGB,0.7102384544900735,0.037652019768619455,0.5174114251016333,rdkit2d_fp,14
RF+XGB,0.7090756904349069,0.02357587948296183,0.512932774354509,rdkit2d_fp,14
XGB+SVM+kNN,0.7082183799329502,0.05950743936277309,0.5161490813001489,rdkit2d_fp,14
XGB+SVM,0.7064926990925493,0.04824043755038855,0.5220710425314607,rdkit2d_fp,14
LGBM+kNN,0.7054175615178807,0.0576101480644354,0.5286001101580716,rdkit2d_fp,14
RF+kNN,0.7044056022787718,0.04191937512272323,0.5201184688631557,rdkit2d_fp,14
XGB+kNN,0.703893202056796,0.062440840359838136,0.5276892941825035,rdkit2d_fp,14
RF,0.7001557249175597,0.02127562511046974,0.522098705321192,rdkit2d_fp,14
XGB,0.6987583044557331,0.05421962350342002,0.5096882158163397,rdkit2d_fp,14
LGBM,0.6967423035854425,0.03044118315050121,0.5261635512912408,rdkit2d_fp,14
SVM,0.68049475690017,0.04967411472782298,0.5552636969247275,rdkit2d_fp,14
SVM+kNN,0.6691052547846251,0.06766172415047067,0.5559292020536943,rdkit2d_fp,14
kNN,0.5982897215449019,0.07766971091924992,0.6277731140842975,rdkit2d_fp,14
ET,0.7188804214679861,0.049627551070411835,0.4902311529435351,rdkit2d_fp,15
ET+SVM,0.7158748574885683,0.0444910678316371,0.5145308189100997,rdkit2d_fp,15
RF+ET+SVM,0.7150349595000984,0.0436983240377702,0.5114201695721303,rdkit2d_fp,15
ET+XGB+SVM,0.7139705004758661,0.040403182939695255,0.510841035844902,rdkit2d_fp,15
RF+ET,0.7127263899754075,0.041813337162306854,0.5035548515025028,rdkit2d_fp,15
RF+ET+XGB,0.7120912697410164,0.039336582909036744,0.5027012173070797,rdkit2d_fp,15
ET+SVM+kNN,0.712034515367903,0.0486041984376696,0.5136479688258764,rdkit2d_fp,15
ET+XGB,0.7102531250104038,0.038544813873513224,0.5049165491227168,rdkit2d_fp,15
RF+ET+kNN,0.7099478419043358,0.04860202073499959,0.5082958379232635,rdkit2d_fp,15
ET+kNN,0.7096526361759616,0.051819001217960035,0.5095343267961595,rdkit2d_fp,15
ET+XGB+kNN,0.7094968963526932,0.04647780717306466,0.5058238977444807,rdkit2d_fp,15
RF+ET+LGBM,0.7067749949722444,0.034210834226103166,0.5087989120570299,rdkit2d_fp,15
ET+LGBM+SVM,0.706571895559016,0.03419209347068157,0.5165950335289633,rdkit2d_fp,15
RF+XGB+SVM,0.7047806079875137,0.04060327972051929,0.5192325935824222,rdkit2d_fp,15
RF+SVM,0.7039720426913633,0.04263715926676855,0.5229886839727078,rdkit2d_fp,15
ET+LGBM+XGB,0.7028195093686699,0.029295260979885895,0.511557638854877,rdkit2d_fp,15
ET+LGBM,0.7009571299231848,0.028951766124943885,0.5142554750513627,rdkit2d_fp,15
RF+SVM+kNN,0.7004107550013962,0.04731276474111874,0.5257783184585463,rdkit2d_fp,15
ET+LGBM+kNN,0.6990955828488523,0.03838403317787503,0.5196727245389908,rdkit2d_fp,15
RF+LGBM+SVM,0.6990432221184121,0.038456455200514605,0.5248420488150272,rdkit2d_fp,15
XGB+SVM+kNN,0.6931572739104237,0.041316298302793236,0.5290298417324991,rdkit2d_fp,15
LGBM+XGB+SVM,0.691840755035172,0.03197721241052994,0.5286343670878304,rdkit2d_fp,15
RF+XGB+kNN,0.6909541520692274,0.047157902442731055,0.53105250553507,rdkit2d_fp,15
XGB+SVM,0.6907822102877492,0.035371856011417326,0.5372961476129546,rdkit2d_fp,15
RF+XGB,0.6886036988557,0.03722595422422658,0.5321288821387993,rdkit2d_fp,15
RF+kNN,0.6865493666620888,0.051572464496552055,0.5361899672351467,rdkit2d_fp,15
LGBM+SVM,0.6851830351186925,0.03367570115029585,0.5384829487572868,rdkit2d_fp,15
LGBM+SVM+kNN,0.6850393411808386,0.04035718172809507,0.5376097406894026,rdkit2d_fp,15
RF+LGBM+XGB,0.684933321309266,0.03178553820809875,0.5347118998359772,rdkit2d_fp,15
RF,0.6834031469552814,0.03911496081564259,0.5398621754173274,rdkit2d_fp,15
RF+LGBM+kNN,0.6828204820395436,0.04576957635708174,0.5402433674379828,rdkit2d_fp,15
RF+LGBM,0.6821211136717915,0.03472325134371759,0.5390802448854999,rdkit2d_fp,15
LGBM+XGB+kNN,0.6733807307005845,0.04023245348265399,0.5468505474789576,rdkit2d_fp,15
SVM,0.6726784651371831,0.029284494244062063,0.5728052911563541,rdkit2d_fp,15
XGB+kNN,0.6718695863489048,0.043130638354545635,0.5491233214488035,rdkit2d_fp,15
SVM+kNN,0.6703033999789156,0.044748517405002956,0.5626946882777641,rdkit2d_fp,15
LGBM+XGB,0.6662537486886363,0.02727788273311528,0.5553480739341732,rdkit2d_fp,15
XGB,0.6595569973768661,0.03626743705864414,0.5580503967758441,rdkit2d_fp,15
LGBM+kNN,0.6578665824699795,0.04656228480250035,0.5620797627148301,rdkit2d_fp,15
LGBM,0.6514553091043177,0.040663156775653346,0.5637411741563061,rdkit2d_fp,15
kNN,0.5547442846283577,0.06810948991227475,0.6494319304944269,rdkit2d_fp,15
ET+LGBM+SVM,0.7263054817805219,0.03265859514010616,0.5030659551501752,rdkit2d_fp,16
ET+XGB+SVM,0.7206734399633639,0.0362633756351042,0.5020325717591968,rdkit2d_fp,16
LGBM+XGB+SVM,0.720245044664827,0.03068964147120296,0.5216392699749213,rdkit2d_fp,16
RF+ET+SVM,0.7176499556391734,0.0382249941422454,0.5041309338305913,rdkit2d_fp,16
LGBM+SVM,0.7172526930412146,0.02816151578470419,0.527264952099136,rdkit2d_fp,16
ET+SVM,0.7169157189930836,0.03692816585590498,0.5055460665196886,rdkit2d_fp,16
ET+LGBM+XGB,0.7163921540601998,0.03433209419504587,0.5113837988243178,rdkit2d_fp,16
ET+LGBM,0.7148080826751944,0.033298439425907184,0.5140650065757946,rdkit2d_fp,16
ET+LGBM+kNN,0.714153399652395,0.038414346493657235,0.5128980044100382,rdkit2d_fp,16
RF+LGBM+SVM,0.713518315664774,0.03383261889007894,0.5225651436014344,rdkit2d_fp,16
LGBM+SVM+kNN,0.713288892235475,0.034143453796256176,0.5284803419135689,rdkit2d_fp,16
ET+SVM+kNN,0.7125859384948348,0.04166238636671838,0.5063641904591665,rdkit2d_fp,16
XGB+SVM,0.7113211899672959,0.031330432952860164,0.5282707597493432,rdkit2d_fp,16
RF+SVM,0.7101680576927537,0.03491848069922436,0.5211167413338327,rdkit2d_fp,16
RF+ET+LGBM,0.7086493006097829,0.03663829989660722,0.5145059093560541,rdkit2d_fp,16
XGB+SVM+kNN,0.7085454413816745,0.04081651899890123,0.5287567665138819,rdkit2d_fp,16
ET+XGB,0.7065371741932621,0.038546444812655914,0.5164920160804596,rdkit2d_fp,16
ET+XGB+kNN,0.7065075356130321,0.04450224181455925,0.514988560411074,rdkit2d_fp,16
RF+SVM+kNN,0.7062240944958044,0.03975973472806146,0.5206227563002537,rdkit2d_fp,16
RF+XGB+SVM,0.7058674833640628,0.036147173345498544,0.5248411310844803,rdkit2d_fp,16
RF+ET,0.7041701231915152,0.039015356574312675,0.5163066735629689,rdkit2d_fp,16
RF+ET+kNN,0.7032044936449152,0.043785862845305154,0.5154592491870711,rdkit2d_fp,16
RF+ET+XGB,0.7005079358144426,0.04121110589784095,0.5197603101278618,rdkit2d_fp,16
ET+kNN,0.6981414989171878,0.04682593600605401,0.5230067279013166,rdkit2d_fp,16
LGBM+XGB+kNN,0.6965389657354283,0.03784452028913165,0.5351088214999814,rdkit2d_fp,16
ET,0.6946883334953327,0.04479002698717541,0.5220415166076235,rdkit2d_fp,16
RF+LGBM+kNN,0.6928011009746154,0.036938175727164194,0.536349767345307,rdkit2d_fp,16
SVM,0.6904615101146196,0.030549506967638633,0.5530320840474211,rdkit2d_fp,16
RF+LGBM+XGB,0.6887044438615,0.03538456108858261,0.5382370690474059,rdkit2d_fp,16
LGBM+XGB,0.6880879498631458,0.031701508524607604,0.548950641034439,rdkit2d_fp,16
RF+LGBM,0.6867617755730373,0.034583778236974234,0.5407105911795346,rdkit2d_fp,16
LGBM+kNN,0.6845731075351924,0.033826900032125594,0.5526636630037757,rdkit2d_fp,16
RF+XGB+kNN,0.6833681723094888,0.042695806370522615,0.5422398984582031,rdkit2d_fp,16
XGB+kNN,0.683101631499647,0.04247930238340627,0.5517563017724139,rdkit2d_fp,16
SVM+kNN,0.6806577327101332,0.03680786569438133,0.5569987391493989,rdkit2d_fp,16
RF+kNN,0.6791041523638774,0.04058964887852018,0.5485883937102195,rdkit2d_fp,16
RF+XGB,0.6777386117478159,0.03752305862581979,0.54727515366794,rdkit2d_fp,16
RF,0.6756120193007176,0.0350270340269561,0.5463670837323595,rdkit2d_fp,16
LGBM,0.6753635527419876,0.03693600859493902,0.5538170920558703,rdkit2d_fp,16
XGB,0.669778435635596,0.0369697183223939,0.5532207939832633,rdkit2d_fp,16
kNN,0.5517795589471849,0.04273503520973009,0.6622143612499174,rdkit2d_fp,16
ET+XGB+kNN,0.6932065767815594,0.05419856880076768,0.5277084620647812,rdkit2d_fp,17
ET+LGBM+kNN,0.6924857591111204,0.05934967592522222,0.5278956815609842,rdkit2d_fp,17
RF+ET+kNN,0.6920141612237545,0.0624064511698339,0.5239609231483011,rdkit2d_fp,17
RF+ET+LGBM,0.6912469140154727,0.058993783463207786,0.5241705534760543,rdkit2d_fp,17
ET+kNN,0.690861468554339,0.06193761287107972,0.5276029940563524,rdkit2d_fp,17
ET+LGBM+SVM,0.6902942903180425,0.05944112268161121,0.5267700520723051,rdkit2d_fp,17
ET+XGB+SVM,0.690076774691849,0.0573623258432036,0.5253538577958887,rdkit2d_fp,17
ET+LGBM,0.6899426746962657,0.05592735261426898,0.5286007175535344,rdkit2d_fp,17
RF+ET,0.6899235136240662,0.060770195482581994,0.5216984047076814,rdkit2d_fp,17
ET+XGB,0.6892921097531166,0.05195494911801195,0.5280788068359975,rdkit2d_fp,17
RF+ET+SVM,0.6892812287714453,0.0637896627545244,0.5250388092017773,rdkit2d_fp,17
ET+LGBM+XGB,0.6889340456008404,0.05852508536900209,0.5313084329001111,rdkit2d_fp,17
ET+SVM+kNN,0.6878160696271893,0.06384665299865429,0.5273790961736731,rdkit2d_fp,17
ET+SVM,0.6874966006647147,0.06227834646589239,0.5284016435361468,rdkit2d_fp,17
RF+ET+XGB,0.6872971080064839,0.060328623808825296,0.5251272398185808,rdkit2d_fp,17
ET,0.6821948979584371,0.05961524529195943,0.5282838264003467,rdkit2d_fp,17
RF+LGBM+SVM,0.6811636719124998,0.06609861780318299,0.5348650814241112,rdkit2d_fp,17
RF+LGBM+kNN,0.6802563129023467,0.06423815866643778,0.5426299534777828,rdkit2d_fp,17
RF+SVM+kNN,0.6780474723733331,0.0699026142090065,0.5391821275061262,rdkit2d_fp,17
RF+SVM,0.6772221547929747,0.06897197740729981,0.5395221202267975,rdkit2d_fp,17
LGBM+XGB+SVM,0.6757227304429438,0.06841786770087141,0.5403696968751489,rdkit2d_fp,17
RF+kNN,0.6749725468526263,0.0676362656703743,0.5480807348255138,rdkit2d_fp,17
LGBM+SVM+kNN,0.6743231070047571,0.06710257235791181,0.5414622464811806,rdkit2d_fp,17
RF+LGBM,0.6741527537708125,0.060776288433243814,0.5447757082183944,rdkit2d_fp,17
LGBM+XGB+kNN,0.6736366783521397,0.062125393156229024,0.5523012866732315,rdkit2d_fp,17
RF+XGB+kNN,0.6730209933232606,0.06549585943787475,0.5512428569217482,rdkit2d_fp,17
XGB+SVM+kNN,0.6723880214969314,0.06259525686188958,0.545613240128792,rdkit2d_fp,17
RF+XGB+SVM,0.6720132316897077,0.0722179784874127,0.5433938754759917,rdkit2d_fp,17
LGBM+SVM,0.6719869723838474,0.06579769072303288,0.5437933377138846,rdkit2d_fp,17
RF+LGBM+XGB,0.6718369167057636,0.06165946597746776,0.5475152988154182,rdkit2d_fp,17
XGB+SVM,0.6698296574613147,0.06109534369765604,0.5467600573674145,rdkit2d_fp,17
LGBM+kNN,0.6676121135409165,0.06120599847550071,0.5560066346271689,rdkit2d_fp,17
RF+XGB,0.6666031110014745,0.06440287156826797,0.5520000535759337,rdkit2d_fp,17
RF,0.6663196717108619,0.059988282932977255,0.554063837590571,rdkit2d_fp,17
XGB+kNN,0.6652634633086316,0.0464654996672393,0.5690391212177127,rdkit2d_fp,17
LGBM+XGB,0.6603042642568839,0.058321167530686335,0.5619921422336549,rdkit2d_fp,17
LGBM,0.6515624960346285,0.06368883417845339,0.5640060877055675,rdkit2d_fp,17
XGB,0.6439438249155021,0.048608971911281496,0.5716353369833375,rdkit2d_fp,17
SVM+kNN,0.6406037383034826,0.08085020209315746,0.5739723431240407,rdkit2d_fp,17
SVM,0.6333626068780809,0.053429312412563434,0.5931039353346738,rdkit2d_fp,17
kNN,0.5795929590714595,0.05869506669607162,0.6468791390542149,rdkit2d_fp,17
ET+LGBM+kNN,0.6832455018745929,0.04534624427387082,0.518142849794102,rdkit2d_fp,18
ET+LGBM,0.6815988520038344,0.04504514307443492,0.5181702154988739,rdkit2d_fp,18
ET+LGBM+XGB,0.6814493829678174,0.040386549931223106,0.520133549219386,rdkit2d_fp,18
ET+LGBM+SVM,0.6778913922881971,0.05565680228893813,0.5253770621283559,rdkit2d_fp,18
ET+XGB+kNN,0.6768987303663311,0.03899998410713664,0.5265089123634191,rdkit2d_fp,18
ET+XGB,0.6759028944028846,0.0402954971216947,0.5244433979397539,rdkit2d_fp,18
RF+ET,0.6750167894604986,0.05004648565300253,0.5233658222706168,rdkit2d_fp,18
ET+XGB+SVM,0.6746398733994138,0.04899381148656019,0.5301894669935407,rdkit2d_fp,18
LGBM+XGB+SVM,0.6741654940980473,0.03748297830283331,0.54932824187467,rdkit2d_fp,18
LGBM+XGB+kNN,0.6730537050172949,0.027426503488907152,0.5427887529387437,rdkit2d_fp,18
RF+ET+kNN,0.6730519685214115,0.04849869730649835,0.526045556177998,rdkit2d_fp,18
RF+ET+XGB,0.6727914197881719,0.05169021901357261,0.5255496108222764,rdkit2d_fp,18
LGBM+SVM+kNN,0.6726935655714742,0.04050050418809919,0.5477247627480214,rdkit2d_fp,18
RF+ET+SVM,0.6720174753985008,0.056452699474579565,0.529381518162055,rdkit2d_fp,18
LGBM+kNN,0.6718162241276279,0.02875988102388919,0.5449049046332767,rdkit2d_fp,18
ET+kNN,0.6690058811371309,0.05240676664321577,0.5255694777216905,rdkit2d_fp,18
RF+ET+LGBM,0.6679924056114596,0.0578325859243702,0.530044114618337,rdkit2d_fp,18
RF+SVM,0.6673430366596133,0.04870276315536556,0.5483430718948398,rdkit2d_fp,18
LGBM+SVM,0.6668649851214509,0.046741426334832664,0.5571345643392044,rdkit2d_fp,18
ET+SVM+kNN,0.6666166987483333,0.0612145752667585,0.5314963023593376,rdkit2d_fp,18
ET+SVM,0.6656396497409102,0.06549721598871898,0.5309879939534222,rdkit2d_fp,18
RF+SVM+kNN,0.6653345665022792,0.04573590854055452,0.5472311226794109,rdkit2d_fp,18
RF+XGB+SVM,0.6644541969900635,0.051348437813465944,0.5507303734174491,rdkit2d_fp,18
LGBM+XGB,0.6640348326179848,0.03253524494201417,0.5470715214562759,rdkit2d_fp,18
XGB+SVM+kNN,0.6631216015365449,0.03269986310021149,0.5578496492584188,rdkit2d_fp,18
RF+LGBM+SVM,0.6629294809538744,0.058055266777825555,0.5525561511971414,rdkit2d_fp,18
ET,0.6606910810485129,0.05908340679216527,0.5228438807626778,rdkit2d_fp,18
RF+LGBM+kNN,0.659178524881897,0.05142602663839388,0.5446732224416134,rdkit2d_fp,18
XGB+SVM,0.6581091382846287,0.037699662497862114,0.5680334942706856,rdkit2d_fp,18
RF+kNN,0.6568328326292941,0.04581757568226485,0.5445693784614053,rdkit2d_fp,18
RF,0.6558588253110286,0.060510683354861226,0.5415195665931372,rdkit2d_fp,18
RF+XGB+kNN,0.6557216371519978,0.04649986027800976,0.5478831814333176,rdkit2d_fp,18
LGBM,0.6555867630883127,0.027947936672099365,0.5507995261927359,rdkit2d_fp,18
RF+LGBM,0.6554503258689225,0.06153675819035497,0.5436085822839335,rdkit2d_fp,18
RF+LGBM+XGB,0.6546291611184387,0.062106516649106165,0.5442890142242078,rdkit2d_fp,18
XGB+kNN,0.6538398797491238,0.025798983512026467,0.5638467976268914,rdkit2d_fp,18
RF+XGB,0.6514223542099489,0.06164567748077997,0.5464162953153071,rdkit2d_fp,18
SVM,0.6429015788022001,0.04355236903482112,0.5874665561440708,rdkit2d_fp,18
XGB,0.6297270746649699,0.04699498971700645,0.5681605859344736,rdkit2d_fp,18
SVM+kNN,0.6261478552788784,0.04694011653912067,0.5950652568807256,rdkit2d_fp,18
kNN,0.5693887799630216,0.03649541789276469,0.6375109697920661,rdkit2d_fp,18
RF+ET+SVM,0.7609309626954278,0.045177119853793725,0.4652046232509015,rdkit2d_fp,19
ET+LGBM+SVM,0.7588355299954076,0.0460060911113305,0.4678048591357224,rdkit2d_fp,19
ET+SVM,0.7583600045181517,0.04480213767142636,0.4701453232933172,rdkit2d_fp,19
RF+ET,0.7580925543841812,0.0400067049226984,0.4632983269402029,rdkit2d_fp,19
RF+ET+kNN,0.7575605887189882,0.04377428854616971,0.4654465236848301,rdkit2d_fp,19
ET+SVM+kNN,0.7574632212277937,0.04833275211221804,0.4718148547363573,rdkit2d_fp,19
ET+kNN,0.7573593512108518,0.03746373029875806,0.46754065091241853,rdkit2d_fp,19
ET,0.7569253567257468,0.035723806510506516,0.46404656303285563,rdkit2d_fp,19
ET+XGB+SVM,0.7564407543033517,0.04836406321345179,0.4683499944745225,rdkit2d_fp,19
ET+LGBM+kNN,0.7560831645375992,0.042930283236034025,0.4705082110723396,rdkit2d_fp,19
RF+ET+LGBM,0.7555396175066151,0.03838426133347772,0.468828029375136,rdkit2d_fp,19
ET+XGB+kNN,0.7549218014813015,0.04443908375121322,0.46766000161471605,rdkit2d_fp,19
ET+LGBM,0.7543852634406787,0.03703725068567032,0.46969576200754837,rdkit2d_fp,19
ET+XGB,0.7538716079694536,0.03772237428050643,0.4660926212121407,rdkit2d_fp,19
ET+LGBM+XGB,0.7536741370080166,0.03947322181412599,0.46812271506589875,rdkit2d_fp,19
RF+ET+XGB,0.7531110315073481,0.04141674525241243,0.4689643870295247,rdkit2d_fp,19
RF+SVM,0.7454660306743202,0.048257978312004804,0.4879232116805593,rdkit2d_fp,19
RF+SVM+kNN,0.7435450455191679,0.05252771184450854,0.48867826013065996,rdkit2d_fp,19
RF+LGBM+SVM,0.7427459197805788,0.04418631379715826,0.49265735350234624,rdkit2d_fp,19
RF+XGB+SVM,0.7418384870376842,0.04890257260770232,0.49213686553351865,rdkit2d_fp,19
LGBM+XGB+SVM,0.7416711412025349,0.05107077197148656,0.4888999506052417,rdkit2d_fp,19
XGB+SVM+kNN,0.7380073020765521,0.05697029654947236,0.4969486322083398,rdkit2d_fp,19
LGBM+SVM+kNN,0.736140855359023,0.054350408310819186,0.4973314159982201,rdkit2d_fp,19
XGB+SVM,0.7357137056659961,0.05284202890003464,0.4964802378005594,rdkit2d_fp,19
LGBM+SVM,0.734717234185136,0.04769879961795227,0.4980659652896279,rdkit2d_fp,19
RF+XGB+kNN,0.7301309229828747,0.050754386047241244,0.5020412284265618,rdkit2d_fp,19
RF+LGBM+kNN,0.728501960079851,0.04992395578993573,0.5056018800552818,rdkit2d_fp,19
LGBM+XGB+kNN,0.7283016432619831,0.052046417185039516,0.5059623875510957,rdkit2d_fp,19
RF+kNN,0.7276652876374137,0.053473515977587885,0.502515263989429,rdkit2d_fp,19
RF+XGB,0.724179580994287,0.05040367207065878,0.500839346621172,rdkit2d_fp,19
XGB+kNN,0.7232909252530001,0.05210018435446435,0.516891115657417,rdkit2d_fp,19
RF+LGBM+XGB,0.7224609524683949,0.049460232355764494,0.5046309400166301,rdkit2d_fp,19
RF+LGBM,0.7219674438677963,0.05038363535837446,0.5048863422075396,rdkit2d_fp,19
RF,0.7169092916747404,0.05255362676293951,0.507085880988025,rdkit2d_fp,19
LGBM+kNN,0.7137983149841218,0.05120375184052055,0.5223240054602457,rdkit2d_fp,19
SVM,0.7114635945043494,0.03660313306848083,0.5274697045990024,rdkit2d_fp,19
LGBM+XGB,0.7110169661265511,0.0463794798995417,0.5173478567821814,rdkit2d_fp,19
XGB,0.709424342772461,0.05905614855259281,0.5056025211879691,rdkit2d_fp,19
SVM+kNN,0.7092211201594906,0.06435324990331676,0.5307305687068292,rdkit2d_fp,19
LGBM,0.6930012307243165,0.05520427597369999,0.5281565098098333,rdkit2d_fp,19
kNN,0.6277454736510258,0.06313990249422301,0.6110681157540496,rdkit2d_fp,19
ET+LGBM+SVM,0.7488695687644272,0.06220948553300993,0.47822584762348275,rdkit2d_fp,20
ET+SVM,0.746673681550841,0.06162440739589981,0.4813680926688816,rdkit2d_fp,20
ET+XGB+SVM,0.7457059685856451,0.06057244416491757,0.48084803731663,rdkit2d_fp,20
RF+ET+SVM,0.7453987720759848,0.06060365116722721,0.48361634095257405,rdkit2d_fp,20
ET+SVM+kNN,0.7415364717127809,0.06323906792431042,0.48888870163111314,rdkit2d_fp,20
ET+LGBM+XGB,0.7382558936162884,0.060590873652733614,0.47301364801591184,rdkit2d_fp,20
ET+LGBM,0.7379833141787732,0.06113457333980419,0.4742733448580617,rdkit2d_fp,20
LGBM+XGB+SVM,0.7371558999653238,0.0636998467642964,0.49668329467941535,rdkit2d_fp,20
RF+ET+LGBM,0.7363300767044428,0.06294882617711665,0.4779778190948757,rdkit2d_fp,20
ET+LGBM+kNN,0.7350841358408853,0.06746555246720129,0.4806960451560881,rdkit2d_fp,20
RF+LGBM+SVM,0.7348602736827611,0.0642937797207463,0.49988904370963533,rdkit2d_fp,20
RF+SVM,0.7346031585415276,0.06308823176773301,0.49955673159773745,rdkit2d_fp,20
RF+ET,0.7340762972152426,0.05994613573476116,0.48183212610095055,rdkit2d_fp,20
LGBM+SVM,0.7337648117131594,0.06594949898578523,0.5025118516589523,rdkit2d_fp,20
ET+XGB,0.7336131295606764,0.056370917595105464,0.480392793921635,rdkit2d_fp,20
RF+ET+XGB,0.7334093611524658,0.0591687928445632,0.48168623404318306,rdkit2d_fp,20
RF+XGB+SVM,0.7327852887639305,0.06185041336924865,0.4999508529427573,rdkit2d_fp,20
ET+XGB+kNN,0.7324178087509775,0.06422170079384915,0.48336661839584477,rdkit2d_fp,20
ET+kNN,0.732349437258873,0.061652042297327715,0.4873779620502242,rdkit2d_fp,20
ET,0.731259851922984,0.04962037894030333,0.47600975036440135,rdkit2d_fp,20
RF+ET+kNN,0.7303728716022149,0.06657778378377141,0.48564227457228915,rdkit2d_fp,20
LGBM+SVM+kNN,0.7302806712990263,0.06630263041642584,0.5043486276620517,rdkit2d_fp,20
RF+SVM+kNN,0.7279180723903226,0.06456942540760459,0.5050398206699502,rdkit2d_fp,20
XGB+SVM,0.7261027681957254,0.0630379299841379,0.5095393895773853,rdkit2d_fp,20
XGB+SVM+kNN,0.7248397763052571,0.06478112184230134,0.5079142335170184,rdkit2d_fp,20
RF+LGBM+kNN,0.7149914492477875,0.07314184593393178,0.5060245668085667,rdkit2d_fp,20
LGBM+XGB+kNN,0.7125503592909015,0.07035770873966501,0.5100025581488022,rdkit2d_fp,20
SVM,0.7113662644629308,0.06829063328862862,0.5325679334506981,rdkit2d_fp,20
RF+LGBM+XGB,0.7106353883332077,0.07048554617553726,0.5083072791430122,rdkit2d_fp,20
RF+LGBM,0.710517183987369,0.07224289980525452,0.5107188668696488,rdkit2d_fp,20
LGBM+kNN,0.7080174029587151,0.07249109115146804,0.5180189291827775,rdkit2d_fp,20
RF+XGB+kNN,0.7075730036405476,0.07160546033912318,0.5087993126186816,rdkit2d_fp,20
RF+kNN,0.7073719994152612,0.07287727471394151,0.5113142206174089,rdkit2d_fp,20
SVM+kNN,0.706619521082557,0.07355301616388936,0.5313959797119985,rdkit2d_fp,20
LGBM+XGB,0.7035825126736042,0.06711587399887815,0.5248894986989565,rdkit2d_fp,20
RF+XGB,0.7014630263921415,0.06933984273265785,0.5151067720720988,rdkit2d_fp,20
RF,0.7006110740854947,0.06963496546987542,0.5169973062652261,rdkit2d_fp,20
LGBM,0.6969996066776877,0.07339751783666072,0.5273981787673162,rdkit2d_fp,20
XGB+kNN,0.6966788443425154,0.06736179237684348,0.5285755178657687,rdkit2d_fp,20
XGB,0.6847160898900236,0.06388948342129194,0.5291128182813876,rdkit2d_fp,20
kNN,0.5992972679815102,0.07334209460312356,0.6093435055227355,rdkit2d_fp,20
ET+XGB+SVM,0.7222559197081975,0.0394057492329485,0.5044454733957633,rdkit2d_fp,21
ET+SVM+kNN,0.7210877322755886,0.05021077275999506,0.507588597101803,rdkit2d_fp,21
ET+LGBM+SVM,0.720940674372929,0.035623431373820444,0.5054745540016067,rdkit2d_fp,21
ET+SVM,0.7194904513937057,0.05057716993206647,0.5052375459799128,rdkit2d_fp,21
RF+ET+SVM,0.7165917189971738,0.041555387374796374,0.5111331711163881,rdkit2d_fp,21
ET+LGBM+kNN,0.7130394108108156,0.036966144907178554,0.5133288499098726,rdkit2d_fp,21
ET+XGB+kNN,0.7121662781001245,0.04237839502645999,0.5128422627749218,rdkit2d_fp,21
ET+kNN,0.7108871541964337,0.053435304865111506,0.5121965321394011,rdkit2d_fp,21
RF+ET+kNN,0.7086733961105879,0.044529163991227305,0.5151724651232376,rdkit2d_fp,21
ET+LGBM+XGB,0.7076966380188827,0.03678593018140253,0.5143348884273321,rdkit2d_fp,21
LGBM+XGB+SVM,0.7076537723452596,0.02574313476972465,0.5210883586994329,rdkit2d_fp,21
ET+LGBM,0.706611825267331,0.03706035540458784,0.5154953665847919,rdkit2d_fp,21
ET+XGB,0.7058012441803874,0.041050877882272054,0.5147476312881992,rdkit2d_fp,21
RF+ET+XGB,0.7057698605798224,0.03997839692942968,0.5147311074612815,rdkit2d_fp,21
RF+XGB+SVM,0.7055444572326877,0.0340770430089662,0.5214686225654828,rdkit2d_fp,21
XGB+SVM+kNN,0.705342670191398,0.035515048205710775,0.5234307630219571,rdkit2d_fp,21
LGBM+SVM+kNN,0.7053054613231384,0.03152413352367001,0.5284075260019239,rdkit2d_fp,21
RF+ET+LGBM,0.7046964043629753,0.038965814497445565,0.5174997794220804,rdkit2d_fp,21
XGB+SVM,0.7037759268486843,0.030559139785827086,0.5246948777147854,rdkit2d_fp,21
RF+ET,0.7032071437327535,0.04329032689485575,0.5172055902124282,rdkit2d_fp,21
LGBM+SVM,0.7031392252543123,0.024396477660019927,0.5319179347119524,rdkit2d_fp,21
RF+LGBM+SVM,0.7026457854405554,0.03295227817495584,0.5262181578354768,rdkit2d_fp,21
RF+SVM+kNN,0.7007482365341945,0.04219874724225868,0.5301650306840096,rdkit2d_fp,21
RF+SVM,0.6991115303116847,0.0392747240039828,0.5299967493818121,rdkit2d_fp,21
ET,0.6976935004545931,0.05821176356203876,0.504909485191066,rdkit2d_fp,21
LGBM+XGB+kNN,0.6875268136643984,0.03353789283154663,0.539915577747308,rdkit2d_fp,21
RF+LGBM+kNN,0.6871292822214291,0.038577989945563614,0.5355427436670546,rdkit2d_fp,21
RF+XGB+kNN,0.6868344026556414,0.04190668750900972,0.533757752247752,rdkit2d_fp,21
LGBM+kNN,0.679864213726739,0.02859933674780494,0.5534224266542263,rdkit2d_fp,21
RF+kNN,0.6785311018999022,0.046545213027602554,0.541474203023029,rdkit2d_fp,21
RF+LGBM+XGB,0.6773738840796251,0.034795223855635236,0.5425442036546053,rdkit2d_fp,21
XGB+kNN,0.6760273246301111,0.03873510653425007,0.5525370849120652,rdkit2d_fp,21
RF+XGB,0.6724401726589644,0.03966960690571432,0.545162078437718,rdkit2d_fp,21
RF+LGBM,0.6721236386977818,0.03620346196555648,0.549687679019797,rdkit2d_fp,21
SVM+kNN,0.6720129602773806,0.05706491725350266,0.5662359054851478,rdkit2d_fp,21
LGBM+XGB,0.6688764586470789,0.028039403499673966,0.557565587255933,rdkit2d_fp,21
SVM,0.6688218709912661,0.040321237493880446,0.5770573713572146,rdkit2d_fp,21
RF,0.6622034250558965,0.0464558171827892,0.5522103764328317,rdkit2d_fp,21
LGBM,0.6547338846390052,0.015642512059572098,0.5718848676668766,rdkit2d_fp,21
XGB,0.6492718639222664,0.03930412816974294,0.5573579801957232,rdkit2d_fp,21
kNN,0.5612532828693924,0.06588831220463917,0.65814085188,rdkit2d_fp,21
ET+LGBM+kNN,0.7553015205772919,0.02432070343130828,0.4921257374513536,rdkit2d_fp,22
RF+ET+LGBM,0.7548481291056961,0.030188703396770714,0.49162163003670567,rdkit2d_fp,22
ET+XGB+kNN,0.7547323399273026,0.024466370519297048,0.49051605293059886,rdkit2d_fp,22
ET+LGBM+SVM,0.7546819658398928,0.02440203895895016,0.49325739985328,rdkit2d_fp,22
RF+ET+SVM,0.7546549168122402,0.029837489214668247,0.48741217447583907,rdkit2d_fp,22
ET+LGBM+XGB,0.7545573738977899,0.02794457085912836,0.49379142231307505,rdkit2d_fp,22
ET+LGBM,0.7539875361054118,0.027297392041565175,0.4942947987515188,rdkit2d_fp,22
RF+ET+XGB,0.7539722555843837,0.03502031292236755,0.48476814163910886,rdkit2d_fp,22
ET+XGB+SVM,0.7534844887183587,0.029258222705251035,0.48869527445136746,rdkit2d_fp,22
RF+ET+kNN,0.7529360396998933,0.02885754353865952,0.4861049844750823,rdkit2d_fp,22
RF+ET,0.7520058605131947,0.03570185263999575,0.48656432309750475,rdkit2d_fp,22
ET+XGB,0.7509196553204063,0.03201931134363187,0.4907684489160509,rdkit2d_fp,22
ET+kNN,0.7492464494931083,0.025300088866370262,0.4937606909215864,rdkit2d_fp,22
ET+SVM+kNN,0.7487476997377392,0.02793976847997671,0.49183369702165775,rdkit2d_fp,22
ET+SVM,0.747587563366654,0.02665865218724231,0.4906548466111059,rdkit2d_fp,22
RF+LGBM+SVM,0.7402547504823437,0.027027792655694487,0.5081531355118422,rdkit2d_fp,22
RF+XGB+SVM,0.7399394626089221,0.03325124213313113,0.5036939388793558,rdkit2d_fp,22
ET,0.739211663082527,0.028307574470994624,0.48952682307582734,rdkit2d_fp,22
LGBM+XGB+SVM,0.7365576986246214,0.027519814661542175,0.5137239562923155,rdkit2d_fp,22
RF+SVM,0.7363637967120461,0.033891742652987694,0.5058415043303348,rdkit2d_fp,22
RF+SVM+kNN,0.7349599003980803,0.032352757534312444,0.5063406778321402,rdkit2d_fp,22
RF+LGBM+kNN,0.7344682416477677,0.027590614694366845,0.5105813223924299,rdkit2d_fp,22
RF+LGBM+XGB,0.7342761398292762,0.037938654542976694,0.513619561223311,rdkit2d_fp,22
LGBM+SVM+kNN,0.7338754103588435,0.027935235572981238,0.511509804664384,rdkit2d_fp,22
LGBM+XGB+kNN,0.7338740088079333,0.02458776328198345,0.5160005262040782,rdkit2d_fp,22
LGBM+SVM,0.7327120924757292,0.02706612080600661,0.5161383657797509,rdkit2d_fp,22
RF+XGB+kNN,0.7324365639247346,0.032143705622210875,0.5096843565553508,rdkit2d_fp,22
RF+LGBM,0.7318768709467498,0.03815225488930472,0.5146929363510708,rdkit2d_fp,22
XGB+SVM+kNN,0.7316340773283361,0.03352089230058275,0.5149017061989409,rdkit2d_fp,22
RF+XGB,0.7282845961879065,0.05173156333315143,0.5094399361634595,rdkit2d_fp,22
XGB+SVM,0.7276515751862641,0.03950563073446488,0.5177141570278018,rdkit2d_fp,22
LGBM+XGB,0.727590008571209,0.03259115539779143,0.5285633562794011,rdkit2d_fp,22
RF+kNN,0.7262637710415876,0.03490687428951683,0.5129711776590616,rdkit2d_fp,22
LGBM+kNN,0.7258619070114076,0.02454063526811673,0.5231392048705082,rdkit2d_fp,22
XGB+kNN,0.7228909151798604,0.02629259113684974,0.52990714313934,rdkit2d_fp,22
LGBM,0.718679558688203,0.031086375271774092,0.5303034848751322,rdkit2d_fp,22
RF,0.718127627338464,0.053774686230543246,0.5153013245630397,rdkit2d_fp,22
XGB,0.7127163858362668,0.04696926395664504,0.5289079601403965,rdkit2d_fp,22
SVM+kNN,0.6885581878643402,0.049068382133754196,0.5503827185151398,rdkit2d_fp,22
SVM,0.6794836927807604,0.05250818741887218,0.5667154583058792,rdkit2d_fp,22
kNN,0.6066505981421255,0.0456387879422688,0.6292727770952066,rdkit2d_fp,22
ET+SVM+kNN,0.68601057721852,0.09127538141342352,0.515258160673522,rdkit2d_fp,23
ET+SVM,0.6854425795701354,0.09231016462180093,0.5140434466788405,rdkit2d_fp,23
ET+LGBM+SVM,0.684963860630438,0.09575522752715632,0.5139643239733211,rdkit2d_fp,23
ET+XGB+SVM,0.6843872150710739,0.09039835512835391,0.5122381898407724,rdkit2d_fp,23
RF+ET+SVM,0.679052622178514,0.10413451565355128,0.5196034499093225,rdkit2d_fp,23
ET+LGBM+kNN,0.677171869042222,0.0996310689479732,0.5163379045090323,rdkit2d_fp,23
ET+XGB+kNN,0.6767762439090657,0.0950931674315645,0.5151113515332824,rdkit2d_fp,23
ET+LGBM,0.6749890571797368,0.10236678895820561,0.515274132870294,rdkit2d_fp,23
ET+LGBM+XGB,0.6746914994724957,0.1003285386045418,0.515046147681009,rdkit2d_fp,23
ET+kNN,0.6745501349489945,0.10200725366986353,0.5164228652849318,rdkit2d_fp,23
LGBM+XGB+SVM,0.6743500616005005,0.08390670546532203,0.5315975274446956,rdkit2d_fp,23
RF+LGBM+SVM,0.674234403890486,0.09116941551664177,0.5356749347726242,rdkit2d_fp,23
ET+XGB,0.6737327790240504,0.09863005882522392,0.5135321545760282,rdkit2d_fp,23
RF+ET+LGBM,0.6730967274729556,0.10512638661672866,0.5154654289074173,rdkit2d_fp,23
RF+XGB+SVM,0.6729224368484882,0.09304463692769738,0.5366186580402766,rdkit2d_fp,23
RF+ET+XGB,0.6721455999370498,0.10998941876487726,0.5138009614365681,rdkit2d_fp,23
LGBM+SVM+kNN,0.672074239175872,0.0851898156855714,0.5398432501277248,rdkit2d_fp,23
LGBM+SVM,0.6705288274396839,0.08465191424374467,0.5412546466627287,rdkit2d_fp,23
RF+ET+kNN,0.6697051387269208,0.10939634214735275,0.5192830163226893,rdkit2d_fp,23
XGB+SVM+kNN,0.6695454224925916,0.08128066293388492,0.5406489606800378,rdkit2d_fp,23
XGB+SVM,0.669507007389607,0.07866022987726966,0.5393136419528737,rdkit2d_fp,23
ET,0.6694767816479925,0.10607133668185464,0.5107334947433548,rdkit2d_fp,23
RF+ET,0.6667610167614493,0.11350821236535773,0.5173224066930002,rdkit2d_fp,23
RF+SVM,0.6659698068004851,0.0972200937414837,0.546144010071382,rdkit2d_fp,23
RF+SVM+kNN,0.6651495351711765,0.09802442142390629,0.5483811934647282,rdkit2d_fp,23
LGBM+XGB+kNN,0.6584270747869543,0.08850573534744853,0.5459519590761338,rdkit2d_fp,23
RF+LGBM+XGB,0.6574881867143908,0.09991063633375592,0.5392116783347284,rdkit2d_fp,23
RF+LGBM+kNN,0.6570739672517891,0.09759859857323162,0.5441476117034126,rdkit2d_fp,23
RF+XGB+kNN,0.6564273886556327,0.10105670926641704,0.5455228369413703,rdkit2d_fp,23
RF+LGBM,0.651379930730077,0.10166472671895282,0.5455149705096394,rdkit2d_fp,23
RF+XGB,0.6503659987709887,0.10770664339660818,0.5421130420241644,rdkit2d_fp,23
XGB+kNN,0.6496123311483275,0.08500712250855035,0.5554743676893115,rdkit2d_fp,23
LGBM+XGB,0.6491771501884814,0.08916555558108905,0.5502995292420652,rdkit2d_fp,23
LGBM+kNN,0.6478476839459899,0.09022997817422226,0.5626099341889675,rdkit2d_fp,23
SVM,0.6469188725208972,0.0672009530542875,0.5791624807980014,rdkit2d_fp,23
SVM+kNN,0.6423805547531837,0.07858562008952388,0.577641924907448,rdkit2d_fp,23
RF+kNN,0.6411864445007505,0.10968351020935478,0.5586406655846626,rdkit2d_fp,23
RF,0.636695313591453,0.10662305392809711,0.5547022672368268,rdkit2d_fp,23
XGB,0.6339487326033992,0.08336693898566476,0.5504122872205003,rdkit2d_fp,23
LGBM,0.6332904040013754,0.09634749002592266,0.5646831543697197,rdkit2d_fp,23
kNN,0.5433939289999861,0.10965279415891178,0.6594892075209918,rdkit2d_fp,23
RF+ET+SVM,0.7069845686039266,0.04053068043482975,0.5105757353468545,rdkit2d_fp,24
RF+ET+kNN,0.7036135211182692,0.048174014724625236,0.5130796368848125,rdkit2d_fp,24
RF+ET,0.7018883676450565,0.04781792014013978,0.5176028369578551,rdkit2d_fp,24
RF+ET+XGB,0.700506271691008,0.0487470426533763,0.519162057490915,rdkit2d_fp,24
ET+SVM+kNN,0.7000040777761394,0.0404503893505883,0.5114943974895564,rdkit2d_fp,24
ET+XGB+SVM,0.6998376802995467,0.039467927020247,0.5166036445952302,rdkit2d_fp,24
RF+SVM+kNN,0.6992801729724519,0.03428669969955374,0.5185819833945517,rdkit2d_fp,24
RF+SVM,0.6986238871803183,0.03501439378155555,0.5203542671591965,rdkit2d_fp,24
ET+SVM,0.6978147463497907,0.040086349714011454,0.515659288004388,rdkit2d_fp,24
ET+XGB+kNN,0.697499737638877,0.0474828510288455,0.517513096682662,rdkit2d_fp,24
RF+XGB+SVM,0.6971696333197108,0.037739019520643236,0.5233954785997086,rdkit2d_fp,24
ET+LGBM+SVM,0.6961469684264138,0.038347817408936766,0.5203207329608601,rdkit2d_fp,24
RF+ET+LGBM,0.6941386577976763,0.047084959980513284,0.525774867202544,rdkit2d_fp,24
ET+kNN,0.6928642487509213,0.051517334385418764,0.5165645423094498,rdkit2d_fp,24
ET+XGB,0.6923604424429294,0.04796038039870056,0.5240941628204716,rdkit2d_fp,24
RF+LGBM+SVM,0.6920509564960826,0.034814764321294475,0.524604159249093,rdkit2d_fp,24
ET+LGBM+kNN,0.6894508671880708,0.044507459406817114,0.5272144660294134,rdkit2d_fp,24
ET+LGBM+XGB,0.6887210680279139,0.04751075975805977,0.5320819338499267,rdkit2d_fp,24
RF+XGB+kNN,0.6885437397435712,0.046732721480880694,0.5337696769160241,rdkit2d_fp,24
RF+kNN,0.6865873790628538,0.0445367657341116,0.5336914510988877,rdkit2d_fp,24
ET+LGBM,0.6847308367957547,0.0454829233478576,0.5360091806881896,rdkit2d_fp,24
XGB+SVM+kNN,0.6846639166664688,0.03256837304357272,0.5347470517124433,rdkit2d_fp,24
LGBM+XGB+SVM,0.6809421581945327,0.0383507563642289,0.5367068102976215,rdkit2d_fp,24
RF+XGB,0.6808728110565878,0.0489107893313222,0.5441465340205237,rdkit2d_fp,24
XGB+SVM,0.6800282047615684,0.0387669255820885,0.5406077162484586,rdkit2d_fp,24
RF,0.6798530959636662,0.046767085194761776,0.538400940093536,rdkit2d_fp,24
LGBM+SVM+kNN,0.6786149188660768,0.03019392464979451,0.5376094422359476,rdkit2d_fp,24
RF+LGBM+kNN,0.67749641885502,0.04251955048157568,0.5421667242704251,rdkit2d_fp,24
ET,0.6772032368092584,0.04963557207367271,0.5211684858709796,rdkit2d_fp,24
LGBM+SVM,0.674784672532723,0.032282201902783025,0.5419684427273934,rdkit2d_fp,24
RF+LGBM+XGB,0.6721014100576139,0.04812880212001919,0.5543900067637708,rdkit2d_fp,24
XGB+kNN,0.6715035785993688,0.045256843210766964,0.5599316910333397,rdkit2d_fp,24
RF+LGBM,0.6697101223568283,0.04435987882891503,0.5553037943873484,rdkit2d_fp,24
LGBM+XGB+kNN,0.664491041890683,0.04836437380780897,0.559767384968436,rdkit2d_fp,24
SVM+kNN,0.6580164259728114,0.02441925568325073,0.5558968539793339,rdkit2d_fp,24
SVM,0.6526528144117061,0.027793274032223553,0.5633358983157739,rdkit2d_fp,24
LGBM+kNN,0.6500632474496083,0.0482820675266672,0.5711987682685338,rdkit2d_fp,24
XGB,0.6492824556679099,0.06020121138315577,0.5645080877778208,rdkit2d_fp,24
LGBM+XGB,0.6482849874944258,0.054882198812437846,0.5848423997949413,rdkit2d_fp,24
LGBM,0.6245851137608263,0.06674078412929152,0.5856278509118346,rdkit2d_fp,24
kNN,0.5655100790567813,0.05690528600663871,0.62785173722281,rdkit2d_fp,24
ET+LGBM+SVM,0.7123083216883362,0.07325895806393247,0.49587702753109786,rdkit2d3d_fp,0
RF+ET+LGBM,0.7111434809467083,0.06818078347536337,0.501798865395138,rdkit2d3d_fp,0
ET+LGBM+XGB,0.7107000306152272,0.06981632479977638,0.5003677663706607,rdkit2d3d_fp,0
ET+LGBM,0.7084994918582519,0.06840572585993192,0.5046685152650735,rdkit2d3d_fp,0
RF+ET+SVM,0.7084343736545983,0.07059831954031315,0.5017208881758047,rdkit2d3d_fp,0
RF+ET,0.7077150627274474,0.06887409082670516,0.506375433501591,rdkit2d3d_fp,0
RF+ET+XGB,0.706548608865544,0.07093534474552322,0.5058490981395855,rdkit2d3d_fp,0
ET+LGBM+kNN,0.7062660088021863,0.07171441985212466,0.5011459501594161,rdkit2d3d_fp,0
ET+XGB,0.7048643799403316,0.07401164806350091,0.5060461070646547,rdkit2d3d_fp,0
ET+XGB+SVM,0.7048343141507986,0.07140283718108914,0.5034439955564094,rdkit2d3d_fp,0
RF+ET+kNN,0.7040959242714812,0.07029960008123529,0.5004214067192362,rdkit2d3d_fp,0
ET+XGB+kNN,0.7024661029728245,0.0764142258120817,0.4987384242742694,rdkit2d3d_fp,0
RF+LGBM+SVM,0.7012580877762657,0.07198991984148903,0.5117550528461479,rdkit2d3d_fp,0
ET+SVM,0.6998033571086179,0.07226409196208725,0.5087564068909961,rdkit2d3d_fp,0
ET+SVM+kNN,0.6972535528833477,0.07499532796841427,0.5094614018214066,rdkit2d3d_fp,0
LGBM+XGB+SVM,0.6958441845692345,0.07752892153472944,0.5167738488668054,rdkit2d3d_fp,0
ET,0.6937540230942325,0.0795300330101145,0.5023861344055174,rdkit2d3d_fp,0
ET+kNN,0.6933570006724417,0.07765629296075058,0.5130318153526701,rdkit2d3d_fp,0
RF+SVM,0.6931844268965339,0.06867725626451353,0.5204482011016072,rdkit2d3d_fp,0
RF+XGB+SVM,0.69307813487161,0.07097586415862836,0.5201578077071535,rdkit2d3d_fp,0
LGBM+SVM+kNN,0.6903208631229665,0.07870727826237878,0.5206935489046665,rdkit2d3d_fp,0
RF+SVM+kNN,0.6902219442591697,0.0732678228735476,0.5204204569627453,rdkit2d3d_fp,0
LGBM+SVM,0.6902024219653459,0.07737238255929739,0.5260082388959668,rdkit2d3d_fp,0
RF+LGBM+XGB,0.6861808352393812,0.06548940998373916,0.5285380797851145,rdkit2d3d_fp,0
RF+LGBM+kNN,0.6852748969493444,0.06799232997196727,0.5260755016273213,rdkit2d3d_fp,0
RF+LGBM,0.6849824123169349,0.06339855700072243,0.5329243818701361,rdkit2d3d_fp,0
RF,0.6807822818889644,0.06745944798337104,0.5324509452482189,rdkit2d3d_fp,0
RF+XGB,0.6797080014648698,0.06747271619215002,0.5346273026387982,rdkit2d3d_fp,0
XGB+SVM,0.6794248890671859,0.07843195463813199,0.5366412132804754,rdkit2d3d_fp,0
LGBM+XGB+kNN,0.679060306971442,0.0741243505208402,0.5347081142373314,rdkit2d3d_fp,0
RF+XGB+kNN,0.678352242856025,0.07047164762129969,0.5293246134752649,rdkit2d3d_fp,0
XGB+SVM+kNN,0.6776424544186223,0.07952809184699497,0.5355513635797946,rdkit2d3d_fp,0
RF+kNN,0.6768126910947444,0.06758376926275916,0.5327458275204222,rdkit2d3d_fp,0
LGBM+XGB,0.6760594725431183,0.07034421840406072,0.5433910244539255,rdkit2d3d_fp,0
LGBM,0.6700029121007487,0.0724593404038267,0.5468183776197737,rdkit2d3d_fp,0
LGBM+kNN,0.6695227589498678,0.07255648715704645,0.5502041654160201,rdkit2d3d_fp,0
XGB+kNN,0.6607687311572515,0.07917446017629867,0.5535207269115616,rdkit2d3d_fp,0
XGB,0.658991515976519,0.08471123596438318,0.5354162802531036,rdkit2d3d_fp,0
SVM,0.6552828002422801,0.07702072440474306,0.5577510295985698,rdkit2d3d_fp,0
SVM+kNN,0.6527402851862838,0.08566271109848597,0.5631855658147339,rdkit2d3d_fp,0
kNN,0.5344378823385021,0.09254523582090374,0.6490751234996942,rdkit2d3d_fp,0
ET+LGBM+SVM,0.7297578758044978,0.04700959586830178,0.4917995472777923,rdkit2d3d_fp,1
ET+SVM+kNN,0.7266104015081353,0.03560044805696173,0.49621803127511355,rdkit2d3d_fp,1
LGBM+SVM,0.7243587816426246,0.05701247264160065,0.5055744783290548,rdkit2d3d_fp,1
LGBM+SVM+kNN,0.7242157837933736,0.055855377506377424,0.5046722316876241,rdkit2d3d_fp,1
LGBM+XGB+SVM,0.7233618607143077,0.05494237116449839,0.5091417904310191,rdkit2d3d_fp,1
RF+ET+SVM,0.722748048626783,0.06230654172821433,0.5004135552292281,rdkit2d3d_fp,1
ET+LGBM+kNN,0.7226149727834,0.05049642517844112,0.49762558689597336,rdkit2d3d_fp,1
RF+LGBM+SVM,0.7216170019163103,0.07041883561544002,0.5095674947294464,rdkit2d3d_fp,1
ET+SVM,0.7206292143746168,0.04073422088081816,0.5003760391338472,rdkit2d3d_fp,1
ET+XGB+SVM,0.7203552238000996,0.04314468818838394,0.5033794435994183,rdkit2d3d_fp,1
RF+SVM+kNN,0.7191304053130029,0.07147909042194617,0.5125264929604663,rdkit2d3d_fp,1
RF+SVM,0.7188526314144302,0.07229696871102775,0.51378785341558,rdkit2d3d_fp,1
ET+LGBM,0.7183430627531429,0.04977502328786461,0.5016129266790065,rdkit2d3d_fp,1
RF+XGB+SVM,0.717901246246708,0.07024535559973907,0.5125875117176052,rdkit2d3d_fp,1
XGB+SVM+kNN,0.7168367817021954,0.04855719611732041,0.5184778114376153,rdkit2d3d_fp,1
ET+LGBM+XGB,0.7158105807262236,0.04949846032491136,0.5049496853204516,rdkit2d3d_fp,1
XGB+SVM,0.7157059676082007,0.04942298766138379,0.5240532401239268,rdkit2d3d_fp,1
ET+kNN,0.7149306752888475,0.03742812731191008,0.5079732016708347,rdkit2d3d_fp,1
RF+ET+LGBM,0.7143976649641731,0.06537175167713656,0.5057587537336251,rdkit2d3d_fp,1
RF+ET+kNN,0.7140831251753832,0.06778072588155251,0.5057268204200203,rdkit2d3d_fp,1
ET+XGB+kNN,0.7136099647961558,0.04487205702468891,0.5107401842064482,rdkit2d3d_fp,1
RF+ET,0.7101465524075808,0.06676961042258418,0.5105493865505328,rdkit2d3d_fp,1
RF+ET+XGB,0.7092020902213019,0.0642471245319192,0.510916084782672,rdkit2d3d_fp,1
ET+XGB,0.7073759757371371,0.0439878647085754,0.5156432797256183,rdkit2d3d_fp,1
LGBM+XGB+kNN,0.702781325439908,0.06474326784666307,0.5258214238631533,rdkit2d3d_fp,1
RF+LGBM+kNN,0.702717448496774,0.08176880318288632,0.5234411921223497,rdkit2d3d_fp,1
SVM+kNN,0.702480252077542,0.041618719297457196,0.5386744100044231,rdkit2d3d_fp,1
LGBM+kNN,0.6980494741777222,0.07176919078362821,0.531379405073541,rdkit2d3d_fp,1
SVM,0.6967936169215412,0.04529938957076107,0.5522515006683066,rdkit2d3d_fp,1
RF+XGB+kNN,0.694689821334742,0.0863000105609504,0.5304169885330777,rdkit2d3d_fp,1
RF+kNN,0.6940152029287845,0.08867148173982033,0.5336990552166029,rdkit2d3d_fp,1
RF+LGBM,0.693912588866737,0.08632690103703403,0.5293362588518493,rdkit2d3d_fp,1
RF+LGBM+XGB,0.6938437119903886,0.08506105762964218,0.5289127921600185,rdkit2d3d_fp,1
XGB+kNN,0.6928188167980197,0.05803981531289432,0.5463540062299689,rdkit2d3d_fp,1
ET,0.6918715253968837,0.04371840158410223,0.5185336611909344,rdkit2d3d_fp,1
LGBM+XGB,0.6899085245994631,0.0715288639614421,0.5369187438188756,rdkit2d3d_fp,1
RF+XGB,0.683452812964109,0.09242508318395906,0.5395041808281994,rdkit2d3d_fp,1
LGBM,0.6811544657669867,0.0772444677918882,0.5378842488778914,rdkit2d3d_fp,1
RF,0.679336754812335,0.0937784472412281,0.5409851184205869,rdkit2d3d_fp,1
XGB,0.6674842059031265,0.07130387289141615,0.5606355703689533,rdkit2d3d_fp,1
kNN,0.6202682030693218,0.06098009824162134,0.6132880557276034,rdkit2d3d_fp,1
ET+LGBM+kNN,0.7157335127390246,0.04114535924726384,0.4908156040388606,rdkit2d3d_fp,2
RF+ET+XGB,0.7147952636797246,0.036952065945217744,0.4897385546492325,rdkit2d3d_fp,2
ET+LGBM+XGB,0.7145950971501086,0.03948927319561937,0.49184831263480716,rdkit2d3d_fp,2
ET+XGB,0.7145526991868429,0.03829496825904051,0.49222660105446314,rdkit2d3d_fp,2
RF+ET+LGBM,0.7144119640038452,0.03841954406149406,0.49203735868641313,rdkit2d3d_fp,2
ET+LGBM,0.7137775250472447,0.039696498997972035,0.4933283833947188,rdkit2d3d_fp,2
ET+XGB+kNN,0.7131389110241597,0.04045814533648408,0.48972003501946426,rdkit2d3d_fp,2
RF+ET+kNN,0.7125740106055853,0.03842012294274342,0.4931881897772567,rdkit2d3d_fp,2
RF+ET,0.712463934025585,0.03697783665610762,0.4916227833750907,rdkit2d3d_fp,2
ET+LGBM+SVM,0.7110489372065876,0.0354323430127501,0.5004018946534885,rdkit2d3d_fp,2
RF+ET+SVM,0.707669653815865,0.03576844145330465,0.50409486220728,rdkit2d3d_fp,2
ET,0.7071141309406906,0.037705573916607046,0.49118197183664447,rdkit2d3d_fp,2
ET+XGB+SVM,0.706408505506378,0.037370200812647685,0.5033407993221649,rdkit2d3d_fp,2
ET+kNN,0.7060241415146657,0.04631913039744939,0.49439479805688225,rdkit2d3d_fp,2
ET+SVM+kNN,0.7015483001561172,0.045121069156737637,0.5055982600747356,rdkit2d3d_fp,2
ET+SVM,0.7005553443244688,0.041794175588395314,0.5099888610806464,rdkit2d3d_fp,2
RF+LGBM+SVM,0.6989767752952245,0.03226950418496928,0.5219045870583416,rdkit2d3d_fp,2
LGBM+XGB+SVM,0.6946317483212463,0.030984011069400907,0.52839146024762,rdkit2d3d_fp,2
RF+SVM+kNN,0.6944053535443827,0.034587091124901825,0.5203821240436184,rdkit2d3d_fp,2
RF+XGB+SVM,0.6942461379318929,0.0339775932786316,0.5241394457763049,rdkit2d3d_fp,2
RF+SVM,0.6940315217510598,0.033079782651460395,0.5246905087787619,rdkit2d3d_fp,2
LGBM+SVM+kNN,0.6937925629060517,0.03503761868822103,0.5270018427444699,rdkit2d3d_fp,2
RF+LGBM+kNN,0.6934484114845517,0.03692587061974667,0.5215841488511046,rdkit2d3d_fp,2
LGBM+SVM,0.6915409282659079,0.031317684848265546,0.5337998990807467,rdkit2d3d_fp,2
RF+XGB+kNN,0.6911138422656382,0.03368809132246385,0.5209852651666079,rdkit2d3d_fp,2
LGBM+XGB+kNN,0.6876106212063654,0.03613415662026182,0.531213533604384,rdkit2d3d_fp,2
RF+LGBM+XGB,0.6866850260029462,0.0373780598643157,0.5287309811294115,rdkit2d3d_fp,2
RF+kNN,0.6860996746389556,0.03521434539731721,0.5256805335362525,rdkit2d3d_fp,2
RF+LGBM,0.6850094604627209,0.038624309537279015,0.5299378786660338,rdkit2d3d_fp,2
RF+XGB,0.6843269174593601,0.03555162210520838,0.5273597305782189,rdkit2d3d_fp,2
XGB+SVM+kNN,0.682614053690547,0.03847614151288234,0.5333702696900224,rdkit2d3d_fp,2
RF,0.6807476731029158,0.035509543813435504,0.5292701240451569,rdkit2d3d_fp,2
LGBM+kNN,0.6798364629769398,0.03954746243144424,0.5407520436247053,rdkit2d3d_fp,2
XGB+SVM,0.6787830258644985,0.03557176294994295,0.5442628278068716,rdkit2d3d_fp,2
LGBM+XGB,0.67434044137496,0.035310849871145085,0.5515498559942362,rdkit2d3d_fp,2
XGB+kNN,0.671808994436753,0.03134870665044158,0.5435583376911877,rdkit2d3d_fp,2
LGBM,0.6664546247478091,0.036797655191516315,0.5521401445198524,rdkit2d3d_fp,2
XGB,0.6631951911935481,0.028217808445473513,0.5492461459865629,rdkit2d3d_fp,2
SVM,0.6565718058937693,0.036467415863235035,0.5748389265565162,rdkit2d3d_fp,2
SVM+kNN,0.6480408609369517,0.056839276819627166,0.5698431727908446,rdkit2d3d_fp,2
kNN,0.558081298159682,0.054015410602251866,0.6312910335398347,rdkit2d3d_fp,2
ET+LGBM,0.717768466487844,0.0516810500737613,0.495764471837045,rdkit2d3d_fp,3
ET+LGBM+SVM,0.7172938037238168,0.048106317022274706,0.5014577499373475,rdkit2d3d_fp,3
RF+ET+LGBM,0.7167120963246898,0.05163104922375817,0.4969474208021561,rdkit2d3d_fp,3
ET+LGBM+XGB,0.7163198615923336,0.051896917000736,0.49672729251708303,rdkit2d3d_fp,3
ET+LGBM+kNN,0.712264123371747,0.058166072452059195,0.498035656624536,rdkit2d3d_fp,3
RF+LGBM+SVM,0.7078258336061042,0.04308028823982048,0.5192384207841998,rdkit2d3d_fp,3
RF+ET+SVM,0.7069626461583041,0.05354869291608015,0.5102484625052739,rdkit2d3d_fp,3
ET+XGB+SVM,0.7052679648586141,0.05006324163349254,0.5109741911348297,rdkit2d3d_fp,3
LGBM+XGB+SVM,0.7042340909181306,0.043634739760724156,0.5216585121051572,rdkit2d3d_fp,3
RF+ET+XGB,0.7040269210436507,0.055502766936959866,0.507053936315536,rdkit2d3d_fp,3
RF+ET,0.7030902521947324,0.057104025698917114,0.5078391151651311,rdkit2d3d_fp,3
LGBM+SVM,0.7029667556111818,0.039660844840313556,0.5219485338687401,rdkit2d3d_fp,3
RF+ET+kNN,0.6997179800643007,0.06401562906411377,0.5079719918262386,rdkit2d3d_fp,3
RF+LGBM,0.6997152457439568,0.03811708829946037,0.5209699825046746,rdkit2d3d_fp,3
RF+LGBM+XGB,0.6997132043653528,0.04042083612996966,0.5211716093596365,rdkit2d3d_fp,3
ET+XGB,0.6994395220335006,0.05567136270730201,0.5109825680179473,rdkit2d3d_fp,3
RF+XGB+SVM,0.6989532710436736,0.04559656965561557,0.527893982975401,rdkit2d3d_fp,3
ET+XGB+kNN,0.698323966040492,0.0624590917433022,0.5071218682062137,rdkit2d3d_fp,3
LGBM+SVM+kNN,0.6979798859117763,0.045468315269757205,0.5219297281975125,rdkit2d3d_fp,3
ET+SVM,0.6957284001946269,0.0543952559100715,0.5182273496011978,rdkit2d3d_fp,3
RF+LGBM+kNN,0.695712732655235,0.05172372798363368,0.5197574149514729,rdkit2d3d_fp,3
RF+SVM,0.6946364044677041,0.04787259927275925,0.5340259305763009,rdkit2d3d_fp,3
LGBM+XGB,0.6945398921717498,0.03937720975177833,0.5293789054544367,rdkit2d3d_fp,3
ET+SVM+kNN,0.6930668875150667,0.058891470316961625,0.5187164536654433,rdkit2d3d_fp,3
LGBM+XGB+kNN,0.6928768779182928,0.05501087762600979,0.5225998539713907,rdkit2d3d_fp,3
RF+SVM+kNN,0.6914851240799221,0.05190217703163823,0.5322238148138525,rdkit2d3d_fp,3
LGBM,0.6906871044638845,0.035710775777281004,0.5344806730220835,rdkit2d3d_fp,3
LGBM+kNN,0.6881135260505488,0.04933168236987446,0.5283879279152711,rdkit2d3d_fp,3
XGB+SVM+kNN,0.6873527431096671,0.047517458598126804,0.5339606378456914,rdkit2d3d_fp,3
XGB+SVM,0.6872619324485305,0.04184866493255185,0.5417537768961501,rdkit2d3d_fp,3
RF+XGB+kNN,0.6860868301964824,0.05397266189994007,0.5282458780687751,rdkit2d3d_fp,3
RF+XGB,0.685991457654458,0.04139572549107903,0.5340995418367025,rdkit2d3d_fp,3
ET+kNN,0.6852040447635884,0.07102690873994863,0.5170136549157001,rdkit2d3d_fp,3
ET,0.6845632594467018,0.06048683161884477,0.5147261460583554,rdkit2d3d_fp,3
RF,0.6791492228763414,0.03796547708947671,0.5406971113537438,rdkit2d3d_fp,3
RF+kNN,0.679005765785408,0.056956760826974547,0.5373507543260478,rdkit2d3d_fp,3
XGB+kNN,0.6716324948372149,0.05184325806991849,0.5463446331882988,rdkit2d3d_fp,3
XGB,0.6637995816709006,0.041839557266119556,0.5491513958185026,rdkit2d3d_fp,3
SVM,0.6441284794705279,0.02697270140619779,0.5811973529479988,rdkit2d3d_fp,3
SVM+kNN,0.6382806368917843,0.048047474998598884,0.5794176810336233,rdkit2d3d_fp,3
kNN,0.5324773017531137,0.06664741562903959,0.6620442895947107,rdkit2d3d_fp,3
ET+LGBM+SVM,0.7082920812415401,0.052100742167150695,0.540929534080061,rdkit2d3d_fp,4
RF+LGBM+SVM,0.706988567884238,0.05369548376592786,0.5433862996411836,rdkit2d3d_fp,4
RF+ET+SVM,0.7065951717897735,0.053385970204011694,0.5436989825070856,rdkit2d3d_fp,4
LGBM+XGB+SVM,0.7054733039231713,0.053291159010549316,0.5465170413477967,rdkit2d3d_fp,4
ET+XGB+SVM,0.7049066575785339,0.053204406082890565,0.5430580771286511,rdkit2d3d_fp,4
LGBM+SVM+kNN,0.7046158670300084,0.05630566656212906,0.5442982142705705,rdkit2d3d_fp,4
LGBM+SVM,0.7045095150999342,0.052025518917348225,0.5458917170270284,rdkit2d3d_fp,4
RF+SVM,0.7020650697647808,0.055401463207835684,0.5498465384767185,rdkit2d3d_fp,4
RF+XGB+SVM,0.7014651491939311,0.054904570889734425,0.5526682883126803,rdkit2d3d_fp,4
RF+SVM+kNN,0.7008556545419065,0.05950537713742502,0.548618802217941,rdkit2d3d_fp,4
RF+ET+LGBM,0.698045221254423,0.04901937920451918,0.5402741575139874,rdkit2d3d_fp,4
ET+SVM+kNN,0.6974211201646753,0.05922709177768333,0.5497844755241765,rdkit2d3d_fp,4
ET+LGBM+kNN,0.6971398250183725,0.055669272629738024,0.5411735285205342,rdkit2d3d_fp,4
ET+LGBM+XGB,0.6959465719348732,0.04666850019562995,0.5431579841230626,rdkit2d3d_fp,4
XGB+SVM+kNN,0.6958937796594444,0.06371557156529935,0.5546865439472018,rdkit2d3d_fp,4
ET+LGBM,0.6952352957678821,0.04753098471961223,0.543436050296634,rdkit2d3d_fp,4
ET+SVM,0.6941606861209099,0.05763860686608897,0.5536918618116279,rdkit2d3d_fp,4
ET+XGB+kNN,0.6938534976441509,0.05452446040842568,0.5463418121766456,rdkit2d3d_fp,4
XGB+SVM,0.6932895089174249,0.06010107870306143,0.5588375655397415,rdkit2d3d_fp,4
RF+ET+kNN,0.6928050885663712,0.05600894246177927,0.545597332376367,rdkit2d3d_fp,4
RF+ET,0.6914141214398069,0.04799175997528893,0.5446200440993927,rdkit2d3d_fp,4
RF+LGBM+kNN,0.6913533698957379,0.05743693531364647,0.5484084703573695,rdkit2d3d_fp,4
RF+ET+XGB,0.6913385227151401,0.04672732858458921,0.5470207133387495,rdkit2d3d_fp,4
ET+XGB,0.689934525582742,0.04360494669242124,0.546419259714883,rdkit2d3d_fp,4
LGBM+XGB+kNN,0.689077884676003,0.056238047122933774,0.5552617557755968,rdkit2d3d_fp,4
RF+LGBM+XGB,0.6879858306201626,0.046297598866132716,0.5542355120611694,rdkit2d3d_fp,4
RF+LGBM,0.6874320630607119,0.0480993748687921,0.5540862370097912,rdkit2d3d_fp,4
LGBM+kNN,0.6860154842099384,0.05607595325951721,0.5577387471084734,rdkit2d3d_fp,4
ET+kNN,0.6840839851164815,0.054193562271785914,0.5541458438515156,rdkit2d3d_fp,4
RF+XGB+kNN,0.6805016723421344,0.05580911482622391,0.5586118704232204,rdkit2d3d_fp,4
LGBM+XGB,0.679859857424004,0.04554617358918208,0.5652150832305476,rdkit2d3d_fp,4
RF+kNN,0.6793269773089039,0.05814345835622471,0.5588148166124357,rdkit2d3d_fp,4
LGBM,0.6758527733777873,0.04797273264634767,0.5650905404728482,rdkit2d3d_fp,4
SVM,0.6740727606009241,0.05566273518954061,0.5877907459591027,rdkit2d3d_fp,4
RF+XGB,0.6736148997482363,0.045513111680717915,0.5642801905648823,rdkit2d3d_fp,4
RF,0.673151012733908,0.04865899615071534,0.5609555388734051,rdkit2d3d_fp,4
SVM+kNN,0.6699980748198957,0.07257639962839992,0.5864319073826099,rdkit2d3d_fp,4
XGB+kNN,0.668915644515344,0.05791782697567144,0.5772013324502769,rdkit2d3d_fp,4
ET,0.6648322289150406,0.04646452735508391,0.5487363592791322,rdkit2d3d_fp,4
XGB,0.6477390370019183,0.04743701347837023,0.5730415779193814,rdkit2d3d_fp,4
kNN,0.5799222836209067,0.06953553024175568,0.6509067970112397,rdkit2d3d_fp,4
ET+LGBM+SVM,0.7306187047751578,0.031592331269724924,0.497611859229668,rdkit2d3d_fp,5
RF+ET+SVM,0.7250418766296886,0.03217097302207413,0.5006030920390713,rdkit2d3d_fp,5
RF+LGBM+SVM,0.7247989186682612,0.027748806120045856,0.5078597280188553,rdkit2d3d_fp,5
LGBM+SVM,0.7236486584602745,0.024295982646065018,0.5117821287572499,rdkit2d3d_fp,5
ET+XGB+SVM,0.7228580051589337,0.038648614254808734,0.5015265956438288,rdkit2d3d_fp,5
LGBM+XGB+SVM,0.7218469491300794,0.030171140988111623,0.5115021189594295,rdkit2d3d_fp,5
ET+SVM,0.7198239217659423,0.03378647900478797,0.5079724463207593,rdkit2d3d_fp,5
RF+SVM,0.7179290110143782,0.028523788860420545,0.5157222999273958,rdkit2d3d_fp,5
LGBM+SVM+kNN,0.7158032896666364,0.035061465169871464,0.5157644386333675,rdkit2d3d_fp,5
RF+XGB+SVM,0.7154890406636628,0.03363557949179704,0.5174332412649165,rdkit2d3d_fp,5
RF+ET+LGBM,0.7129034339830407,0.0301682569872808,0.5029694254540183,rdkit2d3d_fp,5
ET+SVM+kNN,0.712128775263559,0.04436248080588467,0.5095934972302835,rdkit2d3d_fp,5
ET+LGBM+XGB,0.7107306452965216,0.03571423881584187,0.5057119721080865,rdkit2d3d_fp,5
ET+LGBM,0.7101097666481953,0.033282712090674724,0.5076432059032768,rdkit2d3d_fp,5
RF+SVM+kNN,0.7093481506733902,0.03784278197982092,0.5195341129141836,rdkit2d3d_fp,5
ET+LGBM+kNN,0.70881420465031,0.042670846435753695,0.5069954077994385,rdkit2d3d_fp,5
XGB+SVM,0.7079666770371791,0.03261798404640986,0.5262231072486451,rdkit2d3d_fp,5
RF+ET,0.7051599475739481,0.026559950563069323,0.5053595672185944,rdkit2d3d_fp,5
RF+ET+XGB,0.7051097871688314,0.031948125373729645,0.5070549943914816,rdkit2d3d_fp,5
XGB+SVM+kNN,0.7033335362303718,0.04313703803933889,0.5256517902811059,rdkit2d3d_fp,5
RF+ET+kNN,0.7025692100910861,0.03941165515006872,0.508026368318917,rdkit2d3d_fp,5
ET+XGB+kNN,0.7014113424977839,0.04803496618260905,0.5113014204877517,rdkit2d3d_fp,5
ET+XGB,0.7010851644246784,0.03908603742941735,0.5104563017174667,rdkit2d3d_fp,5
RF+LGBM+kNN,0.6966021145745003,0.03547866019945417,0.5256402937039564,rdkit2d3d_fp,5
LGBM+XGB+kNN,0.6938580100785354,0.03981878949776409,0.5299434791283189,rdkit2d3d_fp,5
RF+LGBM,0.693470853404003,0.029513840531857224,0.5312316576783267,rdkit2d3d_fp,5
RF+LGBM+XGB,0.6921040273033275,0.03142667223580765,0.5309705877605265,rdkit2d3d_fp,5
SVM,0.689614368192809,0.011940314130674487,0.54447844344779,rdkit2d3d_fp,5
LGBM+kNN,0.688571163171926,0.03784886021178444,0.5385257635153788,rdkit2d3d_fp,5
RF+XGB+kNN,0.6884073370229775,0.03918961773382658,0.5321038750174829,rdkit2d3d_fp,5
ET+kNN,0.6877999219672593,0.0507071899639158,0.5176320475465638,rdkit2d3d_fp,5
RF+kNN,0.6855508334017211,0.0346743324398743,0.5355635810494137,rdkit2d3d_fp,5
RF+XGB,0.6846648193820262,0.030933010955472268,0.533697651140767,rdkit2d3d_fp,5
LGBM+XGB,0.6841166772067022,0.031069600620605146,0.5426904757333896,rdkit2d3d_fp,5
RF,0.6802393448908617,0.02691725649359024,0.5379325422356898,rdkit2d3d_fp,5
SVM+kNN,0.6799155978885265,0.037498556029740414,0.5554035203469502,rdkit2d3d_fp,5
ET,0.6785657382247404,0.053154913785136725,0.5187805298950048,rdkit2d3d_fp,5
LGBM,0.6780661318960013,0.030866573135730015,0.5469678386853069,rdkit2d3d_fp,5
XGB+kNN,0.6766308313174025,0.041987876289125155,0.5457171654374131,rdkit2d3d_fp,5
XGB,0.6598581096961988,0.03695982037141348,0.5519773472106022,rdkit2d3d_fp,5
kNN,0.5605879040415377,0.053680438566160234,0.6450885474141268,rdkit2d3d_fp,5
ET+LGBM+kNN,0.7206020379873723,0.042130900427349224,0.4970736517436304,rdkit2d3d_fp,6
ET+LGBM+XGB,0.7187858135426632,0.04476826998243834,0.5025788021815887,rdkit2d3d_fp,6
RF+ET+kNN,0.7182994489882008,0.06275565379682983,0.497245445806976,rdkit2d3d_fp,6
ET+XGB+kNN,0.716785070150633,0.050601152494251594,0.5034620205673119,rdkit2d3d_fp,6
RF+ET+LGBM,0.7163595714826123,0.05559503435836293,0.5029352959941535,rdkit2d3d_fp,6
ET+LGBM,0.715630296928986,0.04112565550036636,0.5037389325451879,rdkit2d3d_fp,6
RF+ET,0.7155344485895341,0.06447756564086285,0.5015585576667669,rdkit2d3d_fp,6
ET+LGBM+SVM,0.7140064200307008,0.03601285819932853,0.5030730407683601,rdkit2d3d_fp,6
RF+ET+SVM,0.713548237477157,0.05435518743603364,0.5025372813441437,rdkit2d3d_fp,6
ET+XGB,0.7119215507594641,0.05169193927026626,0.5117640265891339,rdkit2d3d_fp,6
ET+kNN,0.7110791633492591,0.04360637855829226,0.5091407114761094,rdkit2d3d_fp,6
RF+ET+XGB,0.7108749305684668,0.06193845763493789,0.5054576239336048,rdkit2d3d_fp,6
ET,0.7103928349510633,0.0589173710254536,0.4902152129250414,rdkit2d3d_fp,6
ET+XGB+SVM,0.7077670886528322,0.046382676931453856,0.5097462454569331,rdkit2d3d_fp,6
ET+SVM+kNN,0.7067709075099169,0.05348608379513769,0.509713462409741,rdkit2d3d_fp,6
RF+LGBM+SVM,0.7058225066244124,0.044886676173411896,0.5143282490305404,rdkit2d3d_fp,6
ET+SVM,0.7051147521127886,0.053572676756967544,0.5127261601283756,rdkit2d3d_fp,6
RF+SVM+kNN,0.7045436950398368,0.05481442778559348,0.5152611300951331,rdkit2d3d_fp,6
RF+SVM,0.7042656060837865,0.05531654141770625,0.5144117423351394,rdkit2d3d_fp,6
RF+LGBM+kNN,0.7033302100735099,0.06254606524053027,0.5174165136187414,rdkit2d3d_fp,6
LGBM+SVM+kNN,0.7027131319527113,0.03410766536899196,0.5178056129866369,rdkit2d3d_fp,6
LGBM+XGB+SVM,0.7026231975347066,0.0342170661025847,0.5164659886877689,rdkit2d3d_fp,6
LGBM+SVM,0.6994898124149499,0.032857933222954556,0.5227895123781019,rdkit2d3d_fp,6
LGBM+XGB+kNN,0.6988762723105488,0.052929512083537064,0.5236002077958603,rdkit2d3d_fp,6
RF+XGB+SVM,0.6964037190359127,0.05447602769616989,0.5184214353315018,rdkit2d3d_fp,6
RF+kNN,0.6953834700072917,0.0767794854852307,0.5214566167875376,rdkit2d3d_fp,6
LGBM+kNN,0.6938179248265814,0.04672805835460673,0.5338750139212941,rdkit2d3d_fp,6
RF+LGBM,0.6919473934390316,0.06984719836063552,0.5335421952406262,rdkit2d3d_fp,6
RF+XGB+kNN,0.6903629607791533,0.07301171150031703,0.5216817513831699,rdkit2d3d_fp,6
XGB+SVM+kNN,0.6892824812304765,0.04478796243278383,0.5276959056459318,rdkit2d3d_fp,6
RF+LGBM+XGB,0.6880879403711306,0.06738686931800598,0.5337772421101985,rdkit2d3d_fp,6
RF,0.6851002402160304,0.0880135807424631,0.5335291063280745,rdkit2d3d_fp,6
XGB+SVM,0.6843927715379727,0.04506640638332481,0.533980922788315,rdkit2d3d_fp,6
LGBM,0.6830058329175739,0.05209252133229544,0.5397161552302848,rdkit2d3d_fp,6
LGBM+XGB,0.6813642175173549,0.06096144815022375,0.5493301244345689,rdkit2d3d_fp,6
RF+XGB,0.6781434188827478,0.08375560989409031,0.5403182778126461,rdkit2d3d_fp,6
XGB+kNN,0.6767348202598351,0.06525809687810089,0.5443427689121506,rdkit2d3d_fp,6
SVM+kNN,0.67176574797923,0.04713799333314939,0.5566631202179321,rdkit2d3d_fp,6
SVM,0.6661384986394856,0.03684129965317857,0.5716257218514348,rdkit2d3d_fp,6
XGB,0.6466556006894493,0.09596561192018872,0.5570860590046768,rdkit2d3d_fp,6
kNN,0.5929707504643521,0.04834735977511562,0.620675343998347,rdkit2d3d_fp,6
ET+SVM,0.7212063939096425,0.030318694867705137,0.4973441115111633,rdkit2d3d_fp,7
ET+LGBM+SVM,0.721060862300534,0.03511921863836713,0.4973821090968971,rdkit2d3d_fp,7
ET+SVM+kNN,0.7210406889815488,0.034091295376672034,0.495726624949139,rdkit2d3d_fp,7
RF+ET+SVM,0.7133808483916039,0.03975272101617518,0.5031112326508007,rdkit2d3d_fp,7
ET+XGB+SVM,0.7133433658386237,0.04441452115851161,0.5000080769768397,rdkit2d3d_fp,7
ET+kNN,0.7118251130059084,0.03535771586383638,0.5069654136321464,rdkit2d3d_fp,7
ET+LGBM+kNN,0.7116778569144102,0.03806481272569366,0.5066286796799717,rdkit2d3d_fp,7
LGBM+SVM,0.7098598607342922,0.040733795724081624,0.5170994358864631,rdkit2d3d_fp,7
ET+LGBM,0.7098358105692576,0.03396974538513659,0.5122888071002627,rdkit2d3d_fp,7
LGBM+SVM+kNN,0.7095694211456318,0.04371837198238518,0.5134450363188705,rdkit2d3d_fp,7
ET,0.7064623317392866,0.031437469959086896,0.5074814882015293,rdkit2d3d_fp,7
RF+ET+LGBM,0.705367503098499,0.03929751083988673,0.5125910514477761,rdkit2d3d_fp,7
RF+LGBM+SVM,0.7049784521344087,0.04611234629275891,0.516038733505816,rdkit2d3d_fp,7
ET+XGB+kNN,0.7044794404460172,0.048700136763474504,0.5103496394787083,rdkit2d3d_fp,7
RF+ET+kNN,0.704336197351452,0.04289450696297847,0.5117546913966171,rdkit2d3d_fp,7
ET+LGBM+XGB,0.7040610446789057,0.04499952186124884,0.5147088934479747,rdkit2d3d_fp,7
LGBM+XGB+SVM,0.7037413421150699,0.04963213418952885,0.5169817090901386,rdkit2d3d_fp,7
RF+ET,0.7018404211277398,0.039064470566764625,0.5158052126765071,rdkit2d3d_fp,7
RF+SVM+kNN,0.7004415846875789,0.0482894339106466,0.517331341639938,rdkit2d3d_fp,7
XGB+SVM+kNN,0.7001297266036886,0.052551335181715945,0.5156276634758488,rdkit2d3d_fp,7
RF+SVM,0.69960997364372,0.045185758304964165,0.5197051266836116,rdkit2d3d_fp,7
ET+XGB,0.6991464543030264,0.044767941401613595,0.51754187970712,rdkit2d3d_fp,7
RF+ET+XGB,0.6983422048458596,0.04573033828370911,0.5162288431516678,rdkit2d3d_fp,7
XGB+SVM,0.6972494564815852,0.05014025365021453,0.5200065682615704,rdkit2d3d_fp,7
RF+XGB+SVM,0.6957912391735415,0.050145412132453764,0.5196706420678744,rdkit2d3d_fp,7
SVM+kNN,0.6928619133946902,0.038648931246201744,0.5398447793270621,rdkit2d3d_fp,7
SVM,0.6890014395622195,0.029770711224671988,0.5497562277653054,rdkit2d3d_fp,7
RF+LGBM+kNN,0.6833502398757313,0.04920764073636814,0.5359408988969177,rdkit2d3d_fp,7
LGBM+XGB+kNN,0.6793728121002516,0.05513021306513649,0.540604959420014,rdkit2d3d_fp,7
LGBM+kNN,0.6779281909731179,0.04233778859538836,0.5464235436091638,rdkit2d3d_fp,7
RF+XGB+kNN,0.6734331044406997,0.05752978853622312,0.541258454122074,rdkit2d3d_fp,7
RF+kNN,0.6732183920593899,0.05074560580841602,0.5434182285342813,rdkit2d3d_fp,7
RF+LGBM,0.6723864785581949,0.04557621187263668,0.5483359170744995,rdkit2d3d_fp,7
RF+LGBM+XGB,0.670576745932593,0.053026265313381525,0.548558522442954,rdkit2d3d_fp,7
XGB+kNN,0.6649308366546646,0.06240919220509575,0.5544262426513139,rdkit2d3d_fp,7
LGBM+XGB,0.6624439251195235,0.05351975022330052,0.5619572927249761,rdkit2d3d_fp,7
LGBM,0.6621481711618337,0.04061181141132793,0.5593682806023661,rdkit2d3d_fp,7
RF+XGB,0.6593793297890721,0.0531188761033691,0.5551570810975418,rdkit2d3d_fp,7
RF,0.6579949894053626,0.04358155709772825,0.5578752360294297,rdkit2d3d_fp,7
XGB,0.624388461524412,0.06730889785223568,0.5736304027912229,rdkit2d3d_fp,7
kNN,0.5866770578699769,0.04389007037121013,0.6246759104310744,rdkit2d3d_fp,7
ET+LGBM,0.7134173358333632,0.04336004443518937,0.5180613274382508,rdkit2d3d_fp,8
ET+LGBM+XGB,0.7131038242551307,0.04294300355188054,0.5169756563452328,rdkit2d3d_fp,8
ET+LGBM+kNN,0.7090580253050938,0.04733296074635845,0.5200482127313717,rdkit2d3d_fp,8
ET+XGB,0.7063095945621273,0.041299123743497,0.524125799374217,rdkit2d3d_fp,8
RF+ET+LGBM,0.7062405994305658,0.04785391049681325,0.5232989353889159,rdkit2d3d_fp,8
ET+kNN,0.7041521387723995,0.040953710244632055,0.5251416062621096,rdkit2d3d_fp,8
ET+XGB+kNN,0.7035437386017056,0.04437332350432025,0.5238956290718173,rdkit2d3d_fp,8
RF+ET,0.7035135793582112,0.04845121763961004,0.526746037089729,rdkit2d3d_fp,8
ET+LGBM+SVM,0.7034748831565911,0.030300145222547568,0.5310563304824856,rdkit2d3d_fp,8
ET,0.7030856859525333,0.03716702133660211,0.5247503792574632,rdkit2d3d_fp,8
RF+ET+XGB,0.7015400401159425,0.04880481402556795,0.5279736044901232,rdkit2d3d_fp,8
RF+ET+kNN,0.6990219276277666,0.049342327490069435,0.5258388395620817,rdkit2d3d_fp,8
ET+XGB+SVM,0.6955267514866433,0.02713467618229738,0.5364756831816904,rdkit2d3d_fp,8
RF+ET+SVM,0.6954994613480887,0.03292510861226738,0.5376400378975263,rdkit2d3d_fp,8
ET+SVM+kNN,0.6929997338609366,0.028054954094845007,0.5339469968741757,rdkit2d3d_fp,8
ET+SVM,0.6927506052652056,0.02612522687372801,0.5373119752632806,rdkit2d3d_fp,8
LGBM+SVM,0.6824424342839979,0.024676932698871237,0.5519168985137541,rdkit2d3d_fp,8
LGBM+SVM+kNN,0.6822138309800414,0.032274543928198174,0.5462706663040899,rdkit2d3d_fp,8
LGBM+XGB+SVM,0.6818857036804635,0.02760407652498094,0.5522088497879178,rdkit2d3d_fp,8
RF+LGBM+SVM,0.68027291058091,0.0326348892437744,0.5529014731238494,rdkit2d3d_fp,8
RF+SVM,0.6743703981630682,0.03448440575606552,0.5601214416737076,rdkit2d3d_fp,8
RF+LGBM,0.6740505438827131,0.06407771088613903,0.5519567174412948,rdkit2d3d_fp,8
RF+LGBM+kNN,0.673821963745764,0.06270667925097316,0.5466767128983224,rdkit2d3d_fp,8
LGBM+XGB+kNN,0.6733919309976788,0.061957145552506226,0.550368901238241,rdkit2d3d_fp,8
RF+SVM+kNN,0.6729839977812764,0.03760699763524307,0.5543442788589605,rdkit2d3d_fp,8
RF+LGBM+XGB,0.6718545977837737,0.0653038181670814,0.5524673349339204,rdkit2d3d_fp,8
RF+XGB+SVM,0.6711604010139464,0.03265436472153564,0.5632218146315271,rdkit2d3d_fp,8
LGBM+kNN,0.6703408606040407,0.06261773031931465,0.5563393997128847,rdkit2d3d_fp,8
LGBM+XGB,0.6684672239456356,0.05561526482096669,0.5608420390935798,rdkit2d3d_fp,8
RF+kNN,0.6636651559666722,0.07050661508021956,0.5553740581135285,rdkit2d3d_fp,8
LGBM,0.6625935523447936,0.06242620563889301,0.5669101043492474,rdkit2d3d_fp,8
RF,0.6617811543094934,0.07272842460867664,0.5660442617506116,rdkit2d3d_fp,8
RF+XGB+kNN,0.6609127114201272,0.06929667006147829,0.5575873605431454,rdkit2d3d_fp,8
RF+XGB,0.6595144787186481,0.07385197005650805,0.5615324524218488,rdkit2d3d_fp,8
XGB+SVM+kNN,0.659132866019039,0.027038871683195142,0.5704282182058439,rdkit2d3d_fp,8
XGB+SVM,0.6539550095993252,0.02052563279430162,0.5844399523555952,rdkit2d3d_fp,8
XGB+kNN,0.6447336421412965,0.05985365146483161,0.5798106576940671,rdkit2d3d_fp,8
SVM,0.634665082372083,0.03363069996944876,0.5912350128468696,rdkit2d3d_fp,8
SVM+kNN,0.6280520205682916,0.01889890656893959,0.5940080914653277,rdkit2d3d_fp,8
XGB,0.6243222849192902,0.06324039362188823,0.5873459332988525,rdkit2d3d_fp,8
kNN,0.5423563095084802,0.08171243100779835,0.6623157225530578,rdkit2d3d_fp,8
ET+LGBM,0.7648113698198109,0.04984383761266645,0.4636262033648878,rdkit2d3d_fp,9
ET+LGBM+SVM,0.7638638748054106,0.05359401612510907,0.46952947553050944,rdkit2d3d_fp,9
RF+ET+LGBM,0.7630720751417126,0.04832092463993168,0.46533513774193674,rdkit2d3d_fp,9
ET+LGBM+XGB,0.7630103636077757,0.04893555270382497,0.46109640197245716,rdkit2d3d_fp,9
ET+LGBM+kNN,0.7609824493507327,0.04632436682811087,0.47467388629375173,rdkit2d3d_fp,9
ET,0.7609305279726337,0.05614291165852572,0.4613591612802733,rdkit2d3d_fp,9
ET+XGB,0.7599165219976125,0.044370273811157594,0.46543614481851137,rdkit2d3d_fp,9
ET+XGB+kNN,0.7585665080080236,0.03877130639847662,0.477716348960113,rdkit2d3d_fp,9
RF+ET,0.7579802176944139,0.04618850061872203,0.47208721399861,rdkit2d3d_fp,9
ET+kNN,0.7577305089281575,0.045336864368423,0.4821864834192683,rdkit2d3d_fp,9
ET+XGB+SVM,0.7569235088803833,0.052765791875202396,0.47481444907224785,rdkit2d3d_fp,9
RF+ET+SVM,0.7565721068577976,0.05541979247939274,0.4784742499855775,rdkit2d3d_fp,9
RF+ET+XGB,0.7548684007305353,0.04265672296381968,0.4724388642569385,rdkit2d3d_fp,9
RF+ET+kNN,0.7538547189767725,0.04124937235200843,0.481630512336804,rdkit2d3d_fp,9
ET+SVM,0.7538544882154419,0.06305968744876574,0.4796563808338269,rdkit2d3d_fp,9
ET+SVM+kNN,0.7517660420407496,0.06079593151425639,0.486838460699975,rdkit2d3d_fp,9
RF+LGBM+SVM,0.7502838489675073,0.05395401924032055,0.48768025051524616,rdkit2d3d_fp,9
LGBM+XGB+SVM,0.7484829093599418,0.05001984167885209,0.48662741092068507,rdkit2d3d_fp,9
LGBM+SVM,0.7445979666996255,0.054810400339071474,0.49500141643671397,rdkit2d3d_fp,9
LGBM+SVM+kNN,0.7428821385691158,0.05779923392068414,0.4997766417883057,rdkit2d3d_fp,9
LGBM+XGB+kNN,0.7402327922921769,0.04157555625651524,0.49410121003326335,rdkit2d3d_fp,9
RF+LGBM+kNN,0.7399688068792699,0.04559297897006447,0.4946481241084098,rdkit2d3d_fp,9
RF+LGBM,0.7389476399081788,0.04750486119115962,0.49299936868949584,rdkit2d3d_fp,9
RF+XGB+SVM,0.7379782995085108,0.05301783354457742,0.4977731257655007,rdkit2d3d_fp,9
RF+SVM,0.7378222664610508,0.05989784880593169,0.5013272253239818,rdkit2d3d_fp,9
XGB+SVM+kNN,0.7359681819375965,0.05334946086738437,0.5058225007121837,rdkit2d3d_fp,9
RF+SVM+kNN,0.7350459129123795,0.061035887240764454,0.5051099228767756,rdkit2d3d_fp,9
RF+LGBM+XGB,0.7336976210980868,0.04394386302204962,0.4934947087989398,rdkit2d3d_fp,9
LGBM+kNN,0.7331068847789275,0.048432200722797664,0.5081144925514277,rdkit2d3d_fp,9
LGBM+XGB,0.73251313706861,0.045457992458587275,0.4956901293704602,rdkit2d3d_fp,9
XGB+SVM,0.7308030989850715,0.05515824607344553,0.5076282973165039,rdkit2d3d_fp,9
RF+XGB+kNN,0.7298390132129582,0.033527206432249324,0.5047010563605884,rdkit2d3d_fp,9
XGB+kNN,0.7291464727476963,0.02699551404925739,0.5133779666711649,rdkit2d3d_fp,9
LGBM,0.7268719077615791,0.04910321889468688,0.5133064344462082,rdkit2d3d_fp,9
RF+kNN,0.7248439684078375,0.04317924809096168,0.5125733302018852,rdkit2d3d_fp,9
RF+XGB,0.721931486848246,0.03831304964745923,0.5039825114223112,rdkit2d3d_fp,9
RF,0.7195801743050269,0.04516159675424692,0.5111671935925288,rdkit2d3d_fp,9
XGB,0.7156663448856804,0.04118599477380899,0.5029933929955671,rdkit2d3d_fp,9
SVM,0.6933796238531776,0.060252699462576734,0.5534835333281822,rdkit2d3d_fp,9
SVM+kNN,0.6848821140140139,0.09156284852315152,0.5574168748345399,rdkit2d3d_fp,9
kNN,0.6298658053606149,0.06406533061754144,0.6144878621084298,rdkit2d3d_fp,9
ET+LGBM+kNN,0.7425395243089219,0.06657150975759611,0.4767152267118597,rdkit2d3d_fp,10
ET+LGBM,0.742138790963421,0.06625812196757445,0.47635806937019937,rdkit2d3d_fp,10
RF+ET+LGBM,0.7386699032279112,0.0677059069466147,0.4802134698478797,rdkit2d3d_fp,10
ET+LGBM+SVM,0.7385855011600689,0.05974877847876619,0.48043239421421297,rdkit2d3d_fp,10
ET+LGBM+XGB,0.7362401974508952,0.06746725008050491,0.4848564276406163,rdkit2d3d_fp,10
ET+kNN,0.7336815448808105,0.06545755973996545,0.47961320332228113,rdkit2d3d_fp,10
RF+ET+kNN,0.7312122237185961,0.06848043632536543,0.48632703730856514,rdkit2d3d_fp,10
ET+SVM+kNN,0.7304354147232613,0.05810035341434103,0.48210881960165414,rdkit2d3d_fp,10
RF+ET,0.7304040621813048,0.06753611660783103,0.4871237225869005,rdkit2d3d_fp,10
ET+SVM,0.7286484250797475,0.056858767961066856,0.484119368771662,rdkit2d3d_fp,10
ET,0.7280335204623917,0.06206500788857508,0.47718945825189046,rdkit2d3d_fp,10
RF+ET+XGB,0.7275106446607762,0.06788556838668872,0.49181959229758226,rdkit2d3d_fp,10
ET+XGB+kNN,0.7262680729672767,0.07505190133104854,0.490536187464848,rdkit2d3d_fp,10
RF+ET+SVM,0.7257025772677329,0.06393208130549377,0.49396034011281015,rdkit2d3d_fp,10
ET+XGB,0.7238277306097564,0.07421893703862838,0.4910789476935561,rdkit2d3d_fp,10
LGBM+SVM+kNN,0.7219171428924636,0.06263760047699064,0.50238071526567,rdkit2d3d_fp,10
ET+XGB+SVM,0.7207820380549576,0.06953575477219938,0.4969749101177266,rdkit2d3d_fp,10
LGBM+SVM,0.7200105764169928,0.06144144938180331,0.50604701108767,rdkit2d3d_fp,10
RF+LGBM+SVM,0.7196778504180165,0.06449761691636233,0.5054031375521364,rdkit2d3d_fp,10
RF+LGBM+kNN,0.7190945605529231,0.07101674709993477,0.5065322271625384,rdkit2d3d_fp,10
LGBM+XGB+SVM,0.7155895322237642,0.0655909947118025,0.5112015132268052,rdkit2d3d_fp,10
RF+LGBM,0.7144392776978005,0.06903394811461631,0.5101657234916996,rdkit2d3d_fp,10
LGBM+kNN,0.713859326564991,0.07210669895966584,0.5141653960374946,rdkit2d3d_fp,10
LGBM+XGB+kNN,0.7128020184924766,0.07305809270193152,0.5164714895589523,rdkit2d3d_fp,10
RF+LGBM+XGB,0.7112552746922904,0.06824515591468638,0.5141270160840393,rdkit2d3d_fp,10
RF+SVM+kNN,0.7090038584039913,0.06666518370002873,0.5144567874677934,rdkit2d3d_fp,10
RF+SVM,0.70782005157538,0.06556630033236915,0.5169011104847558,rdkit2d3d_fp,10
RF+XGB+SVM,0.7052673270001028,0.06400996886691478,0.5204046810656522,rdkit2d3d_fp,10
LGBM,0.7047098327705905,0.07176664367031328,0.5248991001529099,rdkit2d3d_fp,10
LGBM+XGB,0.7033831436768214,0.07195528958574632,0.5251984263544909,rdkit2d3d_fp,10
RF+kNN,0.7018022186523851,0.0709392748960732,0.522542613558319,rdkit2d3d_fp,10
RF+XGB+kNN,0.7012962825658864,0.06905337775943056,0.5228205460896502,rdkit2d3d_fp,10
XGB+SVM+kNN,0.6959008688682802,0.07421017135891925,0.5292528789670075,rdkit2d3d_fp,10
RF+XGB,0.6944384335884337,0.06646341196305369,0.5294661584558144,rdkit2d3d_fp,10
RF,0.6913170551701792,0.06874222359229196,0.5356357260337203,rdkit2d3d_fp,10
XGB+SVM,0.6898731512205691,0.07357408580084095,0.5387989850052086,rdkit2d3d_fp,10
XGB+kNN,0.6811533263062683,0.0841546972843165,0.5423543595341797,rdkit2d3d_fp,10
SVM,0.6794675504140624,0.06407459766507001,0.5494390442267861,rdkit2d3d_fp,10
SVM+kNN,0.6753964504876453,0.06764295494004186,0.5520998432319012,rdkit2d3d_fp,10
XGB,0.657783696058807,0.09095961941404097,0.5571920737409736,rdkit2d3d_fp,10
kNN,0.5805508172543192,0.09254115989704428,0.6198766912890386,rdkit2d3d_fp,10
ET+LGBM+SVM,0.7164430086293547,0.052936965527109775,0.49621785843573196,rdkit2d3d_fp,11
ET+XGB+SVM,0.7111351721947757,0.05236387776939913,0.5015228009213694,rdkit2d3d_fp,11
RF+ET+SVM,0.7096746590907164,0.05129049790052896,0.4996949036860602,rdkit2d3d_fp,11
ET+SVM+kNN,0.7093828002380531,0.058785515707458144,0.5007052857777736,rdkit2d3d_fp,11
ET+LGBM+kNN,0.7074212149351174,0.050599008333975105,0.5119964048164093,rdkit2d3d_fp,11
RF+SVM+kNN,0.7066331008293476,0.05840778859279463,0.5056059084844623,rdkit2d3d_fp,11
LGBM+SVM+kNN,0.7062449301785242,0.06641419436656756,0.5088257817421347,rdkit2d3d_fp,11
ET+SVM,0.7055724720374213,0.054317370463354504,0.5058260105793625,rdkit2d3d_fp,11
XGB+SVM+kNN,0.7055052485458284,0.060736996619861705,0.5127748625710677,rdkit2d3d_fp,11
RF+XGB+SVM,0.7048464253562854,0.05073158217059324,0.5061680579929935,rdkit2d3d_fp,11
RF+LGBM+SVM,0.7029884033542243,0.05281532328757725,0.5045464908877946,rdkit2d3d_fp,11
RF+SVM,0.7028439610718487,0.05067365499523508,0.5087899223627863,rdkit2d3d_fp,11
ET+XGB+kNN,0.7019649118026035,0.04766821218419986,0.5158985777737021,rdkit2d3d_fp,11
LGBM+XGB+SVM,0.701876883061366,0.05850881308907482,0.5114515350631481,rdkit2d3d_fp,11
LGBM+SVM,0.7006440297982693,0.06272463290162551,0.5137773162884655,rdkit2d3d_fp,11
RF+ET+kNN,0.7005285268549006,0.04959709615374875,0.5109588586311965,rdkit2d3d_fp,11
ET+LGBM,0.7001743034132808,0.043761173845857954,0.5157271169462133,rdkit2d3d_fp,11
ET+LGBM+XGB,0.6993885781797926,0.04320081071764075,0.5147886430390983,rdkit2d3d_fp,11
RF+ET+LGBM,0.6992512593259079,0.04220063688457062,0.5127044828252281,rdkit2d3d_fp,11
XGB+SVM,0.6968165838389198,0.05642675825189181,0.5203084780825947,rdkit2d3d_fp,11
RF+ET+XGB,0.6927806734305907,0.043969504653757784,0.5179909937932461,rdkit2d3d_fp,11
RF+ET,0.6926132262120058,0.04423779695770953,0.5177518524631206,rdkit2d3d_fp,11
ET+kNN,0.6914688687026803,0.04874992381948476,0.5237215914186673,rdkit2d3d_fp,11
ET+XGB,0.6910786416155146,0.04388438578336392,0.5238476240311003,rdkit2d3d_fp,11
RF+LGBM+kNN,0.6895527861201028,0.04861407165610984,0.5267133692078803,rdkit2d3d_fp,11
RF+XGB+kNN,0.6875269466175247,0.046352880246211106,0.5288953898530334,rdkit2d3d_fp,11
RF+kNN,0.6846043986226068,0.04761100513901767,0.5316910861670892,rdkit2d3d_fp,11
LGBM+XGB+kNN,0.6841101902663371,0.04955515072812667,0.5423833763441006,rdkit2d3d_fp,11
ET,0.6817129964196418,0.05633208928030288,0.5226756020615294,rdkit2d3d_fp,11
XGB+kNN,0.6783991923614202,0.037203066952424424,0.5528621359303709,rdkit2d3d_fp,11
SVM+kNN,0.678043152792515,0.08131799515798112,0.5381234801143732,rdkit2d3d_fp,11
LGBM+kNN,0.6777935968638769,0.053850304402359314,0.5519891045748629,rdkit2d3d_fp,11
RF+LGBM+XGB,0.6736494520449383,0.03630686354881147,0.5388868121384094,rdkit2d3d_fp,11
RF+LGBM,0.672013938938926,0.03706885626436775,0.5377935454543952,rdkit2d3d_fp,11
RF+XGB,0.6696500122241782,0.03174407650834265,0.5424487302724417,rdkit2d3d_fp,11
RF,0.6663256017656305,0.031682957441063225,0.5440933332317851,rdkit2d3d_fp,11
SVM,0.6662197839515804,0.06558321124638937,0.5617093106818561,rdkit2d3d_fp,11
LGBM+XGB,0.6592044184521154,0.03541600181391355,0.5634603183637253,rdkit2d3d_fp,11
XGB,0.6516122883640797,0.023799239473573867,0.5613541099737851,rdkit2d3d_fp,11
LGBM,0.6512704381160689,0.057045475376226146,0.5642633291114088,rdkit2d3d_fp,11
kNN,0.5908854056342273,0.04443308770756078,0.6227458170684298,rdkit2d3d_fp,11
ET+SVM+kNN,0.7090356303381735,0.054001119585385955,0.5214180734898539,rdkit2d3d_fp,12
ET+SVM,0.708435091076927,0.052317426528315766,0.5229691417029325,rdkit2d3d_fp,12
RF+ET+SVM,0.7077254844325089,0.051875360074903475,0.5218663425903844,rdkit2d3d_fp,12
ET+kNN,0.7076875783424775,0.05742467934940732,0.5149123315352504,rdkit2d3d_fp,12
ET+LGBM+SVM,0.7056595446043177,0.05290363493105756,0.527311384300953,rdkit2d3d_fp,12
RF+ET+kNN,0.7040036885282824,0.05813813900996366,0.5159121569879288,rdkit2d3d_fp,12
ET+LGBM+kNN,0.7014145832585821,0.0597033091296736,0.5254690676173536,rdkit2d3d_fp,12
ET+XGB+SVM,0.7013824694786822,0.054796449943447526,0.5260580298287953,rdkit2d3d_fp,12
RF+ET,0.7009123621298123,0.05552745788110729,0.5152085357627938,rdkit2d3d_fp,12
RF+ET+LGBM,0.7000750782297244,0.05571230985711147,0.5222677906586732,rdkit2d3d_fp,12
ET,0.6991950452066884,0.06268049548532473,0.5126475619083557,rdkit2d3d_fp,12
ET+XGB+kNN,0.6988969847759685,0.06071462607585648,0.5213530615623556,rdkit2d3d_fp,12
ET+LGBM,0.6986246690449633,0.05598250781920967,0.5256305811215922,rdkit2d3d_fp,12
ET+LGBM+XGB,0.6966239429570135,0.05774835375388237,0.5262624002998532,rdkit2d3d_fp,12
RF+SVM,0.6965538292590547,0.04546410107495211,0.542331722908745,rdkit2d3d_fp,12
RF+ET+XGB,0.6963669968090048,0.05766528927506314,0.5190393449100819,rdkit2d3d_fp,12
RF+SVM+kNN,0.6963507933701504,0.05182157354797178,0.5381833256610776,rdkit2d3d_fp,12
RF+LGBM+SVM,0.695928157536479,0.05248958753089447,0.5436782926308947,rdkit2d3d_fp,12
ET+XGB,0.6936221781327105,0.058883934521224875,0.5223797817275766,rdkit2d3d_fp,12
RF+XGB+SVM,0.6904684393447026,0.05004602789073484,0.5443488351007423,rdkit2d3d_fp,12
LGBM+SVM+kNN,0.6904647698947121,0.0629052881305322,0.5504200228712047,rdkit2d3d_fp,12
LGBM+SVM,0.6881872409283968,0.05758155073477895,0.5561516325142539,rdkit2d3d_fp,12
LGBM+XGB+SVM,0.6861967708822954,0.05772021631578304,0.5538252146245087,rdkit2d3d_fp,12
XGB+SVM+kNN,0.6826081915197614,0.058100768919980415,0.5517565353585097,rdkit2d3d_fp,12
RF+LGBM+kNN,0.6788091269432364,0.058832396981615034,0.5516516149744204,rdkit2d3d_fp,12
SVM+kNN,0.6780154671638611,0.04981955654086554,0.573157606199606,rdkit2d3d_fp,12
XGB+SVM,0.6756833110992304,0.053349924669695764,0.5611666186230934,rdkit2d3d_fp,12
RF+kNN,0.6756241889620395,0.0517287753510181,0.5478175923420218,rdkit2d3d_fp,12
SVM,0.672861274817364,0.030756754135504785,0.5850659587034975,rdkit2d3d_fp,12
RF+XGB+kNN,0.6723818806380967,0.05688094479103892,0.5515376959368141,rdkit2d3d_fp,12
LGBM+XGB+kNN,0.6692400838666065,0.06553947287317519,0.5634297555145071,rdkit2d3d_fp,12
LGBM+kNN,0.6673453295109091,0.06567156184638832,0.5691823182183524,rdkit2d3d_fp,12
RF+LGBM,0.6655833762482573,0.0556939625808433,0.5607755032082775,rdkit2d3d_fp,12
RF+LGBM+XGB,0.66358605045311,0.058845271598830434,0.5620525662434526,rdkit2d3d_fp,12
RF,0.6592423033810879,0.05129733774388182,0.5589826683276199,rdkit2d3d_fp,12
RF+XGB,0.655640997220255,0.0559930698048531,0.5624995433521963,rdkit2d3d_fp,12
XGB+kNN,0.6539441085331941,0.060308851669125044,0.5762603964029088,rdkit2d3d_fp,12
LGBM+XGB,0.6497263095793588,0.06519846263732614,0.5807425135511325,rdkit2d3d_fp,12
LGBM,0.6446489764174164,0.07392574869250389,0.5843545924093545,rdkit2d3d_fp,12
XGB,0.6123691326256471,0.08166020805197509,0.5885704724798211,rdkit2d3d_fp,12
kNN,0.5915373960333083,0.04010863753883706,0.6415581918052892,rdkit2d3d_fp,12
ET+LGBM+SVM,0.7042136621135213,0.03856894360429246,0.5272343271583183,rdkit2d3d_fp,13
LGBM+SVM,0.6967334310011223,0.03530903098036279,0.5408973480182047,rdkit2d3d_fp,13
LGBM+SVM+kNN,0.6966418761904769,0.038921341875325685,0.5407010222412614,rdkit2d3d_fp,13
ET+LGBM+kNN,0.6956691889034081,0.04813737389244714,0.5338932834309701,rdkit2d3d_fp,13
RF+LGBM+SVM,0.694826697168665,0.04345150849299477,0.5383425706251704,rdkit2d3d_fp,13
LGBM+XGB+SVM,0.6940615732229207,0.03319446736713927,0.5415847262751037,rdkit2d3d_fp,13
RF+ET+SVM,0.6937303366079483,0.04173689476123172,0.5338455997020685,rdkit2d3d_fp,13
ET+LGBM,0.69272953465166,0.04775588823051414,0.535675964726285,rdkit2d3d_fp,13
ET+XGB+SVM,0.6914021347400834,0.035448222969375574,0.5354581254837272,rdkit2d3d_fp,13
ET+LGBM+XGB,0.6904277508126755,0.047107876025172836,0.5390670741301273,rdkit2d3d_fp,13
ET+SVM+kNN,0.6899931119560968,0.040032591062550194,0.5359787492977706,rdkit2d3d_fp,13
RF+ET+LGBM,0.6889855275059787,0.053234120014966996,0.5366669416182144,rdkit2d3d_fp,13
RF+SVM,0.687555603473475,0.04364703394933147,0.5446115538063108,rdkit2d3d_fp,13
RF+SVM+kNN,0.6875490491620484,0.045484172835110026,0.5422789608319647,rdkit2d3d_fp,13
RF+ET+kNN,0.6859540760009757,0.053651013900636105,0.5338740243928889,rdkit2d3d_fp,13
ET+SVM,0.6859223195154092,0.04105665114430903,0.5389485876283204,rdkit2d3d_fp,13
ET+XGB+kNN,0.6850153714695542,0.047568748006884355,0.53686973244165,rdkit2d3d_fp,13
RF+ET,0.6819404334652669,0.053959096080813236,0.5359279288049329,rdkit2d3d_fp,13
RF+ET+XGB,0.6817528526821854,0.05298438077308877,0.5368212123420009,rdkit2d3d_fp,13
RF+XGB+SVM,0.681644824656019,0.04234478598041892,0.5489156562922373,rdkit2d3d_fp,13
XGB+SVM+kNN,0.6805908243931005,0.03236242233764162,0.5531223465463396,rdkit2d3d_fp,13
XGB+SVM,0.6782894716437002,0.030145073242210906,0.5557029486816587,rdkit2d3d_fp,13
ET+XGB,0.678122612349891,0.048617558243176616,0.5433166243705255,rdkit2d3d_fp,13
RF+LGBM+kNN,0.6772789478146103,0.05824870006942729,0.5525277557441376,rdkit2d3d_fp,13
ET+kNN,0.6769442142747227,0.04546675844293073,0.5368376996919537,rdkit2d3d_fp,13
LGBM+XGB+kNN,0.6708423848186685,0.04965583157412537,0.5645202143270123,rdkit2d3d_fp,13
LGBM+kNN,0.670786124610546,0.05066592280694875,0.5677092686554038,rdkit2d3d_fp,13
RF+LGBM,0.6696032094322942,0.061727395279071416,0.5590285825976543,rdkit2d3d_fp,13
RF+LGBM+XGB,0.6686394869322496,0.061594194613106626,0.5596350753863162,rdkit2d3d_fp,13
RF+kNN,0.6658028271103769,0.062196434116022055,0.5533021763268808,rdkit2d3d_fp,13
RF+XGB+kNN,0.6645938054224423,0.06236846115802237,0.5550529652263803,rdkit2d3d_fp,13
ET,0.6643965506217503,0.0475091975606034,0.5402734209356611,rdkit2d3d_fp,13
SVM+kNN,0.6603541245421536,0.04142152464214785,0.5832751928966357,rdkit2d3d_fp,13
SVM,0.6602081824039283,0.04456911705482414,0.5856107002250217,rdkit2d3d_fp,13
LGBM+XGB,0.6566194015704285,0.05372091586165394,0.5772609665968969,rdkit2d3d_fp,13
LGBM,0.6564213175416244,0.04795937757475416,0.5809410201808547,rdkit2d3d_fp,13
RF+XGB,0.6562211242044363,0.06780102238513405,0.5618546471080448,rdkit2d3d_fp,13
RF,0.6559428860806993,0.06791008368373626,0.5629974245448512,rdkit2d3d_fp,13
XGB+kNN,0.6478048145433826,0.0584701642841461,0.5793918371522577,rdkit2d3d_fp,13
XGB,0.6137023912166247,0.07624857077647505,0.6004428547012134,rdkit2d3d_fp,13
kNN,0.5568660798633843,0.07216568849861024,0.6612452597047934,rdkit2d3d_fp,13
ET+LGBM,0.7413033905897771,0.026035294803367397,0.48568826656761266,rdkit2d3d_fp,14
ET+LGBM+XGB,0.7412743171495235,0.026059474482280465,0.48414287033057046,rdkit2d3d_fp,14
ET+LGBM+kNN,0.7385420022306908,0.041264640758757604,0.4883450194506141,rdkit2d3d_fp,14
RF+ET+LGBM,0.7385376257818766,0.025058904731205377,0.48465660320643555,rdkit2d3d_fp,14
ET+LGBM+SVM,0.7358473134502617,0.033643519062870234,0.48727653293140427,rdkit2d3d_fp,14
ET+XGB+kNN,0.7317780010141931,0.03922635786731722,0.4869689755152563,rdkit2d3d_fp,14
ET+XGB,0.7313263455070806,0.024682888508405214,0.4880866961614802,rdkit2d3d_fp,14
RF+ET,0.7308456862128792,0.022792043928548465,0.48903718801592955,rdkit2d3d_fp,14
RF+ET+XGB,0.7307769285012545,0.022412759552072472,0.48846780347816415,rdkit2d3d_fp,14
RF+ET+kNN,0.7287552482025961,0.035945274778814304,0.4898731265650872,rdkit2d3d_fp,14
ET+XGB+SVM,0.7264275442384924,0.02891180840988734,0.49152922411955247,rdkit2d3d_fp,14
LGBM+XGB+SVM,0.7263729904178122,0.04297538464408688,0.49890883153811805,rdkit2d3d_fp,14
RF+ET+SVM,0.7262299569816623,0.027061061371147194,0.4932215097346841,rdkit2d3d_fp,14
RF+LGBM+SVM,0.7231449808245349,0.03752765366031027,0.5011855529451126,rdkit2d3d_fp,14
ET+kNN,0.7223121842417085,0.039982100574434694,0.4976388202238943,rdkit2d3d_fp,14
LGBM+XGB+kNN,0.7193352316627573,0.048982671045123716,0.5149007523190858,rdkit2d3d_fp,14
LGBM+SVM,0.7192554761411772,0.045465648012240366,0.5071192248398081,rdkit2d3d_fp,14
LGBM+SVM+kNN,0.7189367711943749,0.05619169505068918,0.5030826638968937,rdkit2d3d_fp,14
ET,0.7187915271584502,0.019161738763448018,0.49405307949438065,rdkit2d3d_fp,14
ET+SVM,0.7174197271559875,0.027814278458988262,0.5015613391423057,rdkit2d3d_fp,14
RF+LGBM+kNN,0.7167464942561683,0.04227116712694475,0.5111069127611072,rdkit2d3d_fp,14
ET+SVM+kNN,0.7164410429645747,0.041097591723697716,0.49918984866732535,rdkit2d3d_fp,14
RF+LGBM,0.7141455793394746,0.01961787360344295,0.5146534126333642,rdkit2d3d_fp,14
RF+LGBM+XGB,0.7138985282856847,0.020311895817829717,0.5146455891373148,rdkit2d3d_fp,14
RF+XGB+SVM,0.7127270732559717,0.037069969465407956,0.5109887299397766,rdkit2d3d_fp,14
LGBM+XGB,0.7116908341575063,0.025415940733799394,0.5218375855175201,rdkit2d3d_fp,14
LGBM+kNN,0.7108214137492207,0.04849468688865022,0.5274457416149394,rdkit2d3d_fp,14
RF+SVM,0.7104939521079274,0.03203440409479323,0.5137310655384862,rdkit2d3d_fp,14
RF+SVM+kNN,0.7079729604500462,0.04481490975529672,0.5112239471540516,rdkit2d3d_fp,14
RF+XGB+kNN,0.7071366469273983,0.04109383510295386,0.5176369644741764,rdkit2d3d_fp,14
XGB+kNN,0.7064359845992711,0.05610680883201205,0.5282409709707103,rdkit2d3d_fp,14
XGB,0.7057898156406361,0.052496962104151994,0.5065626901546871,rdkit2d3d_fp,14
XGB+SVM+kNN,0.7049764869595971,0.05154141140393103,0.5148841087361257,rdkit2d3d_fp,14
LGBM,0.7036685260645256,0.016600426840628152,0.5240756001173926,rdkit2d3d_fp,14
XGB+SVM,0.7030675369792297,0.042623725739517664,0.5233135843802408,rdkit2d3d_fp,14
RF+kNN,0.7008322177000228,0.03938365279301843,0.5243266291730985,rdkit2d3d_fp,14
RF+XGB,0.7004341524502726,0.019749128826746086,0.5235531518983106,rdkit2d3d_fp,14
RF,0.6951212268348275,0.019324914487898703,0.5292697555454793,rdkit2d3d_fp,14
SVM,0.6816225234143374,0.049461780203407066,0.5515514319080446,rdkit2d3d_fp,14
SVM+kNN,0.6667881385598993,0.05768091635912528,0.5550808004582707,rdkit2d3d_fp,14
kNN,0.5918683763523949,0.078529830433951,0.630383284101157,rdkit2d3d_fp,14
ET,0.7125260459368755,0.05271619586659314,0.499393314282473,rdkit2d3d_fp,15
RF+ET,0.7114308043308004,0.043885752240340595,0.5081223182529314,rdkit2d3d_fp,15
RF+ET+SVM,0.7110757447397349,0.047251926695153164,0.512329126003934,rdkit2d3d_fp,15
ET+SVM,0.7099718646799487,0.049231529933769856,0.5181876417841713,rdkit2d3d_fp,15
RF+ET+kNN,0.7077296311164503,0.04963951929163997,0.5110872033447296,rdkit2d3d_fp,15
ET+SVM+kNN,0.7058022127923167,0.05221143156157892,0.5177529853779228,rdkit2d3d_fp,15
RF+ET+XGB,0.705535861375303,0.04473202625321242,0.5106570515111486,rdkit2d3d_fp,15
ET+kNN,0.7046446985094403,0.05201399541856226,0.5155572900212917,rdkit2d3d_fp,15
ET+LGBM+SVM,0.7046144434856314,0.03657925115483971,0.5122952992466404,rdkit2d3d_fp,15
ET+XGB+SVM,0.7038460446082306,0.0472567145956831,0.5163669191566002,rdkit2d3d_fp,15
RF+ET+LGBM,0.7020952219076841,0.03405817927833578,0.514669715301425,rdkit2d3d_fp,15
ET+XGB,0.7008422424525482,0.04877621379362029,0.5132607820580979,rdkit2d3d_fp,15
ET+LGBM,0.6998025617403345,0.03031407627434483,0.5157861569437365,rdkit2d3d_fp,15
ET+XGB+kNN,0.6989709277415711,0.0541107400937906,0.5147150788610028,rdkit2d3d_fp,15
RF+SVM,0.6983616721435124,0.04510806355680207,0.5271941058879172,rdkit2d3d_fp,15
ET+LGBM+kNN,0.6966749143504166,0.037326096751655075,0.5199181508441526,rdkit2d3d_fp,15
RF+SVM+kNN,0.695065699862071,0.049687950719662456,0.5296882128201977,rdkit2d3d_fp,15
RF+XGB+SVM,0.694711626396248,0.04365645011868469,0.5284643198739858,rdkit2d3d_fp,15
RF+LGBM+SVM,0.6938824725451601,0.0400744506327051,0.5248520697959946,rdkit2d3d_fp,15
ET+LGBM+XGB,0.6913531799604175,0.03697522032648143,0.520906665228275,rdkit2d3d_fp,15
LGBM+SVM,0.6857290297163046,0.033071379101254704,0.5319386727007197,rdkit2d3d_fp,15
RF+kNN,0.6843403544810612,0.051124818264587174,0.539036060896002,rdkit2d3d_fp,15
LGBM+SVM+kNN,0.6841055558944686,0.0396237210961959,0.5340887460282651,rdkit2d3d_fp,15
RF,0.6825706404317934,0.03902010535459766,0.5448862127009197,rdkit2d3d_fp,15
RF+XGB+kNN,0.6799810184645707,0.051368229633058,0.5386230654315043,rdkit2d3d_fp,15
LGBM+XGB+SVM,0.6793260167469007,0.037721369108769234,0.533959655708195,rdkit2d3d_fp,15
RF+LGBM,0.6784605085441626,0.033105186564643424,0.5423768600893204,rdkit2d3d_fp,15
RF+XGB,0.6779993475869717,0.042290174230604015,0.5426738745822648,rdkit2d3d_fp,15
RF+LGBM+kNN,0.6776810494789091,0.04405735985217527,0.5412562752801402,rdkit2d3d_fp,15
XGB+SVM+kNN,0.6750004075035071,0.04809658871348014,0.5428006869099562,rdkit2d3d_fp,15
XGB+SVM,0.674702369831934,0.04126529447378179,0.5456904957234109,rdkit2d3d_fp,15
RF+LGBM+XGB,0.6729606542156656,0.03309064376078946,0.5436385941678408,rdkit2d3d_fp,15
SVM,0.663537140749823,0.032808836968973715,0.5763720068254825,rdkit2d3d_fp,15
LGBM+kNN,0.6590075743927192,0.041806979641640214,0.5585464399320984,rdkit2d3d_fp,15
LGBM,0.658885604381226,0.03189791350242312,0.5599163382361203,rdkit2d3d_fp,15
SVM+kNN,0.6586984121660958,0.049180305223845186,0.5695851335949831,rdkit2d3d_fp,15
LGBM+XGB+kNN,0.6584135455912654,0.0452584508967754,0.5528612232625697,rdkit2d3d_fp,15
XGB+kNN,0.6541883264757109,0.055677103507177944,0.5615961152217936,rdkit2d3d_fp,15
LGBM+XGB,0.6524579327451476,0.03467587718479376,0.5620097909390227,rdkit2d3d_fp,15
XGB,0.6443466159169899,0.051557116790217385,0.5665059145666146,rdkit2d3d_fp,15
kNN,0.5485470948056083,0.06519794610080978,0.659862253422628,rdkit2d3d_fp,15
ET+LGBM+SVM,0.7237101166292822,0.03727681813470548,0.5028633685593651,rdkit2d3d_fp,16
LGBM+XGB+SVM,0.7215327115717368,0.032761283939936235,0.5175018305415146,rdkit2d3d_fp,16
ET+XGB+SVM,0.7197346233868076,0.04188673747063324,0.5031076164000412,rdkit2d3d_fp,16
RF+LGBM+SVM,0.7188154461445271,0.03583254174505007,0.512753479579271,rdkit2d3d_fp,16
LGBM+SVM,0.7180347960980831,0.03253991139117786,0.5215072691023906,rdkit2d3d_fp,16
LGBM+SVM+kNN,0.7168717119793937,0.03163361366803457,0.518309844576642,rdkit2d3d_fp,16
RF+ET+SVM,0.7161505993152038,0.042618922376594474,0.5042818350983007,rdkit2d3d_fp,16
ET+SVM,0.7153968152600452,0.041941774005824814,0.5071314733557687,rdkit2d3d_fp,16
ET+SVM+kNN,0.7140068132212429,0.04281313849869395,0.5066387708555078,rdkit2d3d_fp,16
XGB+SVM,0.7128541922481775,0.035133146142746,0.5246794296574219,rdkit2d3d_fp,16
XGB+SVM+kNN,0.7127776087839525,0.037474852040838384,0.520763534190163,rdkit2d3d_fp,16
ET+LGBM+XGB,0.7123023324241908,0.037049409746620916,0.5113584020758503,rdkit2d3d_fp,16
RF+SVM,0.7111973814113507,0.03984752916855433,0.5178311423207147,rdkit2d3d_fp,16
RF+SVM+kNN,0.7100494281760569,0.03958680847628166,0.5165890476969753,rdkit2d3d_fp,16
ET+LGBM,0.7093581472200143,0.03769883561494202,0.5162366517236793,rdkit2d3d_fp,16
RF+XGB+SVM,0.7093091739578021,0.042378059934758315,0.520739605652853,rdkit2d3d_fp,16
ET+LGBM+kNN,0.7091808686515885,0.038404409442223744,0.5170984433356243,rdkit2d3d_fp,16
RF+ET+LGBM,0.7067981630410867,0.03837846077325501,0.5140365973136005,rdkit2d3d_fp,16
ET+XGB+kNN,0.7040665379789403,0.04297119602880677,0.5200878922766352,rdkit2d3d_fp,16
ET+XGB,0.702526192969463,0.04157422786243792,0.5222887273092642,rdkit2d3d_fp,16
RF+ET+XGB,0.7010698711940637,0.04203089729547994,0.5192448419309166,rdkit2d3d_fp,16
RF+ET+kNN,0.6997672327472126,0.042640252474386416,0.5211525530939565,rdkit2d3d_fp,16
RF+ET,0.6991855843147674,0.04101088584019131,0.5211924094426745,rdkit2d3d_fp,16
ET+kNN,0.6937801354085783,0.04404331219509936,0.5315235961013722,rdkit2d3d_fp,16
RF+LGBM+kNN,0.6936183043207483,0.03762195082724102,0.5339048668736778,rdkit2d3d_fp,16
LGBM+XGB+kNN,0.6934673304487087,0.0359898224210418,0.535633945770867,rdkit2d3d_fp,16
SVM,0.6930414522938323,0.03696896283682085,0.5525860892007434,rdkit2d3d_fp,16
RF+LGBM+XGB,0.6916381310841756,0.0411026082334692,0.5374505842359333,rdkit2d3d_fp,16
SVM+kNN,0.6901086615010825,0.03668702318592224,0.5470372629642221,rdkit2d3d_fp,16
RF+LGBM,0.6889034607278866,0.0410556143655839,0.5404797211923569,rdkit2d3d_fp,16
ET,0.6873546015526028,0.046368927807806076,0.5293486660612479,rdkit2d3d_fp,16
RF+XGB+kNN,0.6863341280663011,0.04173107628115569,0.5437006773160802,rdkit2d3d_fp,16
LGBM+XGB,0.6848281258688345,0.040600822655283815,0.5500383096517153,rdkit2d3d_fp,16
LGBM+kNN,0.6823109098492137,0.03776190351116915,0.5473744986541147,rdkit2d3d_fp,16
RF+kNN,0.6796451304079685,0.03899008542553463,0.5496680285456554,rdkit2d3d_fp,16
XGB+kNN,0.6792021567904123,0.03907616421584942,0.5623198235595239,rdkit2d3d_fp,16
RF+XGB,0.6787629652691299,0.04147418769017211,0.5508138164719671,rdkit2d3d_fp,16
RF,0.6746400867923203,0.037076473071214304,0.5489337751928589,rdkit2d3d_fp,16
LGBM,0.6729262307305017,0.05509012301591314,0.5553015020256147,rdkit2d3d_fp,16
XGB,0.6663308746603497,0.0430437642477249,0.5606863909118935,rdkit2d3d_fp,16
kNN,0.5610300508160044,0.033862393013362704,0.6586410867044628,rdkit2d3d_fp,16
ET+LGBM+kNN,0.6963450949242714,0.059681331282529365,0.5307302869832393,rdkit2d3d_fp,17
ET+LGBM+SVM,0.6963140131093816,0.05807390564514058,0.5275114893821284,rdkit2d3d_fp,17
ET+LGBM,0.6959673411439804,0.05600280475048097,0.5281448969869279,rdkit2d3d_fp,17
ET+LGBM+XGB,0.6954615197961019,0.056376987777038395,0.5297338967763551,rdkit2d3d_fp,17
ET+XGB+kNN,0.6952879807307015,0.05762353140068294,0.524292466404693,rdkit2d3d_fp,17
RF+ET+LGBM,0.6947158412107795,0.05992464241625689,0.5249409487371004,rdkit2d3d_fp,17
RF+ET+kNN,0.6937374087049922,0.06398657108434308,0.5223491599628035,rdkit2d3d_fp,17
ET+kNN,0.6933247307677054,0.06071070554753576,0.5274573816554191,rdkit2d3d_fp,17
ET+XGB+SVM,0.693061258932903,0.05642902604288018,0.5245195075644723,rdkit2d3d_fp,17
RF+ET,0.6926695740041814,0.06262224173087079,0.519635455735639,rdkit2d3d_fp,17
ET+XGB,0.6926551459045556,0.05584268124708852,0.5243871164662088,rdkit2d3d_fp,17
RF+ET+XGB,0.6907361396429804,0.06311444780971943,0.5222559916613129,rdkit2d3d_fp,17
RF+ET+SVM,0.6906860048995866,0.06364239717025867,0.525469594525215,rdkit2d3d_fp,17
ET+SVM,0.6898717953772859,0.05732401037282825,0.5280925120904472,rdkit2d3d_fp,17
ET+SVM+kNN,0.6885949657734022,0.05911725264263909,0.5288744260599769,rdkit2d3d_fp,17
ET,0.6871392834723228,0.06024356331463339,0.5251973710210163,rdkit2d3d_fp,17
RF+LGBM+SVM,0.6833236208636893,0.0658820448205636,0.5380663702232945,rdkit2d3d_fp,17
LGBM+XGB+SVM,0.6819704330696358,0.06862835730318824,0.5436311032555274,rdkit2d3d_fp,17
RF+LGBM+kNN,0.6806444285759952,0.0653772416232353,0.5485829047369886,rdkit2d3d_fp,17
LGBM+SVM,0.679273613199349,0.06388838548133756,0.5453194026798782,rdkit2d3d_fp,17
LGBM+SVM+kNN,0.6783977157048295,0.06489102882037187,0.5485361846445456,rdkit2d3d_fp,17
RF+SVM+kNN,0.676004686593625,0.07144418397808977,0.5427243290674282,rdkit2d3d_fp,17
RF+SVM,0.6758540924574516,0.07105826457905481,0.5420198787105257,rdkit2d3d_fp,17
LGBM+XGB+kNN,0.6754008975891646,0.06437334237791847,0.5573280704970759,rdkit2d3d_fp,17
RF+LGBM,0.675174720292885,0.06118381623571285,0.5493326066486043,rdkit2d3d_fp,17
RF+LGBM+XGB,0.6735185107882062,0.06220563948699605,0.551977522944157,rdkit2d3d_fp,17
XGB+SVM+kNN,0.6733869414968022,0.06607422198907686,0.5443201692613776,rdkit2d3d_fp,17
RF+XGB+kNN,0.6733104872147486,0.07012307266790092,0.5502186310366224,rdkit2d3d_fp,17
RF+kNN,0.6733007720527889,0.0703933902269697,0.5492646919754137,rdkit2d3d_fp,17
XGB+SVM,0.6732529657703559,0.06651087025596499,0.5448739566323024,rdkit2d3d_fp,17
RF+XGB+SVM,0.6732053767162667,0.07389944766389853,0.5444397461690327,rdkit2d3d_fp,17
LGBM+kNN,0.66993219172715,0.06153351905180796,0.5650708742132251,rdkit2d3d_fp,17
LGBM+XGB,0.6676720792273146,0.05867400626359341,0.5614881699405726,rdkit2d3d_fp,17
RF+XGB,0.6655639263176367,0.06972515693626227,0.5506724635358647,rdkit2d3d_fp,17
XGB+kNN,0.6654296491261679,0.05765664657675286,0.5629588037004531,rdkit2d3d_fp,17
RF,0.6634016321386202,0.06341639562805299,0.5531187916860413,rdkit2d3d_fp,17
LGBM,0.6589308600230213,0.06141847232923797,0.56780215166191,rdkit2d3d_fp,17
XGB,0.6492154430645612,0.055564334298623154,0.5557604960515161,rdkit2d3d_fp,17
SVM+kNN,0.6387243124813995,0.07446885922296091,0.5775636773934089,rdkit2d3d_fp,17
SVM,0.636714092160687,0.0468614003238359,0.5944639223486174,rdkit2d3d_fp,17
kNN,0.5724712635376016,0.05832991995313936,0.6510593003322315,rdkit2d3d_fp,17
ET+LGBM+kNN,0.687338066816508,0.038373038012364274,0.5138500633521701,rdkit2d3d_fp,18
ET+LGBM,0.6867634579351557,0.03819850067101829,0.5146647051121854,rdkit2d3d_fp,18
ET+LGBM+SVM,0.6842542089220518,0.048172264266762264,0.522775430440926,rdkit2d3d_fp,18
ET+LGBM+XGB,0.6841009789413662,0.03523254242504775,0.5161940238265417,rdkit2d3d_fp,18
LGBM+XGB+SVM,0.6794480478359443,0.03195837295382295,0.5446484056976924,rdkit2d3d_fp,18
LGBM+SVM+kNN,0.6783583684272249,0.032520417816995786,0.5421759394257885,rdkit2d3d_fp,18
RF+ET+LGBM,0.6782303038697163,0.04288277553078668,0.5218125274022059,rdkit2d3d_fp,18
LGBM+SVM,0.6779683702395151,0.033979867778976894,0.547037733109596,rdkit2d3d_fp,18
RF+ET,0.6775476124952686,0.04557758776492623,0.5206691899354755,rdkit2d3d_fp,18
ET+XGB+kNN,0.6774844722711999,0.0372084146241865,0.5244960786235799,rdkit2d3d_fp,18
ET+XGB,0.6771339399163312,0.03926010708544851,0.5229794771937569,rdkit2d3d_fp,18
LGBM+XGB+kNN,0.6770562808073846,0.018957135805204122,0.5375845951925966,rdkit2d3d_fp,18
RF+ET+kNN,0.6759706918891639,0.04180809864247245,0.5230454592699989,rdkit2d3d_fp,18
RF+ET+SVM,0.6754250408486071,0.05258298551451236,0.5274537405111008,rdkit2d3d_fp,18
LGBM+kNN,0.6751307813606416,0.02355071339234794,0.5398560698761721,rdkit2d3d_fp,18
RF+ET+XGB,0.6741270645637487,0.04851000391680323,0.522863705949293,rdkit2d3d_fp,18
ET+XGB+SVM,0.6741195686464776,0.05229656356032155,0.5288315169337879,rdkit2d3d_fp,18
RF+LGBM+SVM,0.6704590094702241,0.04829464823946007,0.5474048763127012,rdkit2d3d_fp,18
RF+SVM,0.6699035629316796,0.04625827410068082,0.5473406852879442,rdkit2d3d_fp,18
RF+LGBM+kNN,0.6696736082041274,0.03525768197602979,0.5361893673284526,rdkit2d3d_fp,18
LGBM+XGB,0.6695583363140273,0.023467804317949197,0.5467371735476313,rdkit2d3d_fp,18
RF+SVM+kNN,0.6691164329150554,0.04162698713689417,0.5445613916662134,rdkit2d3d_fp,18
ET+kNN,0.6690882177257604,0.05022609018835574,0.5226326941154708,rdkit2d3d_fp,18
ET+SVM+kNN,0.6681348356341604,0.05906019772165296,0.5306318639199314,rdkit2d3d_fp,18
ET+SVM,0.6675340382586051,0.06539983385413732,0.529130594224317,rdkit2d3d_fp,18
RF+LGBM,0.6661833560187543,0.04763879720599867,0.5367885982299307,rdkit2d3d_fp,18
XGB+SVM+kNN,0.6659051995002989,0.03406236483985564,0.5576971545634287,rdkit2d3d_fp,18
RF+XGB+SVM,0.664308711943794,0.05215659802575658,0.5521999179240202,rdkit2d3d_fp,18
RF+LGBM+XGB,0.6633281113056368,0.04902899820144038,0.5388719862717107,rdkit2d3d_fp,18
LGBM,0.6626540141589373,0.01866402390221352,0.550436140979609,rdkit2d3d_fp,18
ET,0.6616812822979123,0.05836937765368414,0.520484022475314,rdkit2d3d_fp,18
RF+kNN,0.6611356435647837,0.038160896565693284,0.5398792883764849,rdkit2d3d_fp,18
RF+XGB+kNN,0.6595219035104423,0.04205471143595637,0.5441754930817568,rdkit2d3d_fp,18
XGB+SVM,0.6592431524512377,0.0446821926231439,0.5681558073610026,rdkit2d3d_fp,18
RF,0.6591120510675297,0.05682920095643986,0.5410439492780414,rdkit2d3d_fp,18
RF+XGB,0.6557630863793739,0.0601014947726654,0.5446062797779495,rdkit2d3d_fp,18
XGB+kNN,0.6554627754684594,0.018502593520127307,0.5679343166137186,rdkit2d3d_fp,18
SVM,0.6428694710654737,0.04868913796421174,0.58659583737507,rdkit2d3d_fp,18
XGB,0.6424823433399681,0.050691283168152836,0.5689534867581054,rdkit2d3d_fp,18
SVM+kNN,0.6290872199691183,0.04854692415310568,0.5918627726295205,rdkit2d3d_fp,18
kNN,0.56520110063451,0.04159318098692717,0.6317689428274381,rdkit2d3d_fp,18
ET+LGBM+SVM,0.7615756694348761,0.04871214917663949,0.4628829137918252,rdkit2d3d_fp,19
RF+ET+LGBM,0.7609212250760802,0.043979117875973146,0.46322235611003376,rdkit2d3d_fp,19
ET+LGBM+XGB,0.7607947651217951,0.04208730704291549,0.46320705707817245,rdkit2d3d_fp,19
ET+LGBM,0.7603015704919154,0.04157963601066742,0.46364525615605157,rdkit2d3d_fp,19
ET+LGBM+kNN,0.7601895186173884,0.048302860503664335,0.4637165950365169,rdkit2d3d_fp,19
RF+ET+SVM,0.7583945982230165,0.04728996075965168,0.4676904443873305,rdkit2d3d_fp,19
RF+ET,0.758324817689968,0.04216410241686478,0.4634181401953459,rdkit2d3d_fp,19
RF+ET+XGB,0.7573145113822214,0.040673774307482445,0.4658891495928959,rdkit2d3d_fp,19
RF+ET+kNN,0.7572234505938751,0.047323104124018404,0.4639807775160979,rdkit2d3d_fp,19
ET+XGB+kNN,0.7571359044231382,0.046091591481909125,0.46289779389166014,rdkit2d3d_fp,19
ET+XGB,0.7571359014422571,0.03741551933652644,0.46386951140984733,rdkit2d3d_fp,19
ET+XGB+SVM,0.756860413772297,0.04980207458749672,0.4669137524780698,rdkit2d3d_fp,19
ET+kNN,0.7554874224589953,0.0423733865339146,0.4651114327096634,rdkit2d3d_fp,19
ET,0.7545905875292058,0.03808213507532872,0.46711272029322337,rdkit2d3d_fp,19
ET+SVM,0.7538108669741532,0.04765890532386722,0.47439514092267776,rdkit2d3d_fp,19
ET+SVM+kNN,0.7530020016892873,0.05342904333052002,0.47429415420613247,rdkit2d3d_fp,19
RF+LGBM+SVM,0.7469695008770743,0.05012903831887786,0.4844561499240627,rdkit2d3d_fp,19
LGBM+XGB+SVM,0.7457854697694823,0.052302590824188824,0.4828165230304958,rdkit2d3d_fp,19
LGBM+SVM+kNN,0.7418732821993549,0.05910162835379211,0.48614597462740117,rdkit2d3d_fp,19
LGBM+SVM,0.7414646063793523,0.04997592126071634,0.4883715930889151,rdkit2d3d_fp,19
RF+SVM,0.7411932911580144,0.05021283284954004,0.4907926105157953,rdkit2d3d_fp,19
RF+XGB+SVM,0.7395247898090587,0.04987084492603604,0.49153896416698284,rdkit2d3d_fp,19
RF+SVM+kNN,0.7394532618699851,0.05737276567411162,0.49125774968707586,rdkit2d3d_fp,19
RF+LGBM+kNN,0.7365003290560305,0.05698835921088843,0.49331220738402737,rdkit2d3d_fp,19
LGBM+XGB+kNN,0.7346090317282937,0.05766776406535712,0.5002384138258803,rdkit2d3d_fp,19
XGB+SVM+kNN,0.733221348093464,0.06657789762043513,0.4986409589314718,rdkit2d3d_fp,19
RF+LGBM+XGB,0.7309910248310102,0.05224032004289114,0.4975680119836315,rdkit2d3d_fp,19
XGB+SVM,0.7305516935305854,0.059266602129825985,0.4975394913196773,rdkit2d3d_fp,19
RF+XGB+kNN,0.7304483850661555,0.055451180364951606,0.5006245529571437,rdkit2d3d_fp,19
RF+LGBM,0.729490929861816,0.05196075914415124,0.49902120521438487,rdkit2d3d_fp,19
RF+kNN,0.7263810927137028,0.05735358539159661,0.5030997751490435,rdkit2d3d_fp,19
LGBM+kNN,0.7251272629987822,0.05555088683128901,0.5106262672872524,rdkit2d3d_fp,19
RF+XGB,0.7228991097066045,0.051317882802780504,0.50311809430266,rdkit2d3d_fp,19
LGBM+XGB,0.7206904115241886,0.047641538149850275,0.5136572873622253,rdkit2d3d_fp,19
XGB+kNN,0.7199170569814006,0.05994644466857092,0.5190300565702766,rdkit2d3d_fp,19
RF,0.7155992254181458,0.05244956857545039,0.5094798786451571,rdkit2d3d_fp,19
LGBM,0.7123013426866521,0.05285905069735403,0.514584136042419,rdkit2d3d_fp,19
XGB,0.7063912072619174,0.055110684721184376,0.5070213679307212,rdkit2d3d_fp,19
SVM,0.7039391159505194,0.038942345386565075,0.5322030682824339,rdkit2d3d_fp,19
SVM+kNN,0.6994218877529292,0.0737953239044004,0.5396039484606449,rdkit2d3d_fp,19
kNN,0.6243224793519561,0.07304295739604527,0.6089416303953719,rdkit2d3d_fp,19
ET+LGBM+SVM,0.7519833835189864,0.062423408006157206,0.47496115019128815,rdkit2d3d_fp,20
ET+SVM,0.74985728659602,0.06017327073876328,0.48052298854801145,rdkit2d3d_fp,20
RF+ET+SVM,0.747583278558823,0.05727605559605111,0.48177862805445837,rdkit2d3d_fp,20
ET+XGB+SVM,0.7461635958771439,0.06186900548407791,0.4811881098832905,rdkit2d3d_fp,20
ET+SVM+kNN,0.7442826015097788,0.06330644808772849,0.4869757906956399,rdkit2d3d_fp,20
ET+LGBM,0.7407602562167949,0.06303200702833703,0.4733512829647696,rdkit2d3d_fp,20
RF+ET+LGBM,0.7382377416907615,0.06336856221759815,0.4774533274733179,rdkit2d3d_fp,20
ET+LGBM+XGB,0.7366713401610181,0.06103588272197537,0.47563407232438326,rdkit2d3d_fp,20
ET+LGBM+kNN,0.7363876523968196,0.06924318516273233,0.48056815341407494,rdkit2d3d_fp,20
RF+LGBM+SVM,0.7361481746375383,0.0621572940710591,0.49593063097593887,rdkit2d3d_fp,20
RF+ET,0.7358327094966094,0.05923847474150835,0.4800363052187044,rdkit2d3d_fp,20
ET,0.7356172935895071,0.049851473226373774,0.4737464584184897,rdkit2d3d_fp,20
LGBM+SVM,0.735290803200982,0.06590708827799939,0.4980651299309674,rdkit2d3d_fp,20
RF+SVM,0.7351792011787096,0.058844709911266675,0.4984537803834563,rdkit2d3d_fp,20
ET+kNN,0.7349808129460016,0.06298468166312007,0.4838548842981373,rdkit2d3d_fp,20
LGBM+XGB+SVM,0.7347800145222669,0.06339655644489385,0.49624051393645763,rdkit2d3d_fp,20
LGBM+SVM+kNN,0.7317491377414369,0.06609981723145941,0.49882604087945337,rdkit2d3d_fp,20
RF+ET+kNN,0.7313260781036677,0.06567361278818945,0.4845724577718176,rdkit2d3d_fp,20
ET+XGB,0.7310163667279576,0.06122542109273287,0.48531604081992796,rdkit2d3d_fp,20
RF+ET+XGB,0.7295212191605375,0.05603608796634783,0.48555697380094837,rdkit2d3d_fp,20
ET+XGB+kNN,0.729336179914992,0.06922485261292219,0.4877355650023604,rdkit2d3d_fp,20
RF+SVM+kNN,0.7284075636265774,0.06128930453941523,0.5030093394940358,rdkit2d3d_fp,20
RF+XGB+SVM,0.7283652653828769,0.05665289674532291,0.5026225657329286,rdkit2d3d_fp,20
XGB+SVM,0.7258591670064903,0.06561163120971096,0.510262054895726,rdkit2d3d_fp,20
XGB+SVM+kNN,0.7237606680293039,0.06584847300737576,0.509262416362978,rdkit2d3d_fp,20
SVM,0.7162874960432676,0.06660264912022082,0.5275851575863786,rdkit2d3d_fp,20
RF+LGBM+kNN,0.7143238791570304,0.07280940596321699,0.5054086526057417,rdkit2d3d_fp,20
SVM+kNN,0.7112304642582882,0.07032594287291682,0.5277713939956707,rdkit2d3d_fp,20
RF+LGBM,0.7095924617886638,0.07178877259955711,0.5132885752144742,rdkit2d3d_fp,20
LGBM+XGB+kNN,0.7083062262626789,0.07042935052461882,0.5126780111898649,rdkit2d3d_fp,20
LGBM+kNN,0.7077745912535631,0.07190097366929238,0.5161596491977318,rdkit2d3d_fp,20
RF+kNN,0.7066521002782998,0.07210196810340526,0.5119427581776039,rdkit2d3d_fp,20
RF+LGBM+XGB,0.7049417276175469,0.06809265361928497,0.5136241202216698,rdkit2d3d_fp,20
RF+XGB+kNN,0.7010011137237588,0.06861973294916365,0.514661617274076,rdkit2d3d_fp,20
RF,0.6983892604191866,0.06820467172021237,0.5211674308592329,rdkit2d3d_fp,20
LGBM+XGB,0.6962954109012415,0.07166448293860876,0.5322943308822528,rdkit2d3d_fp,20
LGBM,0.6955535171904679,0.07465302869080855,0.5262855807788519,rdkit2d3d_fp,20
RF+XGB,0.6926459785943548,0.0665102613956917,0.5220259200162586,rdkit2d3d_fp,20
XGB+kNN,0.6910378062431703,0.07819955214619817,0.5306106840048439,rdkit2d3d_fp,20
XGB,0.669577653193661,0.0845360339635499,0.5422392949219481,rdkit2d3d_fp,20
kNN,0.6093574710175276,0.06610552920765708,0.5985186847723059,rdkit2d3d_fp,20
ET+LGBM+SVM,0.7219470747329835,0.03896434337929941,0.5031694679544806,rdkit2d3d_fp,21
ET+XGB+SVM,0.7214187106040626,0.04707262071155697,0.5022530838603405,rdkit2d3d_fp,21
ET+SVM,0.7179001496349898,0.05244931298572431,0.5033664997584428,rdkit2d3d_fp,21
ET+SVM+kNN,0.717510870191616,0.05498376825638463,0.506703565256471,rdkit2d3d_fp,21
RF+ET+SVM,0.7153480439744266,0.04722743224147446,0.5090930198514658,rdkit2d3d_fp,21
ET+LGBM+kNN,0.7083287066868011,0.04330828927991885,0.5179679040732624,rdkit2d3d_fp,21
ET+LGBM+XGB,0.7081677085430187,0.04210783680301231,0.5161753776148087,rdkit2d3d_fp,21
LGBM+XGB+SVM,0.7081436310031061,0.03024494114344124,0.5187899444063846,rdkit2d3d_fp,21
ET+XGB+kNN,0.7076464019247907,0.05175606593060661,0.5157936503288555,rdkit2d3d_fp,21
ET+LGBM,0.7061709730483676,0.04089920521397784,0.5184847640533221,rdkit2d3d_fp,21
RF+XGB+SVM,0.7058542875699013,0.04080148898886801,0.5186780390723796,rdkit2d3d_fp,21
LGBM+SVM,0.7047930455422794,0.027417441770738574,0.5237431674045758,rdkit2d3d_fp,21
XGB+SVM,0.7041070753647712,0.040275693944849485,0.5232733097759038,rdkit2d3d_fp,21
ET+XGB,0.7034953292698328,0.04768631399875738,0.5166543255813247,rdkit2d3d_fp,21
RF+LGBM+SVM,0.7034112333584122,0.0370251323203792,0.5210055360443061,rdkit2d3d_fp,21
RF+ET+LGBM,0.7029637623351235,0.04262178404018149,0.5196291929222583,rdkit2d3d_fp,21
XGB+SVM+kNN,0.7029570656648154,0.04390749334881653,0.5247174640739289,rdkit2d3d_fp,21
LGBM+SVM+kNN,0.7028539980002878,0.03422090987634129,0.5253932591812519,rdkit2d3d_fp,21
RF+ET+XGB,0.702585225487128,0.04526414551938086,0.5161095905726808,rdkit2d3d_fp,21
ET+kNN,0.7019256011593045,0.05763928976422975,0.5186801733935714,rdkit2d3d_fp,21
RF+ET+kNN,0.7000054475995535,0.05122746375818625,0.519665059694866,rdkit2d3d_fp,21
RF+SVM,0.6992870523498247,0.04450998059674944,0.526446990646546,rdkit2d3d_fp,21
RF+ET,0.6977930143583645,0.0469700011498658,0.5203351416398054,rdkit2d3d_fp,21
RF+SVM+kNN,0.6965520670592242,0.04735362112135211,0.5279294982352863,rdkit2d3d_fp,21
ET,0.6911141769585496,0.057270503455251316,0.5103572805202643,rdkit2d3d_fp,21
LGBM+XGB+kNN,0.6826118567372246,0.03564316101939762,0.5450523324154043,rdkit2d3d_fp,21
RF+XGB+kNN,0.6783630899416784,0.0468230651323712,0.5399804060142006,rdkit2d3d_fp,21
RF+LGBM+kNN,0.6780172299823176,0.04160510581658343,0.5421041903047386,rdkit2d3d_fp,21
RF+LGBM+XGB,0.6769255038693631,0.03682433359035006,0.5425206955508275,rdkit2d3d_fp,21
SVM,0.6731243804690532,0.04253738206456707,0.5683580890382757,rdkit2d3d_fp,21
LGBM+XGB,0.6719616669674069,0.03148671027703617,0.5570807609525636,rdkit2d3d_fp,21
SVM+kNN,0.6715619723170974,0.05655079115017506,0.5605882851361915,rdkit2d3d_fp,21
LGBM+kNN,0.6713988843129242,0.031064071612585856,0.5628415400531804,rdkit2d3d_fp,21
RF+XGB,0.6704219600025934,0.04385307196451137,0.5444117490476067,rdkit2d3d_fp,21
XGB+kNN,0.6703756466835156,0.046788024972791636,0.5584136727751313,rdkit2d3d_fp,21
RF+LGBM,0.6701617480446453,0.038470106103190904,0.5495604530596182,rdkit2d3d_fp,21
RF+kNN,0.665678706897172,0.05058387475386848,0.5501985074333181,rdkit2d3d_fp,21
RF,0.6565177834157957,0.04821101577291827,0.5551855339465043,rdkit2d3d_fp,21
LGBM,0.654787216857813,0.025646278758252733,0.5756851703597601,rdkit2d3d_fp,21
XGB,0.652652340978102,0.046571872515035376,0.5596025121475087,rdkit2d3d_fp,21
kNN,0.5488531271981311,0.05967718565941193,0.6704559246095868,rdkit2d3d_fp,21
ET+LGBM+SVM,0.7575794703013989,0.022084988697099333,0.4866389129992951,rdkit2d3d_fp,22
ET+XGB+SVM,0.7564296121233323,0.030908245417179486,0.485947325548098,rdkit2d3d_fp,22
ET+LGBM+XGB,0.7559857593418784,0.028324009242147688,0.4907835988209457,rdkit2d3d_fp,22
ET+LGBM+kNN,0.7559550783076536,0.021518833848543768,0.48987555329456367,rdkit2d3d_fp,22
ET+LGBM,0.755384159439215,0.024899406239170793,0.49056565735676055,rdkit2d3d_fp,22
ET+XGB+kNN,0.7549765772446391,0.02864764328577276,0.48752669050673125,rdkit2d3d_fp,22
RF+ET+SVM,0.7547537901878624,0.031677003688851096,0.48458053598123757,rdkit2d3d_fp,22
RF+ET+LGBM,0.7542690260589955,0.030107071494375224,0.4893250596728798,rdkit2d3d_fp,22
RF+ET+XGB,0.7519205611614714,0.04122078663854526,0.4856466773153555,rdkit2d3d_fp,22
ET+XGB,0.7516505717982447,0.03746310801083835,0.4869558094841568,rdkit2d3d_fp,22
RF+ET+kNN,0.7510927082743812,0.03290096799808899,0.4853017118737701,rdkit2d3d_fp,22
ET+SVM+kNN,0.7500875699476137,0.02768319288797108,0.48695917205999795,rdkit2d3d_fp,22
ET+SVM,0.7493748534889472,0.02741433108794135,0.4872694000817662,rdkit2d3d_fp,22
RF+ET,0.74923030798383,0.04051697973579043,0.4868710299174522,rdkit2d3d_fp,22
ET+kNN,0.7473304206968644,0.025887507621964144,0.49318438974677037,rdkit2d3d_fp,22
RF+XGB+SVM,0.741936542143673,0.03374300501294094,0.5028184119926763,rdkit2d3d_fp,22
RF+LGBM+SVM,0.740769719716598,0.02530998520786321,0.504067767511738,rdkit2d3d_fp,22
LGBM+XGB+SVM,0.7392712115594875,0.023486049190829715,0.5084565670278571,rdkit2d3d_fp,22
RF+SVM,0.7369995774365579,0.03350332522491818,0.505088332488247,rdkit2d3d_fp,22
ET,0.7359199782909734,0.029842304406315186,0.49279389983703376,rdkit2d3d_fp,22
RF+SVM+kNN,0.7356580302840585,0.0323520323510294,0.5045816031823821,rdkit2d3d_fp,22
XGB+SVM+kNN,0.7354559242971263,0.0305362650259019,0.5124776122760648,rdkit2d3d_fp,22
LGBM+SVM+kNN,0.7350385677301121,0.023370996597000572,0.5085587644847215,rdkit2d3d_fp,22
LGBM+SVM,0.7346216452427682,0.02262956780597891,0.5103476590627164,rdkit2d3d_fp,22
LGBM+XGB+kNN,0.7342447691898082,0.0199385120782338,0.5146233908970484,rdkit2d3d_fp,22
RF+XGB+kNN,0.7334477860007148,0.03758833379555613,0.5087564352869606,rdkit2d3d_fp,22
RF+LGBM+XGB,0.7332722552674948,0.03618414015605689,0.5112319857219615,rdkit2d3d_fp,22
RF+LGBM+kNN,0.7330105044810316,0.02324845500175989,0.5111906186622239,rdkit2d3d_fp,22
XGB+SVM,0.731725236771906,0.036405943895247844,0.5159541964314458,rdkit2d3d_fp,22
RF+LGBM,0.7311154295478663,0.03379355403902836,0.5115913751695895,rdkit2d3d_fp,22
LGBM+XGB,0.7274069773951906,0.029905533061104533,0.5251664313587717,rdkit2d3d_fp,22
RF+XGB,0.7268781325671166,0.05509298182560704,0.5106911420626964,rdkit2d3d_fp,22
XGB+kNN,0.7262234594608963,0.03094299739342885,0.5278119436451807,rdkit2d3d_fp,22
RF+kNN,0.7256017098720471,0.03828304892695976,0.513355244880553,rdkit2d3d_fp,22
LGBM+kNN,0.725474531469364,0.01579074055678355,0.5211281045487498,rdkit2d3d_fp,22
LGBM,0.720329576778538,0.019523233361401188,0.5285053262373711,rdkit2d3d_fp,22
RF,0.7157305626523766,0.05680675685552833,0.5183823990945041,rdkit2d3d_fp,22
XGB,0.7155439819271258,0.0536518670210884,0.5272297896017527,rdkit2d3d_fp,22
SVM+kNN,0.6916175650019138,0.04497906136836646,0.5460671613645056,rdkit2d3d_fp,22
SVM,0.682679221083325,0.043641298502538166,0.5610724063401926,rdkit2d3d_fp,22
kNN,0.6172037984108311,0.04005296987336942,0.6214485705193388,rdkit2d3d_fp,22
ET+LGBM+SVM,0.6864518559573883,0.10142160839092174,0.5093121512524974,rdkit2d3d_fp,23
ET+SVM+kNN,0.682793353022195,0.10119691578756158,0.5134456493392712,rdkit2d3d_fp,23
ET+XGB+SVM,0.6825224556070598,0.10493134360927348,0.5122075123572397,rdkit2d3d_fp,23
ET+SVM,0.682135416003663,0.1012295302537159,0.5131736078677956,rdkit2d3d_fp,23
RF+ET+SVM,0.6796462903849152,0.10821182055629396,0.5180780376200211,rdkit2d3d_fp,23
ET+LGBM+kNN,0.6789048697033322,0.10300273563547757,0.5122902321370163,rdkit2d3d_fp,23
ET+LGBM+XGB,0.6788664487946802,0.10465765331820039,0.5093502130623736,rdkit2d3d_fp,23
LGBM+XGB+SVM,0.6773807276857605,0.09806927340832017,0.5230007095923471,rdkit2d3d_fp,23
ET+LGBM,0.677123558462827,0.10362750178142306,0.5121864644688289,rdkit2d3d_fp,23
RF+ET+LGBM,0.677067860479838,0.10568621788024578,0.5130513303022365,rdkit2d3d_fp,23
RF+LGBM+SVM,0.6767694492473492,0.09755292906990215,0.5272714163565689,rdkit2d3d_fp,23
LGBM+SVM+kNN,0.6751225151121074,0.09644084805234054,0.528051154761638,rdkit2d3d_fp,23
ET+XGB+kNN,0.6751175248106174,0.10760248992129814,0.5128938571252637,rdkit2d3d_fp,23
RF+ET+XGB,0.6744349147530357,0.11260359666717171,0.5131354165869011,rdkit2d3d_fp,23
LGBM+SVM,0.6743229409826703,0.09458208175889832,0.5307099997271789,rdkit2d3d_fp,23
ET+XGB,0.6727242648207972,0.10926231120459047,0.5132900001098667,rdkit2d3d_fp,23
RF+XGB+SVM,0.672423884287453,0.10430141421027468,0.5313027710568313,rdkit2d3d_fp,23
ET+kNN,0.6709519301679833,0.10854143157802905,0.5171142593015912,rdkit2d3d_fp,23
RF+ET+kNN,0.6702443783749468,0.11177026757278313,0.5186133183214797,rdkit2d3d_fp,23
RF+ET,0.6679638914638196,0.113890509181004,0.5179749519652849,rdkit2d3d_fp,23
RF+SVM,0.6669297004671922,0.10240807025585479,0.539924591677466,rdkit2d3d_fp,23
RF+SVM+kNN,0.6667188734628646,0.10408413765788851,0.5391079079985125,rdkit2d3d_fp,23
XGB+SVM+kNN,0.6661248067423371,0.103220440079508,0.5331830921010292,rdkit2d3d_fp,23
XGB+SVM,0.665985790866898,0.10042368737451247,0.535475408431466,rdkit2d3d_fp,23
ET,0.6653867556064623,0.10990533196807581,0.5139410775943056,rdkit2d3d_fp,23
RF+LGBM+XGB,0.6628877192798202,0.10004263915293038,0.5355508201747623,rdkit2d3d_fp,23
LGBM+XGB+kNN,0.6621171306679237,0.09866431568411885,0.5350740859361991,rdkit2d3d_fp,23
RF+LGBM+kNN,0.6609807673990387,0.0993112948720971,0.5403814456208442,rdkit2d3d_fp,23
RF+XGB+kNN,0.6568110922821871,0.10763305377435163,0.5387182570016836,rdkit2d3d_fp,23
RF+LGBM,0.6561949700743372,0.0986031489376368,0.5454002287928892,rdkit2d3d_fp,23
LGBM+XGB,0.655013695890277,0.09535226817523963,0.542610467925303,rdkit2d3d_fp,23
LGBM+kNN,0.6522799016884988,0.09411282973083086,0.5535238153930735,rdkit2d3d_fp,23
RF+XGB,0.6510390183400883,0.10689363395676611,0.5427581419966254,rdkit2d3d_fp,23
XGB+kNN,0.6450425738724517,0.10624302262488132,0.5484326268951536,rdkit2d3d_fp,23
SVM,0.6440922695874403,0.08336924327728301,0.5730387741909266,rdkit2d3d_fp,23
RF+kNN,0.6435909131670312,0.10936797014003155,0.555211167886499,rdkit2d3d_fp,23
LGBM,0.6408615650901732,0.09407739347489065,0.5600693973718671,rdkit2d3d_fp,23
SVM+kNN,0.640166360380522,0.09526776282675063,0.5681299552966435,rdkit2d3d_fp,23
RF,0.6386076326521842,0.10366077630908288,0.5561421129875369,rdkit2d3d_fp,23
XGB,0.6313396668184371,0.1056513506722249,0.5498550860467576,rdkit2d3d_fp,23
kNN,0.5439226379594236,0.12899635529693218,0.6515581402016529,rdkit2d3d_fp,23
RF+ET+kNN,0.7057137134049571,0.047295313627234346,0.5140313405792531,rdkit2d3d_fp,24
RF+ET,0.7053342803001833,0.047425232152277015,0.5151638881513834,rdkit2d3d_fp,24
RF+ET+SVM,0.70529554399916,0.04375412915438823,0.5115094614945528,rdkit2d3d_fp,24
RF+ET+XGB,0.7035874922819977,0.04572861617823285,0.5190228712460977,rdkit2d3d_fp,24
ET+XGB+kNN,0.6991552872725006,0.045040101066207996,0.5244507146925983,rdkit2d3d_fp,24
ET+XGB+SVM,0.698859762989635,0.04231726888064108,0.5198355973652916,rdkit2d3d_fp,24
ET+SVM+kNN,0.698602652004815,0.04293425314383738,0.5146151423569754,rdkit2d3d_fp,24
ET+SVM,0.6971254194631773,0.043494843936327854,0.517266200394398,rdkit2d3d_fp,24
ET+kNN,0.6969589535055876,0.049109703161760145,0.5186939091170737,rdkit2d3d_fp,24
ET+XGB,0.6956424577769379,0.045498780855115516,0.5270270660046801,rdkit2d3d_fp,24
RF+SVM+kNN,0.6943725694069541,0.03878998025655025,0.5254421536595985,rdkit2d3d_fp,24
RF+SVM,0.6932023831028016,0.04016506466922205,0.525894502615001,rdkit2d3d_fp,24
RF+XGB+SVM,0.6929597865441579,0.039516571467845436,0.5293067606033411,rdkit2d3d_fp,24
ET+LGBM+SVM,0.6928225650248636,0.046726891418359465,0.5213678506432887,rdkit2d3d_fp,24
RF+ET+LGBM,0.6910728497809275,0.04893934169151255,0.5279992272911225,rdkit2d3d_fp,24
ET+LGBM+kNN,0.6892834561109792,0.048775475482332804,0.5315149128754078,rdkit2d3d_fp,24
ET,0.6878344677251089,0.046803600095393104,0.5149995244573636,rdkit2d3d_fp,24
ET+LGBM,0.6866715358715314,0.04853242958827217,0.5348215262355144,rdkit2d3d_fp,24
ET+LGBM+XGB,0.6866286972229115,0.04751180572653339,0.5357528679127987,rdkit2d3d_fp,24
RF+XGB+kNN,0.6857960361483624,0.0431364339189993,0.5415657586209017,rdkit2d3d_fp,24
RF+kNN,0.685229118275284,0.0449428362609192,0.5375362928605267,rdkit2d3d_fp,24
RF+LGBM+SVM,0.6828673561334837,0.04528021592614119,0.5311398769930813,rdkit2d3d_fp,24
RF,0.678578342686792,0.048919582092282116,0.5403785885192152,rdkit2d3d_fp,24
RF+XGB,0.6785254911878252,0.0467397928637888,0.5489291446504876,rdkit2d3d_fp,24
XGB+SVM+kNN,0.6783182844431017,0.03733452455950727,0.5459509161495292,rdkit2d3d_fp,24
LGBM+SVM+kNN,0.6756960421049726,0.04566353064114334,0.5405835814822844,rdkit2d3d_fp,24
LGBM+XGB+SVM,0.6750612726111112,0.04674044104669765,0.5426022904222065,rdkit2d3d_fp,24
XGB+SVM,0.6738143557312984,0.041881770269954044,0.5502628597513934,rdkit2d3d_fp,24
LGBM+SVM,0.6725381001532365,0.047663777828750524,0.5439505501285608,rdkit2d3d_fp,24
RF+LGBM+kNN,0.6708563837383513,0.049774164667855045,0.5498170163880907,rdkit2d3d_fp,24
XGB+kNN,0.6641242205571571,0.038216453408578856,0.5710219705150473,rdkit2d3d_fp,24
RF+LGBM+XGB,0.663312491084039,0.05014976244273883,0.5598720107002141,rdkit2d3d_fp,24
RF+LGBM,0.6626162695636915,0.04989717753461028,0.558421590606694,rdkit2d3d_fp,24
LGBM+XGB+kNN,0.6579834518524793,0.0518110867426821,0.5681960017621591,rdkit2d3d_fp,24
SVM+kNN,0.6508966770638998,0.03681609233177698,0.5658322329972771,rdkit2d3d_fp,24
SVM,0.6484649552494661,0.03990318657785071,0.5704592696460317,rdkit2d3d_fp,24
LGBM+kNN,0.6483681335095233,0.05748974123968101,0.5732906692482382,rdkit2d3d_fp,24
XGB,0.6424004298094628,0.05075740952679352,0.5737439230838536,rdkit2d3d_fp,24
LGBM+XGB,0.6415665629433867,0.05689695590457452,0.5833259199371519,rdkit2d3d_fp,24
LGBM,0.6329037630144495,0.06766992682167475,0.5796573183387379,rdkit2d3d_fp,24
kNN,0.558096886835038,0.0622770339737672,0.6414342667689257,rdkit2d3d_fp,24
